Date,Close,High,Low,Open,Volume,Daily Price Change,Daily Return,Daily Trading Range,20-Day Moving Average
2021-09-20,139.41957092285156,141.27277037212733,137.79070269716544,140.2583908056045,123478900,-0.8388198827529436,,3.4820676749618826,
2021-09-21,139.89744567871094,141.0386427665462,139.2634605258952,140.38513114487054,75834000,-0.4876854661596042,0.3427601682433945,1.7751822406509916,
2021-09-22,142.25787353515625,142.82357564689215,140.16081684875996,140.89234513594866,76404300,1.3655283992075908,1.6872558644610791,2.662758798132188,
2021-09-23,143.21376037597656,143.45760318499043,142.05306622379317,143.03818581433492,64838200,0.1755745616416391,0.6719394976644866,1.404536961197266,
2021-09-24,143.30152893066406,143.83798604484667,141.97502355876833,142.07256662788618,53477900,1.2289623027778873,0.061285001145905404,1.8629624860783451,
2021-09-27,141.78970336914062,142.36518367517027,140.2778899497781,141.8872464401241,74150700,-0.09754307098347681,-1.0549961140016384,2.0872937253921577,
2021-09-28,138.41493225097656,141.18498292082313,138.20034939372246,139.72192610299075,108972300,-1.3069938520141875,-2.380124253012972,2.9846335271006694,
2021-09-29,139.312255859375,140.89235227723765,138.53195600356045,138.96112166840754,74602000,0.351134190967457,0.6482852635952607,2.360396273677196,
2021-09-30,138.0150146484375,140.82408826037346,137.80043180958225,140.12181985738948,89056700,-2.1068052089519824,-0.9311752242724181,3.023656450791208,
2021-10-01,139.13670349121094,139.40005789714257,135.68389579904266,138.40517505038864,94639600,0.7315284408223022,0.8127295755687713,3.7161620980999146,
2021-10-04,135.713134765625,138.7075311976416,134.86456666800945,138.26860229461653,98322000,-2.555467528991528,-2.460579156816234,3.8429645296321553,
2021-10-05,137.63462829589844,138.73680249578317,135.92772872481194,136.0545317412187,80861100,1.5800965546797272,1.4158493454534238,2.8090737709712243,
2021-10-06,138.502685546875,138.6489852474294,134.96208396365105,136.03499804431914,83221100,2.4676875025558616,0.6306968396865509,3.6869012837783544,
2021-10-07,139.7609405517578,140.66804355787346,139.2049866756737,139.53660933038944,61732700,0.2243312213683737,0.9084697527088403,1.4630568821997656,
2021-10-08,139.3805389404297,140.62901288949595,139.04891630336158,140.48271316225515,58773200,-1.1021742218254644,-0.27218020272784527,1.580096586134374,
2021-10-11,139.29275512695312,141.2434974770439,138.31738395190774,138.76606124094116,64452200,0.5266938860119694,-0.06298139908476053,2.926113525136145,
2021-10-12,138.02476501464844,139.72191616043952,137.56633938704366,139.7024045703548,73035900,-1.6776395557063495,-0.9103058598769365,2.1555767733958646,
2021-10-13,137.43951416015625,137.9174363658586,135.77162340821164,137.76138833625006,78762700,-0.3218741760938144,-0.4240187291244979,2.1458129576469673,
2021-10-14,140.21932983398438,140.33638447460456,138.02474508035556,138.6099736345154,69907100,1.6093561994689765,2.0225738506240987,2.3116393942489992,
2021-10-15,141.2727813720703,141.3313012712168,139.9755357033759,140.22914177699147,67940300,1.0436395950788437,0.7512883846565233,1.3557655678409049,139.59999313354493
2021-10-18,142.9406280517578,143.22347910319027,139.63412084083484,139.91697189226727,85589200,3.0236561594905424,1.1805860007066071,3.5893582623554323,139.77604598999022
2021-10-19,145.09619140625,145.4960971069184,142.94062972963636,143.38929207620686,76378900,1.706899330043143,1.5080130707916473,2.555467377282042,140.03598327636718
2021-10-20,145.5838623046875,146.0617994269622,144.47194001956103,145.037656955219,58418800,0.5462053494684938,0.33610179130896256,1.5898594074011783,140.20228271484376
2021-10-21,145.79847717285156,145.95454013073487,144.2281290062348,145.14498028007085,61421000,0.6534968927807085,0.14741666058761815,1.7264111245000606,140.3315185546875
2021-10-22,145.02793884277344,146.481232332848,144.97916730862042,146.0033099939033,58883400,-0.9753711511298491,-0.5284954582650547,1.5020650242275906,140.41783905029297
2021-10-25,144.9791259765625,145.69114254666354,143.98424351880567,145.01813426297446,50720600,-0.039008286411956306,-0.03365756046761481,1.7068990278578724,140.57731018066406
2021-10-26,145.6424560546875,147.12500978003416,145.34007843670338,145.65220441024096,60893400,-0.009748355553455212,0.4575348855615502,1.7849313433307827,140.9386863708496
2021-10-27,145.1840057373047,146.04232225315448,144.83287151805337,145.68143968000115,56094900,-0.49743394269646046,-0.31477793618823746,1.2094507351011146,141.2322738647461
2021-10-28,148.81236267089844,149.39757634919977,146.0325493292803,146.1300923838208,100077900,2.6822702870776425,2.499143700552575,3.3650270199194665,141.77214126586915
2021-10-29,146.110595703125,146.2471470636249,142.804088225394,143.59413644564216,124953200,2.516459257482836,-1.81555276677412,3.443058838230911,142.12083587646484
2021-11-01,145.291259765625,146.0130247261565,144.1598259189258,145.3205197027828,74588300,-0.029259937157803506,-0.5607642166929327,1.853198807230683,142.59974212646483
2021-11-02,146.32521057128906,147.8370391039872,144.988941733531,144.9987049719068,69122000,1.3265055993822727,0.7116400582746429,2.848097370456202,143.03427124023438
2021-11-03,147.7589874267578,148.2271614322934,146.13011931995035,146.6860731609645,54511500,1.0729142657933153,0.979856341823071,2.097042112343047,143.49708633422853
2021-11-04,147.24205017089844,148.6758322133497,146.92992422765454,147.84677558220335,60394600,-0.6047254113049121,-0.3498516502189797,1.745907985695169,143.87114181518555
2021-11-05,147.76950073242188,148.66815006608644,146.57781000839395,148.36534609443586,65463900,-0.5958453620139892,0.3582200607171959,2.0903400576924867,144.29058990478515
2021-11-08,146.948974609375,148.0527572213007,146.67547332752292,147.8964665160418,55020900,-0.9474919066668122,-0.5552743421206152,1.3772838937777863,144.67340087890625
2021-11-09,147.31039428710938,147.9160021821263,146.57779832196186,146.71454897260128,56787900,0.5958453145080966,0.24594909811048726,1.338203860164441,145.1376823425293
2021-11-10,144.48748779296875,146.64621090035791,144.4191199061072,146.53876287411308,65187100,-2.0512750811443254,-1.9162982407329388,2.227090994250716,145.4900810241699
2021-11-11,144.43862915039062,145.96242651484354,144.25303577054234,145.5033467129879,41000000,-1.0647175625972807,-0.03381513743815345,1.7093907443012029,145.70104598999023
2021-11-12,146.50942993164062,146.90990439693277,144.05766590459464,144.9856178095641,63804000,1.5238121220765208,1.4336890300266303,2.852238492338131,145.96287841796874
2021-11-15,146.5192108154297,148.35558969382197,145.96243066007273,146.88062009926887,59222800,-0.3614092838391798,0.006675941469169722,2.3931590337492423,146.14180755615234
2021-11-16,147.49598693847656,147.97462166575806,145.87450429964008,146.46058703081326,59256200,1.0353999076633045,0.6666539613548128,2.100117366117985,146.26179733276368
2021-11-17,149.92819213867188,151.4031464578267,147.4862059054811,147.4959684847215,88807000,2.4322236539503876,1.6489975426991377,3.9169405523455794,146.4790138244629
2021-11-18,154.2065887451172,154.9880275581461,149.49844560723523,150.14313374583702,137827700,4.063454999280168,2.8536304916477073,5.4895819509108605,146.89941940307617
2021-11-19,156.82437133789062,157.28346597858675,152.89765298958213,153.9916581394781,117305600,2.8327131984125344,1.6975815456888643,4.38581298900462,147.48924102783204
2021-11-22,157.2834930419922,161.85488526610547,157.26395297389544,157.92816624213555,117467900,-0.6446732001433588,0.29276170545733393,4.590932292210027,148.1044593811035
2021-11-23,157.6644287109375,158.04537802988585,155.36895531169498,157.3811499145866,96041900,0.28327879635091335,0.24219685205211228,2.676422718190878,148.705558013916
2021-11-24,158.18214416503906,158.37750013405517,155.9355132595911,157.01975602804134,69463600,1.1623881369977198,0.32836541402165853,2.441986874464078,149.35546493530273
2021-11-26,153.1711883544922,156.72672078738918,152.73163368073872,155.867151508964,76959800,-2.6959631544718263,-3.167839099031744,3.995087106650459,149.57340621948242
2021-11-29,156.5215606689453,157.4495124904144,155.1051966783485,155.67173929364688,88748200,0.8498213752984327,2.1873384612641322,2.3443158120659007,150.09395446777344
2021-11-30,161.46414184570312,161.67903783874624,156.20898240534294,156.27736517799391,174048100,5.186776667709211,3.1577637966514693,5.470055433403303,150.90259857177733
2021-12-01,160.94647216796875,166.34814584365344,160.71203606659066,163.5935775451036,152052500,-2.6471053771348636,-0.32060968572765747,5.636109777062785,151.63366165161133
2021-12-02,159.95989990234375,160.38969196905754,154.1382116478701,155.0564010804487,136739200,4.903498821895056,-0.6129816033465962,6.251480321187444,152.24370727539062
2021-12-03,158.08447265625,161.13208267929107,156.0136723737617,160.21389314884243,118023100,-2.1294204925924305,-1.1724358712644323,5.11841030552938,152.78582839965821
2021-12-06,161.4837188720703,163.98431110380426,160.46784396248754,160.47760654451426,107497000,1.0061123275560533,2.1502720404500852,3.516467141316724,153.47153930664064
2021-12-07,167.20767211914062,167.59839885439817,164.43357936996645,165.15641265166715,120405400,2.0512594674734714,3.5446008347162827,3.1648194844317175,154.4844741821289
2021-12-08,171.0172119140625,171.87679598965886,166.7388465074218,168.13567063026588,116998900,2.881541283796622,2.278328348598424,5.1379494822370475,155.66981506347656
2021-12-09,170.50926208496094,172.64844463234323,169.8841141404718,170.85114615502485,108923700,-0.3418840700639123,-0.2970167876183205,2.7643304918714193,156.97090377807618
2021-12-10,175.2858123779297,175.4616431808398,170.63627480069655,171.1442122366866,115402700,4.141600141243089,2.8013435953929022,4.825368380143232,158.5132629394531
2021-12-13,171.6619110107422,177.90362873179458,171.45677755961725,176.91705651666257,153237000,-5.255145505920382,-2.067424235895421,6.4468511721773325,159.7708869934082
2021-12-14,170.28465270996094,173.61552681793418,168.2138523400571,171.1833022083099,139380400,-0.8986494983489592,-0.8023086150398595,5.401674477877094,160.95915908813475
2021-12-15,175.1392822265625,175.33463817394934,168.31148231582245,171.0465102933484,131063300,4.092771933214095,2.850890810970652,7.0231558581268985,162.34132385253906
2021-12-16,168.2626495361328,176.93659123544322,166.78769490587976,175.11975249855263,150185800,-6.857102962419816,-3.9263793953054904,10.148896329563456,163.2580467224121
2021-12-17,167.16867065429688,169.44460445182293,165.75232109747262,165.98674232333192,195432700,1.1819283309649506,-0.6501614498831576,3.692283354350309,163.9061508178711
2021-12-20,165.8109130859375,166.6216545378973,163.5740596088574,164.37502357405398,107499100,1.4358895118835164,-0.812208150633198,3.047594929039917,164.35547790527343
2021-12-21,168.9757080078125,169.1808265329912,165.1955026634982,167.57888393978646,91185900,1.396824068026035,1.9086770966846522,3.9853238694930155,164.94008865356446
2021-12-22,171.56419372558594,171.7790897184107,168.15517538914062,169.02452194022183,92135300,2.5396717853641064,1.5318685438819202,3.6239143292700646,165.63507690429688
2021-12-23,172.18936157226562,172.74614168304623,171.2028043307869,171.76934702247985,68356600,0.4200145497857761,0.3643929616687025,1.5433373522593286,166.3354377746582
2021-12-27,176.14540100097656,176.233308952318,172.9610554465104,172.98058061033834,74919600,3.1648203906382264,2.2974935225894555,3.272253505807612,167.48414840698243
2021-12-28,175.1295166015625,177.12218615208815,174.38715798933583,175.9793381325386,79144300,-0.8498215309761008,-0.5767305837343084,2.7350281627523145,168.41454620361327
2021-12-29,175.21739196777344,176.43838502161353,174.00616149267194,175.16854926467977,62348900,0.048842703093669115,0.05017735897190345,2.4322235289415914,169.1022087097168
2021-12-30,174.0647735595703,176.37978661508689,173.95732557045602,175.30530672394408,59773000,-1.2405331643737725,-0.657821917823731,2.4224610446308645,169.75812377929688
2021-12-31,173.44940185546875,175.07086935429706,173.14658304866205,173.9573242504266,64062300,-0.5079223949578591,-0.35353029307274575,1.9242863056350075,170.43259887695314
2022-01-03,177.78636169433594,178.63618304508262,173.58615726537937,173.7033678359508,104487900,4.0829938583851515,2.500417869691507,5.0500257797032475,171.4176933288574
2022-01-04,175.5299835205078,178.69480333397306,174.96344087400894,178.39199939810527,99310400,-2.8620158775974573,-1.26915144239661,3.7313624599641173,172.1200065612793
2022-01-05,170.86093139648438,175.9891036993743,170.58743006603996,175.44210103848545,94537600,-4.581169642001072,-2.659974114039576,5.4016736333343545,172.30266952514648
2022-01-06,168.0087127685547,171.2321387270322,167.65706602936248,168.69246617678775,96904000,-0.6837534082330592,-1.6693217136403704,3.575072697669725,172.1522445678711
2022-01-07,168.1747589111328,170.09904585932276,167.06121343542898,168.8780523594411,86709100,-0.7032934483083011,0.09883186403960575,3.037832423893775,172.0355194091797
2022-01-10,168.19427490234375,168.4970788622131,164.2675561955421,165.1564429133354,106765600,3.037831989008339,0.011604589973734925,4.229522666670988,171.6809425354004
2022-01-11,171.0172119140625,171.1148824378415,166.85607200254188,168.32126400156088,76138300,2.695947912501623,1.6783787755901836,4.258810435299608,171.6487075805664
2022-01-12,171.45675659179688,173.06846173538992,170.7632407657719,172.0330618342014,74805200,-0.5763052424045156,0.2570178011995994,2.3052209696180057,171.7073127746582
2022-01-13,168.19427490234375,172.52146809219963,167.80354809549323,171.70096415486904,84505800,-3.506689252525291,-1.9028014726887754,4.717919996706399,171.36006240844728
2022-01-14,169.0538787841797,169.7473947274692,167.11981439919933,167.36401309283474,80440800,1.6898656913449486,0.5110779676270383,2.627580328269886,171.3996238708496
2022-01-18,165.8597412109375,168.53614912039677,165.47879187832885,167.53005178287384,90956700,-1.6703105719363407,-1.8894198679226593,3.0573572420679227,171.33417739868165
2022-01-19,162.37257385253906,167.1100339648471,162.08930995625337,166.05509393247632,94815000,-3.6825200799372624,-2.1024796812889712,5.0207240085937315,171.16226043701172
2022-01-20,160.69244384765625,165.74246918469564,160.37009990213886,163.10512724510775,91420500,-2.4126833974515023,-1.0347375575931017,5.372369282556775,170.74809722900392
2022-01-21,158.64122009277344,162.470253269675,158.5337720868401,160.60457194151562,122848900,-1.9633518487421782,-1.276490484410997,3.9364811828349104,170.1019485473633
2022-01-24,157.86952209472656,158.5337501042213,151.11010595295735,156.30665983978236,162294600,1.562862254944207,-0.4864422989154904,7.423644151263943,169.38595657348634
2022-01-25,156.07225036621094,158.98309429431202,153.37630245676536,155.29081165334586,115798400,0.7814387128650822,-1.1384538983003956,5.606791837546666,168.38229904174804
2022-01-26,155.98434448242188,160.57527648713483,154.15774320444362,159.70592982008216,108275300,-3.7215853376602865,-0.056323839492800065,6.41753328269121,167.425040435791
2022-01-27,155.5252227783203,160.0380086364196,154.60703355591713,158.68026486629398,121954600,-3.155042087973669,-0.29433832326249965,5.4309750805024635,166.44043197631837
2022-01-28,166.37744140625,166.39698147337538,159.0221785798324,161.86465470605705,179935700,4.512786700192947,6.977786904313277,7.374802893542977,166.05606536865236
2022-01-31,170.7241668701172,170.93906288440527,165.576454917367,166.21138037947398,115541600,4.512786490643208,2.6125690040235794,5.3626079670382865,165.91980361938477
2022-02-01,170.55809020996094,170.78274877423786,168.31145985308757,169.97200754131524,86213900,0.5860826686457017,-0.09727776869609128,2.4712889211502898,165.55839004516602
2022-02-02,171.7595672607422,171.79864739328102,169.30781806090394,170.69486467196293,84914300,1.0647025887792552,0.7044386163694849,2.490829332377075,165.36986923217773
2022-02-03,168.8878173828125,172.1503233892282,168.1259186202505,170.43115497753465,89418100,-1.5433375947221464,-1.6719591948960777,4.024404768977689,165.27121353149414
2022-02-04,168.6041717529297,170.27662529840396,166.93171820745542,167.90975737649003,82465400,0.6944143764396529,-0.16794913586921645,3.3449070909485386,165.30098648071288
2022-02-07,167.89019775390625,170.12990075671365,167.19578341710826,169.0638417050099,77251200,-1.1736439511036565,-0.4234616448694273,2.9341173396053932,165.28675842285156
2022-02-08,170.99061584472656,171.4992004689829,167.6652732075989,167.95868798788894,74829200,3.0319278568376262,1.8466939299010887,3.8339272613840194,165.42657546997071
2022-02-09,172.40875244140625,172.77062217708496,171.05905354274313,172.1838075995271,71285000,0.224944841879136,0.8293651611662067,1.7115686343418304,165.49615249633788
2022-02-10,168.34011840820312,171.62633103104866,167.78264377127414,170.31576195955012,90865900,-1.975643551346991,-2.3598767322360104,3.8436872597745264,165.3403205871582
2022-02-11,164.9365234375,169.27901969811438,164.34969397169522,168.545490327705,98670700,-3.6089668902050107,-2.021856110644904,4.929325726419165,165.17743301391602
2022-02-14,165.1712646484375,165.8558891027738,162.9022065441299,163.69441590726865,86185500,1.4768487411688511,0.1423221528168428,2.953682558643891,164.9833023071289
2022-02-15,168.9954071044922,169.15189697697923,166.5111938044669,167.2153833069629,62527400,1.7800237975292816,2.3152589309007654,2.6407031725123318,165.14008560180665
2022-02-16,168.76063537597656,169.5332796330186,166.31553783336227,168.07601104878276,61177400,0.6846243271938022,-0.13892195802129859,3.2177417996563236,165.45948867797853
2022-02-17,165.1712646484375,168.1347222265384,164.7702649952927,167.27404295611913,69589300,-2.102778307681632,-2.126900458476244,3.3644572312456944,165.68342971801758
2022-02-18,163.62591552734375,166.7947521007373,162.54029172105788,166.09057780285292,82772700,-2.46466227550917,-0.9356040981964853,4.254460379679415,165.9326644897461
2022-02-22,160.71139526367188,163.0293432010753,158.58903724171788,161.35688974047144,91162800,-0.6454944767995698,-1.7812094461190808,4.440305959357431,166.07475814819335
2022-02-23,156.55474853515625,162.50121399005073,156.24176881453317,161.90460945584556,90009200,-5.349860920689309,-2.586404480961668,6.2594451755175555,166.09888305664063
2022-02-24,159.16610717773438,159.27369208830245,148.66196063900136,149.22922517438823,141147500,9.936882003346142,1.6680162479975502,10.61173144930109,166.25797119140626
2022-02-25,161.2297821044922,161.4938419663862,157.33717500506495,160.24195287546036,91974200,0.9878292290318313,1.29655424973949,4.156666961321264,166.54319915771484
2022-02-28,161.4938201904297,161.78723492110947,158.86289248069977,159.479061922758,95056600,2.014758267671681,0.16376508266096046,2.9243424404097027,166.29901809692382
2022-03-01,159.6160125732422,162.94135518491746,158.41302839932598,161.08307153976776,83474400,-1.4670589665255704,-1.1627736683504253,4.528326785591474,165.74361038208008
2022-03-02,162.90220642089844,163.68464076398826,159.37148431939156,160.77986315221446,79724800,2.122343268683977,2.0588121421391437,4.3131564445967,165.36081619262694
2022-03-03,162.57945251464844,165.20060533866413,161.91439302006907,164.77026570160976,76678400,-2.1908131869613214,-0.19812740007713048,3.2862123185950622,164.90181045532228
2022-03-04,159.5866241455078,161.9143617747294,158.54013016070306,160.87764280753723,83737200,-1.2910186620294155,-1.8408404769790776,3.3742316140263426,164.43675079345704
2022-03-07,155.80162048339844,161.39600492959968,155.54732078440395,159.7724565579089,96418800,-3.9708360745104585,-2.3717549527573767,5.848684145195733,163.79662322998047
2022-03-08,153.9824981689453,159.30303394754864,152.3785144348394,155.33219707675556,131148300,-1.3496989078102501,-1.167588827901156,6.924519512709253,163.10123825073242
2022-03-09,159.3714599609375,159.82136448965088,155.9092082958325,157.93374136581392,91454900,1.4377185951235845,3.499723576428515,3.9121561938183618,162.52028045654296
2022-03-10,155.0387725830078,156.86770104560523,152.55454474714313,156.68187121650195,105342000,-1.6430986334941338,-2.7186093287917656,4.313156298462104,161.65178146362305
2022-03-11,151.33200073242188,155.78208206231224,151.10705589580672,155.4397623739769,96970100,-4.107761641555015,-2.390867644802419,4.675026166505518,160.80137557983397
2022-03-14,147.31224060058594,150.73537736075448,146.80367102699051,148.1240148231261,108732100,-0.8117742225401514,-2.6562525522565994,3.9317063337639695,159.92016143798827
2022-03-15,151.68408203125,152.1535515492418,147.0775261791108,147.58609577139651,92964300,4.097986259853485,2.9677380595395597,5.076025370130992,159.2458023071289
2022-03-16,156.0852813720703,156.48628104894496,151.06795013405093,153.60106822684398,102300200,2.4842131452263345,2.9015564994575804,5.418330914894028,158.6002960205078
2022-03-17,157.09266662597656,157.46432633327734,154.16833868809496,155.1268130175759,75615400,1.9658536084006641,0.6454069500024584,3.295987645182379,158.01689758300782
2022-03-18,160.3788604736328,160.86788006337628,156.25153394230247,156.98506332691767,123511700,3.393797146715144,2.091882401793055,4.6163461210738035,157.77727737426758
2022-03-21,161.74815368652344,162.69685305700403,159.43019026159942,159.91920994025145,95811400,1.8289437462719889,0.8537865955942081,3.2666627954046135,157.68338928222656
2022-03-22,165.1125946044922,165.6994092047397,161.2884575262128,161.87527212646032,81532000,3.237322478031871,2.08004903999659,4.410951678526914,157.90344924926757
2022-03-23,166.47203063964844,168.84865833026834,163.9682381752626,164.30078278901993,98062700,2.171247850628504,0.8233387879420295,4.880420155005737,158.3993133544922
2022-03-24,170.2472686767578,170.31572365157868,166.47203725633872,167.30336151454603,90131400,2.9439071622117865,2.2677911854642963,3.8436863952399563,158.95337142944337
2022-03-25,170.8830108642578,171.43071043053845,168.95627243907444,170.06146151483682,80546200,0.8215493494209909,0.3734228410483764,2.474437991464015,159.43603286743163
2022-03-28,171.74368286132812,171.87081780430975,168.22273590773543,168.38900077447545,90371900,3.3546820868526765,0.503661535876132,3.6480818965743254,159.94852600097656
2022-03-29,175.02989196777344,175.0787819860724,172.46741925958432,172.8097389298353,100589400,2.2201530379381325,1.9134381257555289,2.611362726488096,160.71921997070314
2022-03-30,173.86599731445312,175.6655854938626,172.8194884204446,174.62886654102215,92633200,-0.7628692265690233,-0.664969074845001,2.846097073418008,161.26740951538085
2022-03-31,170.7754364013672,174.12032889178556,170.57004158960083,173.9344990439243,103049300,-3.159062642557103,-1.7775533806626775,3.550287302184728,161.6772087097168
2022-04-01,170.48199462890625,171.0394840841696,168.16404671715162,170.20814487239906,78751300,0.27384975650718957,-0.17182902801740063,2.8754373670179803,162.22197723388672
2022-04-04,174.5213165283203,174.57022147286082,170.60915974417932,170.73630961524591,76468400,3.7850069130743975,2.3693539650369466,3.9610617286815,163.1579620361328
2022-04-05,171.2155303955078,174.3843825989403,170.58958593943763,173.60194829792937,73401800,-2.386417902421556,-1.894201922477512,3.79479665950268,164.01961364746094
2022-04-06,168.0564422607422,169.81691543605135,166.39377895438548,168.57480173407063,89058800,-0.5183594733284451,-1.8450943833588807,3.423136481665864,164.45386276245117
2022-04-07,168.35964965820312,169.55285855113002,166.11994669119974,167.4011755212215,77594700,0.9584741369816356,0.1804199787774241,3.4329118599302717,165.11990661621093
2022-04-08,166.3546142578125,168.0075022011834,165.48416033140677,168.0075022011834,76575500,-1.6528879433708994,-1.19092395622179,2.5233418697766297,165.87103729248048
2022-04-11,162.10997009277344,165.31793693449984,161.8654603339608,165.00497220353915,72246700,-2.8950021107657165,-2.551563828858283,3.452476600539029,166.61092376708984
2022-04-12,163.97805786132812,166.13951616252308,162.98045368647982,164.3301525745867,79265200,-0.3520947132585661,1.1523583450700814,3.1590624760432604,167.22562255859376
2022-04-13,166.65785217285156,167.28379658301122,163.10758048377514,163.71395993382896,70618900,2.9438922390226026,1.6342395723394132,4.176216099236086,167.7542510986328
2022-04-14,161.66009521484375,167.50878046321276,161.4155854111937,166.87304601950618,75329400,-5.212950804662427,-2.9988127729045244,6.09319505201907,167.98262252807618
2022-04-18,161.44493103027344,162.94132974863555,159.977872292766,160.32017704396847,69023900,1.1247539863049667,-0.13309665832149653,2.963457455869559,168.0359260559082
2022-04-19,163.7237548828125,164.1345444765827,160.31040765157212,161.39603175237912,67723800,2.327723130433384,1.4115177466375473,3.8241368250105836,168.13470611572265
2022-04-20,163.5574951171875,165.17126878968486,162.45232094308298,165.05389393478876,67929800,-1.4963988176012606,-0.10154895711010914,2.7189478466018784,168.05695114135742
2022-04-21,162.76524353027344,167.7630232618858,162.2664490283051,165.2005659371102,87227800,-2.435322406836775,-0.4843872097371138,5.496574233580702,167.87161178588866
2022-04-22,158.2369384765625,164.1834179598548,157.95331370568277,162.8043941791054,84882400,-4.567455702542901,-2.782108118106119,6.2301042541720335,167.2710952758789
2022-04-25,159.30300903320312,159.58663379803306,154.9800781201004,157.58165071304833,96046400,1.721358320154792,0.6737178859148152,4.6065556779326755,166.69209518432618
2022-04-26,153.3565673828125,158.77489861463468,153.27832244686795,158.68687865808295,95623200,-5.3303112752704465,-3.732786773130714,5.496576167766733,165.7727394104004
2022-04-27,153.13157653808594,156.28084845296394,151.96770771639416,152.48606720314393,88063200,0.6455093349420054,-0.1467109290239521,4.313140736569778,164.677823638916
2022-04-28,160.04632568359375,160.9070049099631,155.43975472715812,155.7527344180899,130216800,4.2935912655038635,4.515560606004754,5.467250182804975,163.98684005737306
2022-04-29,154.18785095214844,162.55008785176082,153.7966412998766,158.28583697775457,131747600,-4.097986025606133,-3.6604868661760603,8.753446551884224,163.1574607849121
2022-05-02,154.49107360839844,154.7551334388098,149.9040675207667,153.2685246478865,123055300,1.2225489605119435,0.19665794313723506,4.851065918043105,162.35791473388673
2022-05-03,155.97767639160156,157.18067526746918,152.88708408047324,154.67688255687574,88966500,1.3007938347258232,0.9622580440934447,4.29359118699594,161.43073272705078
2022-05-04,162.3740692138672,162.82395888042848,155.76251479077115,156.1635144371754,108256500,6.210554776691794,4.100838639374693,7.0614440896573285,160.98865966796876
2022-05-05,153.3271942138672,160.47665766238154,151.5471558846843,160.25171284753384,130525300,-6.924518633666651,-5.571625471850505,8.929501777697254,160.252197265625
2022-05-06,154.05201721191406,156.16768941381943,151.01563498071906,152.80807823964273,116124600,1.2439389722713372,0.4727295779220153,5.152054433100375,159.53681564331055
2022-05-09,148.93914794921875,152.63177739233632,148.38085428930862,151.75023984870148,131577900,-2.811091899482733,-3.3189239292219397,4.250923103027702,158.66604232788086
2022-05-10,151.33883666992188,153.52307898712107,149.7912627423493,152.32811702969943,115366700,-0.9892803597775526,1.611187356544641,3.731816244771778,158.1274856567383
2022-05-11,143.49327087402344,152.2595803376125,142.81742986905113,150.34960463592216,142689800,-6.856333761898725,-5.18410605534787,9.44215046856138,157.10324630737304
2022-05-12,139.63414001464844,143.1994331763469,135.95131447864176,139.83983661531016,182602000,-0.20569660066172446,-2.6894159118883265,7.248118697705138,155.7520606994629
2022-05-13,144.09071350097656,145.0604001115948,140.17280954058904,141.62242982115953,113990900,2.4682836798170342,3.191607357527748,4.887590571005745,154.87359161376952
2022-05-16,142.55296325683594,144.4923369438145,141.22087499257742,142.56276758428663,86643800,-0.009804327450694927,-1.0672098199653979,3.271461951237086,153.92899322509766
2022-05-17,146.17701721191406,146.69613834453236,143.66954586445135,145.80481151470883,78336300,0.37220569720523144,2.542250874538965,3.026592480081007,153.05165634155273
2022-05-18,137.92984008789062,144.33560760113403,137.0287088681347,143.83608013972986,109742900,-5.906240051839234,-5.641910938754091,7.306898732999343,151.7702735900879
2022-05-19,134.53106689453125,138.75260707730666,133.7964597180681,137.00914057415054,136095600,-2.4780736796192855,-2.4641319029976683,4.956147359238571,150.3585647583008
2022-05-20,134.76609802246094,137.8122689524701,129.88831177177445,136.2353120090451,137426100,-1.4692139865841511,0.1747039797981742,7.923957180695652,149.1850227355957
2022-05-23,140.1728515625,140.31976702681078,134.82490447725766,134.96203055915507,117726300,5.2108210033449325,4.011953762390563,5.494862549553119,148.22851486206054
2022-05-24,137.4792938232422,139.05625126128453,134.51148183512868,137.92005516834,104132700,-0.44076134509782605,-1.9215973059211189,4.544769426155852,147.43465118408204
2022-05-25,137.63600158691406,138.87992561613757,135.50073567160547,135.5888849437953,92482700,2.0471166431187555,0.11398644793254586,3.3791899445321008,146.65987243652344
2022-05-26,140.82907104492188,141.37757526410218,134.32535040420584,134.57021942674126,90601500,6.258851618180614,2.3199376770557167,7.0522248598963415,145.69900970458986
2022-05-27,146.56881713867188,146.6079896103765,142.27870662441157,142.4060433122878,90978500,4.162773826384068,4.075682706107697,4.329282985964937,145.31805801391602
2022-05-31,145.78521728515625,147.5678709384086,143.82626511004062,146.01050754614022,103718400,-0.22529026098396798,-0.5346293084798837,3.741605828367966,144.8827651977539
2022-06-01,145.65789794921875,148.62570934761555,144.649023812494,146.82346195823692,74286600,-1.1655640090181691,-0.08733350219485292,3.976685535121561,144.36677627563478
2022-06-02,148.1065673828125,148.16533354946895,143.84584095281429,144.79593383540592,72348100,3.3106335474065816,1.6811099625009263,4.319492596654669,143.65340118408204
2022-06-03,142.396240234375,144.93307974702813,141.49512401563555,143.88503314588232,88570300,-1.4887929115073177,-3.8555529638857666,3.4379557313925773,143.10685348510742
2022-06-06,143.140625,145.52075950090375,141.92606935448035,144.01235806018855,71598400,-0.8717330601885465,0.5227559129368897,3.594690146423403,142.56128387451173
2022-06-07,145.65789794921875,145.94193944320352,141.1425125135875,141.3873815394989,67808200,4.270516409719846,1.7586013399192302,4.799426929616033,142.39722137451173
2022-06-08,144.9232940673828,146.79408210793065,144.4335560047601,145.5305644824367,53950200,-0.6072704150538755,-0.5043350839046501,2.3605261031705425,142.07644424438476
2022-06-09,139.71249389648438,144.91351047437155,139.60475090946733,144.0613709060868,69473000,-4.3488770096024325,-3.5955573632460047,5.308759564904221,141.8874053955078
2022-06-10,134.31553649902344,137.87102389401954,134.24696601133667,137.40087964136862,91437900,-3.085343142345181,-3.8629024841970394,3.6240578826828767,141.62147521972656
2022-06-13,129.1732940673828,132.4251464748058,128.74232225475177,130.1429657001856,122207100,-0.9696716328028003,-3.8284792405069323,3.6828242200540444,140.87560424804687
2022-06-14,130.03526306152344,131.14207601932122,128.7815346427886,130.3976794412042,84784300,-0.36241637968075224,0.6672965959132249,2.360541376532609,140.24971923828124
2022-06-15,132.6504364013672,134.5212392737676,129.44756042743367,131.53383428431485,91533000,1.116602117052338,2.0111262731913326,5.073678846333934,139.5733901977539
2022-06-16,127.3906707763672,129.67285209068328,126.39160087860697,129.36921686332985,108123900,-1.9785460869626519,-3.9651325451242725,3.281251212076313,139.04643173217772
2022-06-17,128.85989379882812,130.34870189215334,127.145810351483,127.40048374314352,134520300,1.4594100556846001,1.153320736524055,3.2028915406703504,138.76287307739258
2022-06-21,133.08140563964844,134.2469845261448,130.58375367786297,130.68169231513036,81000500,2.399713324518075,3.2760478969591666,3.6632308482818132,138.67863845825195
2022-06-22,132.5720977783203,134.93262385029735,131.16164978530637,132.0235786011109,73409200,0.548519177209414,-0.3827039990148662,3.7709740649909804,138.29860076904296
2022-06-23,135.4321746826172,135.74559928638683,132.84635818263115,134.0119372202921,72433800,1.4202374623250762,2.1573747057086923,2.899241103755685,138.1962448120117
2022-06-24,138.7525634765625,138.99743245843743,136.90135457141264,137.02867627896833,89116800,1.7238871975941663,2.451698646740774,2.0960778870247907,138.25207290649413
2022-06-27,138.7525634765625,140.54500621736102,138.07672269528902,139.77121186509095,70207900,-1.0186483885284474,0.0,2.4682835220719994,138.14824752807618
2022-06-28,134.61920166015625,140.47646473111445,134.50166930718802,139.212947099847,67083400,-4.593745439690764,-2.97894446981114,5.974795423926423,137.5507667541504
2022-06-29,136.37246704101562,137.7829151592785,133.8650103621575,134.63880492913648,66242400,1.7336621118791413,1.3023887820145186,3.917904797120997,137.08012924194335
2022-06-30,133.91397094726562,135.5301005021527,131.02451949836083,134.43309207438057,98964500,-0.5191211271149427,-1.8027803904218986,4.50558100379186,136.4929328918457
2022-07-01,136.07862854003906,136.1863715256026,132.87575195629162,133.24794276909347,71051600,2.8306857709455926,1.616453890106695,3.3106195693109726,135.89153594970702
2022-07-05,138.65463256835938,138.70360936186282,134.1196535002059,134.94242477245444,73353800,3.7122077959049307,1.893026154038857,4.583955861656904,135.70445556640624
2022-07-06,139.98675537109375,141.16212397864905,138.1845225098008,138.44898530382812,74064300,1.537770067265626,0.9607488607188186,2.9776014688482633,135.54676208496093
2022-07-07,143.34634399414062,143.5422362397496,140.3393449670909,140.34913434840425,66253700,2.997209645736376,2.3999332037812238,3.2028912726586896,135.43118438720703
2022-07-08,144.02215576171875,144.52169812610057,142.02403114104803,142.2786895406023,64547800,1.7434662211164493,0.47145378720350184,2.497666985052547,135.38612747192383
2022-07-11,141.89669799804688,143.63037488194183,140.82907263468897,142.6802818681296,63141600,-0.7835838700827367,-1.4757852723635057,2.8013022472528633,135.49533767700194
2022-07-12,142.86639404296875,145.40323372369386,142.07302074051665,142.76844044820817,77588800,0.09795359476058252,0.6833816844245444,3.330212983177205,135.92288055419922
2022-07-13,142.50399780273438,143.44428658574307,139.20315284375937,140.05530730128564,71185600,2.4486905014487377,-0.2536609415125124,4.2411337419837025,136.58941574096679
2022-07-14,145.42283630371094,145.89298070687985,140.30996921418316,141.1229362743088,78140700,4.299900029402124,2.048250256822315,5.5830114926966985,137.35879440307616
2022-07-15,147.0879364013672,147.76377735798872,145.1583671279135,146.7059412883577,76259900,0.38199511300948075,1.145005928902898,2.605410230075222,138.08066940307617
2022-07-18,144.0515594482422,148.45920196700573,143.6891431225671,147.64623499784832,81420900,-3.594675549606137,-2.0643276582788306,4.770058844438637,138.91371383666993
2022-07-19,147.90089416503906,148.1261694879342,143.8948404199678,144.88410592104603,82982400,3.016788243993034,2.672192325817857,4.231329067966385,139.86576385498046
2022-07-20,149.8990478515625,150.56509951384282,147.2838478982926,148.01845513052425,64823400,1.880592721038255,1.3510085235142189,3.281251615550218,140.70664596557617
2022-07-21,152.16163635253906,152.37712231601844,148.82161886422966,151.3290755894941,65086600,0.8325607630449667,1.5094081873135545,3.5555034517887805,141.6861228942871
2022-07-22,150.92747497558594,153.07253011561605,150.2614383736218,152.20079694797485,66675400,-1.2733219723889135,-0.8110857680931671,2.811091741994261,142.46088790893555
2022-07-25,149.81088256835938,151.85798424989775,149.1546353044719,150.849124954379,53623900,-1.0382423860196184,-0.7398205047869366,2.7033489454258586,143.0138038635254
2022-07-26,148.488525390625,149.94793465079155,147.70494182412827,149.13496800829236,55138700,-0.6464426176673612,-0.8826843251063421,2.242992826663283,143.5006019592285
2022-07-27,153.57203674316406,154.10096215711584,149.0370729884084,149.44845111836102,78620700,4.123585624803042,3.4235045025640787,5.063889168707448,144.4482437133789
2022-07-28,154.12059020996094,154.40463173955777,151.2409277129022,153.75817384315252,81378700,0.36241636680841793,0.35719619172225325,3.16370402665558,145.33564987182618
2022-07-29,159.1746368408203,160.27166010634335,156.2264195082653,157.93071310150503,101786900,1.243923739315278,3.279280610056179,4.045240598078038,146.59868316650392
2022-08-01,158.19517517089844,160.23248719622674,157.5879047882323,157.70543713439503,67829400,0.48973803650341097,-0.6153377757672329,2.6445824079944487,147.7045104980469
2022-08-02,156.72596740722656,159.07671904499605,156.35377664743476,156.81413161603723,59907000,-0.08816420881066733,-0.9287310830337847,2.7229423975612974,148.60807723999022
2022-08-03,162.7203826904297,163.17093336402678,157.45079605540153,157.53894532472003,82507500,5.181437365709655,3.824774785168583,5.7201373086252545,149.74475860595703
2022-08-04,162.4069366455078,163.75861850349844,161.0552547875172,162.60282888470158,55474100,-0.19589223919376764,-0.19262863062349256,2.703363715981226,150.6977882385254
2022-08-05,162.18136596679688,162.67178435198056,159.876393569881,160.08237587686597,56697000,2.0989900899309077,-0.13889226862476844,2.7953907820995596,151.6057487487793
2022-08-08,161.71054077148438,164.59420304327227,161.05338198319762,163.18179581085533,60276900,-1.4712550393709591,-0.29030782451844317,3.5408210600746486,152.59644088745117
2022-08-09,161.7595977783203,162.64235984823435,160.12160217379457,160.87685067478762,63135500,0.8827471035326937,0.030336307455214317,2.5207576744397784,153.54110107421874
2022-08-10,165.99681091308594,166.09488560468589,163.70164162721542,164.46669306704544,70170500,1.530117846040497,2.619450835042514,2.393243977470462,154.71574172973632
2022-08-11,165.26116943359375,167.713261012407,164.9669154508603,166.80107516257124,57149200,-1.5399057289774873,-0.44316603159163526,2.74634556154669,155.70765838623046
2022-08-12,168.802001953125,168.87065273956517,166.1537308916434,166.56569547580563,68039400,2.236306477319374,2.142567749984403,2.716921847921782,156.79336166381836
2022-08-15,169.87107849121094,170.06724280100903,168.0663428948643,168.23308330651162,54091700,1.6379951846993208,0.6333316700727343,2.000899906144724,158.0843376159668
2022-08-16,169.7141876220703,170.3811644180383,168.37044601656845,169.46897842594916,56377100,0.24520919612115222,-0.09235878793149022,2.010718401469859,159.17500228881835
2022-08-17,171.20504760742188,172.7743773350279,169.26299514755854,169.45915949271176,79542000,1.7458881147101124,0.878453361053988,3.5113821874693656,160.24030227661132
2022-08-18,170.81271362304688,171.54834118381174,169.8024529702403,170.4203849105247,62290100,0.39232871252218615,-0.2291602904574641,1.7458882135714475,161.17285614013673
2022-08-19,168.23312377929688,170.4105825645676,168.02714147630917,169.71418188591318,70346300,-1.4810581066163024,-1.5101860915591403,2.3834410882584223,162.03813858032225
2022-08-22,164.35877990722656,166.60488891273792,163.93701242863682,166.43814850327874,69026800,-2.079368596052177,-2.3029613818221772,2.6678764841011002,162.76553344726562
2022-08-23,164.0253143310547,165.47696339789675,163.4564272588674,163.87819481513557,54147100,0.14711951591911543,-0.20288881212193743,2.0205361390293604,163.5423728942871
2022-08-24,164.31954956054688,164.88843656775538,163.0640799468379,164.1135822617859,53841500,0.20596729876098152,0.17938403635571198,1.8243566209174844,164.07974853515626
2022-08-25,166.77166748046875,166.87956011908489,165.1238689631101,165.5456215718219,51218200,1.226045908646853,1.4922861743960292,1.7556911559747732,164.71230239868163
2022-08-26,160.48451232910156,167.77213753118554,160.42566451575846,167.3013400580589,78961000,-6.81682772895735,-3.7699180240573504,7.34647301542708,164.7777961730957
2022-08-29,158.2873992919922,159.7782599974509,156.75729674532928,158.06179612101135,73314000,0.2256031709808326,-1.369049888505014,3.020963252121618,164.78240737915038
2022-08-30,155.86477661132812,159.4448248788866,154.69757844618866,159.02307224651202,77906200,-3.1582956351838902,-1.5305215017116125,4.747246432697949,164.73934783935547
2022-08-31,154.20713806152344,157.50274977749038,154.12866933419335,157.23791969354875,87991100,-3.0307816320253096,-1.0635106826850649,3.374080443297032,164.31368560791014
2022-09-01,154.93296813964844,155.38414463005734,151.70600708998924,153.63825654168207,74229900,1.2947115979663693,0.4706851364010278,3.678137540068093,163.9399871826172
2022-09-02,152.82415771484375,157.286967514474,152.00025851175562,156.6886565527691,76957800,-3.864498837925339,-1.361111485906552,5.286709002718368,163.47212677001954
2022-09-06,151.56871032714844,154.07965015411935,150.74481100262022,153.47153612406976,73714800,-1.90282579692132,-0.821497992508402,3.334839151499125,162.96503524780275
2022-09-07,152.97132873535156,153.66771454965397,150.66635604545868,151.85317527366345,87449600,1.1181534616881095,0.9254010311070759,3.001358504195281,162.5256217956543
2022-09-08,151.50003051757812,153.36361410419434,149.75412756943635,151.6765739248584,84923800,-0.1765434072802634,-0.9618130599616248,3.609486534757991,161.8007827758789
2022-09-09,154.35427856445312,154.79566708651402,151.7844910019974,152.49069467763707,68028800,1.863583886816059,1.8839917306444631,3.01117608451662,161.25543823242188
2022-09-12,160.29811096191406,161.11220709833708,156.24726616785827,156.53170218353472,104956000,3.7664087783793434,3.8507726852411217,4.864940930478809,160.83024368286132
2022-09-13,150.8919219970703,157.46352522744408,150.43092752735453,156.83579030622826,122656600,-5.943868309157949,-5.8679350045981575,7.032597700089553,159.88128585815429
2022-09-14,152.33372497558594,154.0894308134101,150.66630580332588,151.82368576965968,87965400,0.5100392059262617,0.955520321719816,3.4231250100842203,159.01226272583008
2022-09-15,149.45005798339844,152.26506901475514,148.47903939265456,151.6863640849109,90481100,-2.2363061015124686,-1.892993158704459,3.7860296221005854,157.9245132446289
2022-09-16,147.81204223632812,148.44959487507353,145.52669163223447,148.31227837796118,162278800,-0.500236141633053,-1.096028846808661,2.9229032428390553,156.77447967529298
2022-09-19,151.51966857910156,151.59813732109004,146.24277663621996,146.4487439883553,81474200,5.070924590746273,2.5083384862821356,5.355360684870078,155.9388069152832
2022-09-20,153.8932647705078,155.05065980282333,150.14647654096677,150.4603364872082,107689800,3.432928283299617,1.566526784057154,4.904183261856559,155.41553115844727
2022-09-21,150.77418518066406,155.69798850992015,150.6564895920879,154.32480845556432,101696800,-3.5506232749002606,-2.0267810904493144,5.041498917832257,154.75297470092772
2022-09-22,149.81300354003906,151.50984684718208,148.0180705759549,149.4599017279835,86652500,0.35310181205557,-0.6374974863722627,3.4917762712271667,154.02764739990235
2022-09-23,147.5472412109375,148.5673196468233,145.71308157487604,148.29268659863374,96029900,-0.7454453876962361,-1.512393634439091,2.8542380719472646,153.0664260864258
2022-09-26,147.8807373046875,150.82324708343862,146.77238716545008,146.79200808789446,93339400,1.0887292167930411,0.22602665492961194,4.050859917988532,152.43623733520508
2022-09-27,148.8517608642578,151.75504386028683,147.0764489671257,149.81299153282302,84442700,-0.9612306685652072,0.656626128100557,4.678594893161119,151.96445541381837
2022-09-28,146.9685516357422,147.75322390412563,142.06436866631904,144.81071412247172,146691400,2.157837513270465,-1.265157508101622,5.688855237806592,151.51964416503907
2022-09-29,139.74960327148438,143.9083561021041,137.98409428837317,143.3002421615135,128138200,-3.55063889002912,-4.911900052025953,5.924261813730936,150.7967674255371
2022-09-30,135.5515899658203,140.35769739354438,135.3554256755078,138.5725679290359,124925300,-3.0209779632155858,-3.003953648089286,5.002271718036582,149.82769851684571
2022-10-03,139.72019958496094,140.32832857992096,135.05142179088293,135.5614611189966,114311700,4.158738465964348,3.075293783121058,5.276906789038037,149.17250061035156
2022-10-04,143.30026245117188,143.41795807791704,141.4955113649154,142.25075989142124,87830100,1.0495025597506356,2.5623087261867017,1.9224467130016478,148.75907821655272
2022-10-05,143.59446716308594,144.55569777280346,140.2694318056122,141.30913113651346,79471000,2.2853360265724803,0.20530647109897604,4.2862659671912695,148.29023513793945
2022-10-06,142.64308166503906,144.7126478104947,142.43711432828448,143.0158044200555,68402200,-0.37272275501644003,-0.6625502478214251,2.2755334822102213,147.8473876953125
2022-10-07,137.4053955078125,140.35772324812106,136.7776606833551,139.80844218113944,85925600,-2.4030466733269407,-3.671882362669321,3.580062564765967,146.99994354248048
2022-10-10,137.72906494140625,139.17089585032406,135.91452632499212,137.72906494140625,74899000,0.0,0.23555802332038134,3.256369525331934,145.8714912414551
2022-10-11,136.31666564941406,138.64125855443186,135.57123522583825,137.21903351996755,77033700,-0.9023678705534905,-1.0254910919442195,3.0700233285936065,145.14272842407226
2022-10-12,135.68896484375,137.67025945099226,135.51242139642648,136.46383432846753,70433700,-0.7748694847175273,-0.46047253479513106,2.1578380545657865,144.31049041748048
2022-10-13,140.24986267089844,140.83835578471064,131.79503908177543,132.40316808901153,113224000,7.846694581886908,3.3612886887304683,9.043316702935215,143.85048065185546
2022-10-14,135.72817993164062,141.75051634248345,135.5418185741853,141.54453406151188,88598000,-5.816354129871257,-3.224019370249298,6.208697768298151,143.24628753662108
2022-10-17,139.68096923828125,140.16156968133146,137.5819791306435,138.36665154683308,85250900,1.3143176914481671,2.9122834393207286,2.5795905506879535,142.65435256958008
2022-10-18,140.9952850341797,143.88875049899616,137.91545818930572,142.70194639396894,99136600,-1.7066613597892513,0.9409412055670696,5.973292309690436,142.00945358276368
2022-10-19,141.10317993164062,142.1722884311379,138.78840452952474,138.97476591255997,61758300,2.128414019080651,0.07652376278737272,3.38388390161316,141.5259033203125
2022-10-20,140.64219665527344,143.0942888035043,139.91637199149932,140.27929180657773,64522000,0.36290484869570605,-0.3266994242018595,3.1779168120049803,141.0673629760742
2022-10-21,144.4477996826172,145.01668666487555,139.91632474569775,140.13210997918807,86548600,4.315689703429115,2.705875702916982,5.1003619191778,140.9123908996582
2022-10-24,146.58604431152344,147.3510957532076,143.2021606323234,144.3693587197694,75981900,2.216685591754043,1.4802888196320252,4.148935120884204,140.84765625
2022-10-25,149.42068481445312,149.5678193244191,146.49779513966664,147.21380186240924,74732300,2.206882952043884,1.9337724244100185,3.0700241847524694,140.87610244750977
2022-10-26,146.4879913330078,149.0774000501519,145.20308247196704,148.06713927955596,88194300,-1.5791479465481473,-1.9627091691401755,3.874317578184872,140.85207443237306
2022-10-27,142.025146484375,146.1937021462339,141.36798774070627,145.23248644302674,109180200,-3.207339958651744,-3.0465602047116125,4.825714405527634,140.9658515930176
2022-10-28,152.75550842285156,154.48177557471033,144.98728378991743,145.35999154749908,164762400,7.3955168753524845,7.555254970046499,9.4944917847929,141.82604751586913
2022-10-31,150.4014892578125,151.28425122815003,149.00870300208484,150.22494584357278,97943200,0.17654341423971687,-1.5410371706680248,2.275548226065183,142.36011199951173
2022-11-01,147.76303100585938,152.4710497811702,146.27217011734126,152.10814502054632,80379300,-4.345114014686942,-1.7542766796879161,6.198879663828933,142.5832504272461
2022-11-02,142.250732421875,149.2539052221096,142.22130852087065,146.09561013902547,93604600,-3.8448777171504673,-3.7304991285443956,7.032596701238958,142.51606369018555
2022-11-03,136.21861267089844,140.0634909361085,136.09109910411752,139.33766635298934,97918500,-3.1190536820909074,-4.2404841425259026,3.97239183199099,142.19484024047853
2022-11-04,135.95333862304688,140.16810151754257,132.0234836201314,139.59827074317496,140814800,-3.6449321201280895,-0.1947414106267975,8.144617897411166,142.12223739624022
2022-11-07,136.48385620117188,136.70981865595215,133.29084915754692,134.70559929239224,83374600,1.778256908779639,0.3902203384618108,3.4189694984052323,142.05997695922852
2022-11-08,137.0537109375,138.94985902565782,135.07896394018204,137.9477566640864,89908500,-0.8940457265863984,0.41752537786461374,3.87089508547578,142.09682922363282
2022-11-09,132.5048370361328,136.12031022746962,132.2297484770444,136.07118405808907,74917800,-3.566347021956261,-3.31904467982016,3.8905617504252064,141.93762283325196
2022-11-10,144.29446411132812,144.29446411132812,137.05371017047622,138.7632027049217,118854000,5.531261406406429,8.897506943071365,7.240753940851903,142.13985290527344
2022-11-11,147.07481384277344,147.37937519314977,141.83828048896822,143.26286485614494,93979700,3.8119489866284937,1.9268582121765743,5.541094704181546,142.7071846008301
2022-11-14,145.67971801757812,147.64464544159856,144.84461786588682,146.3576203774582,73374100,-0.6779023598800791,-0.9485620200659906,2.800027575711738,143.00712203979492
2022-11-15,147.40884399414062,150.8965930574009,145.95480194485347,149.55062261259357,89868300,-2.141778618452946,1.1869366580966823,4.941791112547435,143.32779998779296
2022-11-16,146.1807861328125,147.2418488642614,144.70709039322372,146.51483522710427,64218300,-0.3340490942917711,-0.8330964601940272,2.5347584710376907,143.58168029785156
2022-11-17,148.07693481445312,148.82360185357618,143.58706836561342,143.86215701114332,80389400,4.214777803309801,1.2971257932064217,5.23653348796276,143.95341720581055
2022-11-18,148.63693237304688,150.02220984195606,147.34008803390304,149.63904958366277,74829600,-1.0021172106158929,0.3781801394629358,2.6821218080530116,144.16287384033203
2022-11-21,145.41444396972656,147.73305885560603,145.12953609848137,147.52674987775407,58724100,-2.1123059080275084,-2.168026715750937,2.603522757124665,144.1042938232422
2022-11-22,147.54638671875,147.7821833963105,144.353379792247,145.5323481888436,51804100,2.0140385299064008,1.46611484445609,3.4288036040634893,144.01057891845704
2022-11-23,148.42080688476562,149.16747394284351,146.72113379241404,146.82920540527334,58301400,1.591601479492283,0.5926408538098782,2.446340150429478,144.10721969604492
2022-11-25,145.51271057128906,146.2692118769101,144.54006603549058,145.7092003283938,35195900,-0.19648975710472882,-1.9593589163912961,1.7291458414195233,144.28159790039064
2022-11-28,141.69091796875,144.06847835661756,140.86565204725017,142.59478278627932,69246000,-0.9038648175293247,-2.626432142961632,3.2028263093673957,143.72836837768554
2022-11-29,138.69439697265625,142.2705641956943,137.88878454429147,141.75967888062996,83763800,-3.065281907973713,-2.114829262913398,4.381779651402837,143.14301376342775
2022-11-30,145.43409729003906,146.1119996275474,138.08527316426236,138.9203582971881,111380900,6.513738992850961,4.859389034087336,8.02672646328503,143.0265670776367
2022-12-01,145.70921325683594,146.51484082101652,144.0390276864429,145.610975865171,71250400,0.09823739166492373,0.18916882073962693,2.4758131345736274,143.19949111938476
2022-12-02,145.2179412841797,145.4046117654443,143.09581632538948,143.40039263183445,65447400,1.8175486523452378,-0.3371591690570108,2.3087954400548085,143.64945755004882
2022-12-05,144.05865478515625,148.2734173934748,143.21373541725012,145.17866278529172,68826400,-1.1200080001354706,-0.7983080387806929,5.059681976224681,144.0547233581543
2022-12-06,140.4038848876953,144.716899744364,139.43124046996064,144.49093730068225,64727200,-4.087052412986935,-2.537001267234884,5.285659274403372,144.25072479248047
2022-12-07,138.4684600830078,140.85584008868295,137.5449416476374,139.69653991914743,69721100,-1.2280798361396137,-1.3784695532004565,3.310898441045566,144.32146224975585
2022-12-08,140.14845275878906,141.0032064446931,138.62564588690643,139.86354485762612,62128300,0.2849079011629385,1.2132673930035365,2.3775605577866656,144.70364303588866
2022-12-09,139.6670379638672,143.0172426533997,138.42912415381502,139.84387422747133,76097000,-0.1768362636041445,-0.3435034675341342,4.588118499584681,144.47227172851564
2022-12-12,141.95616149902344,141.9659807375352,138.5863037802082,140.19754337716597,70462700,1.7586181218574666,1.6389862407968137,3.379676957327007,144.21633911132812
2022-12-13,142.91900634765625,147.34009332894186,141.71058010364294,146.87833415604433,93886200,-3.959327808388082,0.6782691490565762,5.629513225298922,144.07830352783202
2022-12-14,140.69866943359375,144.08816707629325,138.68461532986467,142.801141695283,82291200,-2.1024722616892575,-1.553563078000586,5.403551746428576,143.7427947998047
2022-12-15,134.1063232421875,139.31338494507114,133.64456400681874,138.63548245096763,98931900,-4.529159208780129,-4.685436058453751,5.668820938252395,143.13907165527343
2022-12-16,132.1511993408203,135.23613504981998,131.38487878191776,134.2929782040358,160156900,-2.141778863215478,-1.4578909137911156,3.8512562679022153,142.3427848815918
2022-12-19,130.04872131347656,132.82909551472687,129.01714637272462,132.74067737544078,79592600,-2.6919560619642198,-1.5909640153332405,3.8119491420022484,141.4133743286133
2022-12-20,129.9799346923828,130.91327209557377,127.61219386559816,129.08588923628005,77432800,0.8940454561027593,-0.0528929622675367,3.301078229975616,140.6416488647461
2022-12-21,133.07472229003906,134.41087369361549,130.42207295695286,130.64803543949063,85928000,2.4266868505484354,2.3809733440630865,3.9888007366626255,139.91806564331054
2022-12-22,129.91119384765625,132.20033647277774,128.01504576681836,131.99402745433673,77852100,-2.082833606680481,-2.3772572190591035,4.185290705959375,138.9925849914551
2022-12-23,129.5476531982422,130.09783042542833,127.3665827681792,128.62413499923468,63814900,0.9235181990075034,-0.279837817394224,2.7312476572491278,138.19433212280273
2022-12-27,127.74974822998048,129.10555287498912,126.46272323679952,129.0760801645503,69007800,-1.326331934569808,-1.3878329123495847,2.642829638189596,137.49727363586425
2022-12-28,123.82972717285156,128.73221899747332,123.66271014073897,127.39606774936588,85438400,-3.566340576514321,-3.0685156811987913,5.069508856734359,136.75404014587403
2022-12-29,127.33712768554688,128.19186635387044,125.49009852746012,125.74553370652504,75703700,1.5915939790218374,2.832438213967303,2.701767826410318,135.8491916656494
2022-12-30,127.65151977539062,127.67117324976594,125.19536766637758,126.15818552945343,77034200,1.4933342459371914,0.24689742540771054,2.4758055833883645,134.94630699157716
2023-01-03,122.8767318725586,128.60448941700523,121.9925130634904,127.99536673400505,112117500,-5.118634861446452,-3.7404865302297363,6.6119763535148195,133.8292465209961
2023-01-04,124.14411163330078,126.40378110334797,122.88655931785308,124.66481618620304,89113600,-0.5207045529022594,1.0314237215037991,3.5172217854948826,132.83351936340333
2023-01-05,122.8276138305664,125.52938912334946,122.57217865426507,124.90061292758642,80962700,-2.0729990970200163,-1.0604593205540636,2.9572104690843872,131.95470581054687
2023-01-06,127.3469467163086,128.0051956310965,122.69989736764362,123.80025946812164,87754700,3.546687248186956,3.6794111232807625,5.305298263452897,131.3986301422119
2023-01-09,127.86766052246094,131.07050217869943,127.6122253254048,128.18205614149144,70790800,-0.31439561903050617,0.40889382869331303,3.4582768532946346,130.78459053039552
2023-01-10,128.4375,128.95820466182693,125.87326865028986,127.97574077291436,63896200,0.4617592270856363,0.4456478481038362,3.084936011537067,130.22311363220214
2023-01-11,131.1491241455078,131.1687626317444,128.1722594386808,128.94839939893015,69458900,2.200724746577663,2.1112402106143513,2.996503193063603,129.68276176452636
2023-01-12,131.0704803466797,131.90556546211644,129.1350257391296,131.53223946571177,71379600,-0.4617591190320809,-0.059965172730291894,2.770539722986854,129.09033546447753
2023-01-13,132.39682006835938,132.55401787873402,129.35119119619432,129.71469801537842,57809700,2.682122052980958,1.0119286342519906,3.202826682539694,128.67524299621581
2023-01-17,133.55612182617188,134.8824388666635,131.77786487384603,132.4655864864573,63646600,1.0905353397145632,0.8756265877186031,3.1045739928174783,128.64773292541503
2023-01-18,132.83889770507812,136.17926764063154,132.66204647795638,134.4206645548957,69672800,-1.5817668498175692,-0.5370207754514245,3.517221162675156,128.68211784362794
2023-01-19,132.89785766601562,133.86066781311564,131.42416224055012,131.72872356322017,58280400,1.1691341027954536,0.04438456051358841,2.4365055725655225,128.82457466125487
2023-01-20,135.4522705078125,135.59964906296133,131.86628386729487,132.90769302903612,80223600,2.5445774787763753,1.9220872982139037,3.7333651956664653,129.09819145202636
2023-01-23,138.63543701171875,140.80668812964507,135.4817223092692,135.69786549716068,81760300,2.9375715145580727,2.350028162667561,5.324965820375866,129.37622718811036
2023-01-24,140.0305633544922,140.64952034187644,137.83967329148908,137.84949253259393,66435100,2.1810708218982597,1.0063273668301065,2.8098470503873614,129.88219566345214
2023-01-25,139.37232971191406,139.93232634052288,136.37581181311944,138.41933852785135,65799300,0.9529911840627108,-0.47006426797825407,3.5565145274034364,130.37342948913573
2023-01-26,141.43553161621094,141.72043959534744,139.41164307512574,140.65937661953566,54105100,0.7761549966752739,1.480352598368384,2.308796520221705,131.05771865844727
2023-01-27,143.37094116210938,144.64814715401417,140.57092820918845,140.64952711543583,70555800,2.7214140466735444,1.3684040522081942,4.077218944825717,132.03477935791017
2023-01-30,140.49232482910156,142.99761054282715,140.34496125408572,142.41796049282078,64015300,-1.9256356637192198,-2.0078101668823956,2.6526492887414292,132.6925392150879
2023-01-31,141.75970458984375,141.80883078137197,139.78495761656453,140.19759064122545,65874500,1.562113948618304,0.9020989312290562,2.0238731648074406,133.39794845581054
2023-02-01,142.87969970703125,144.03901475780756,138.84178798038548,141.44531098955775,77663600,1.434388717473496,0.7900659220672068,5.197226777422088,134.3980968475342
2023-02-02,148.1751708984375,148.52884341135578,145.57163330132713,146.2888275489756,118339000,1.886343349461896,3.7062446255586856,2.9572101100286545,135.59964981079102
2023-02-03,151.79063415527344,154.6201342687517,145.23760339877686,145.43409313083382,154357300,6.356541024439622,2.4399926350104018,9.382530869974858,137.04780082702638
2023-02-06,149.06922912597656,150.41521473457135,148.13589150827315,149.8945101165513,69858300,-0.8252809905747256,-1.7928675536812322,2.279323226298203,138.13391494750977
2023-02-07,151.93800354003906,152.50783427872634,147.99832954313612,147.99832954313612,83322600,3.9396739969029397,1.9244578045266136,4.5095047355902125,139.33743209838866
2023-02-08,149.2559051513672,151.86926257026718,148.51905726950346,151.18154087876945,64120100,-1.9256357274022662,-1.765258412102988,3.3502053007637187,140.37835235595702
2023-02-09,148.22430419921875,151.6236354399285,147.782198500911,151.0832773681269,56007100,-2.858973168908136,-0.6911625714923986,3.8414369390175125,141.23211135864258
2023-02-10,148.58836364746094,148.9130734935689,146.8270751036462,147.0632318137508,57450700,1.5251318337101338,0.24561386893264814,2.0859983899227075,142.10800552368164
2023-02-13,151.38284301757812,151.78625678187208,148.49982115470684,148.52933886882354,62199000,2.853504148754581,1.8806852040899713,3.286435627165247,143.05730667114258
2023-02-14,150.74327087402344,151.3041375201495,148.44079888424892,149.68058802933567,61707600,1.062682844687771,-0.4224865452423954,2.8633386359005897,143.91666412353516
2023-02-15,152.83912658691406,153.00639866157246,150.42841784233283,150.6547253534473,65573800,2.184401233466758,1.3903477752198468,2.5779808192396274,144.91667556762695
2023-02-16,151.2450714111328,153.82305157694913,150.8908438680814,151.04826665403036,68167900,0.1968047571024556,-1.0429627618126713,2.932207708867736,145.83403625488282
2023-02-17,150.10366821289062,150.5464488832577,148.4309328947845,149.90687847207133,59144100,0.19678974081929823,-0.7546713341418432,2.11551598847322,146.5666061401367
2023-02-21,146.0989532470703,148.87373860585663,146.0300835825423,147.79137232815333,58867200,-1.6924190810830169,-2.667966088703755,2.8436550233143407,146.9397819519043
2023-02-22,146.5220489501953,147.54536466728035,144.80011234851025,146.4826819914061,51011300,0.039366958789202044,0.28959530080239215,2.745252318770099,147.26435623168945
2023-02-23,147.0041961669922,147.92912460701393,144.87884561858365,147.68313363952294,48394200,-0.6789374725307482,0.329061202905212,3.0502789884302786,147.64594955444335
2023-02-24,144.35733032226562,144.82962872471046,143.3832007915086,144.75090982195374,55469600,-0.3935794996881157,-1.8005376130350803,1.4464279332018464,147.7920394897461
2023-02-27,145.5479278564453,146.7778826433076,145.08546365545735,145.3413038601465,44998500,0.20662399629881634,0.8247572406068882,1.6924189878502602,147.9008888244629
2023-02-28,145.04611206054688,146.68932985809187,144.47541123636594,144.69188448050687,50547000,0.35422758004000343,-0.34477701145521067,2.2139186217259237,148.12857818603516
2023-03-01,142.97976684570312,144.8689754008769,142.68457472462396,144.47539591550134,55479000,-1.4956290697982126,-1.4246126183521501,2.184400676252949,148.18958129882813
2023-03-02,143.57015991210938,144.3573339453376,141.59238308918532,142.0646965175798,52238100,1.5054633945295848,0.412920708594644,2.764950856152268,148.22410430908204
2023-03-03,148.6080322265625,148.68675112203792,144.96736964186593,145.66597544130724,70732300,2.942056785255261,3.5089967981767334,3.7193814801719896,148.2457473754883
2023-03-06,151.36314392089844,153.79353555974586,150.99908214162087,151.32377696340643,87558000,0.039366957492006804,1.8539453440414189,2.794453418124988,148.22437286376953
2023-03-07,149.16891479492188,151.55993956940895,148.7064506179963,151.23522972088062,56182000,-2.06631492595875,-1.4496455802498809,2.8534889514126576,148.2293571472168
2023-03-08,150.41854858398438,151.00893289820618,149.39523278864294,150.35951315538156,47204800,0.059035428602811635,0.8377306966270481,1.61370010956324,148.15338439941405
2023-03-09,148.17510986328125,152.06176399701366,147.82088228318355,151.09748364556307,53833600,-2.9223737822818237,-1.4914641457602684,4.240881713830106,148.09934463500977
2023-03-10,146.11865234375,148.51952687879202,145.2429249942403,147.80123737088158,68572400,-1.68258502713158,-1.3878562475362455,3.2766018845517237,147.99406204223632
2023-03-13,148.05702209472656,150.68420342446277,145.33143838738883,145.43967499711258,84457100,2.6173470976139868,1.326572425823147,5.352765037073937,147.9674949645996
2023-03-14,150.14303588867188,150.94004418166887,147.6929755826584,148.85404568502526,73695900,1.2889902036466196,1.4089259424728162,3.2470685990104755,147.9055046081543
2023-03-15,150.53659057617188,150.7924156969139,147.5158152376651,148.76545316386273,77167900,1.7711374123091446,0.26211984137034516,3.2766004592488116,147.89517059326172
2023-03-16,153.35076904296875,153.9509875803486,149.20827470890512,149.71994010489203,76161100,3.630828938076718,1.869431515637321,4.742712871443473,147.92075271606444
2023-03-17,152.514404296875,154.2265068856699,151.80594908869074,153.5770871091514,98944600,-1.0626828122763925,-0.5453932518978077,2.4205577969791534,147.98421936035157
2023-03-20,154.8759307861328,155.2892088870571,151.678047720229,152.58330783129233,73641400,2.292622954840482,1.5483957073726629,3.6111611668281114,148.22283248901368
2023-03-21,156.72576904296875,156.84383990664745,154.02970254755692,154.79720820376127,73938300,1.9285608392074778,1.1944000900891316,2.814137359090523,148.7541732788086
2023-03-22,155.29901123046875,159.53989288471735,155.27932775015748,156.7454392443716,75701800,-1.446428013902846,-0.9103530460959686,4.260565134559869,149.19302139282226
2023-03-23,156.38134765625,158.95934282613845,155.15139299961646,156.28296029217628,67622100,0.09838736407371584,0.6969371003753722,3.807949826521991,149.66187896728516
2023-03-24,157.6802215576172,157.76877470893055,155.31871410467124,156.31251228008384,59196500,1.3677092775333506,0.8305810896465093,2.4500606042593063,150.32802352905273
2023-03-27,155.7418212890625,158.19189706310823,155.3383924442017,157.3752051384263,52390300,-1.6333838493638098,-1.229323658608883,2.853504618906527,150.83771820068358
2023-03-28,155.12188720703125,155.94842821050446,153.47866946121147,155.43676283008696,45992200,-0.3148756230557126,-0.39805241578665385,2.4697587492929927,151.3415069580078
2023-03-29,158.19186401367188,158.46737267599335,156.7946372221569,156.8143056879684,51305700,1.3775583257034612,1.979073915303342,1.6727354538364523,152.10211181640625
2023-03-30,159.75634765625,159.86458426430409,158.68383082177425,158.93965597985908,49501700,0.8166916763909171,0.9889785750567537,1.1807534425298343,152.9114212036133
2023-03-31,162.255615234375,162.3540176143248,159.31357325147573,159.8350728342002,68749800,2.42054240017481,1.564424584557167,3.0404443628490583,153.59380035400392
2023-04-03,163.50523376464844,163.62330459513862,161.58650769871608,161.63570888278477,56976200,1.8695248818636685,0.7701542584325205,2.036796896422544,154.2009048461914
2023-04-04,162.97393798828125,164.16452584406122,162.4622725801105,163.92838412805693,46278300,-0.9544461397756834,-0.32494114355503534,1.7022532639507233,154.8911560058594
2023-04-05,161.1339111328125,162.40323287933546,159.20535043705326,162.0982064947886,51511700,-0.9642953619760988,-1.1290313519951023,3.197882442282207,155.4269241333008
2023-04-06,162.0194854736328,162.31467762112032,159.40213812085784,159.8252353547828,45390100,2.1942501188500216,0.5495890558322003,2.9125395002624828,156.11914291381837
2023-04-10,159.43167114257812,159.43167114257812,157.51294452082058,158.8314525568901,47716900,0.600218585688026,-1.5972241384977326,1.9187266217575427,156.78479385375977
2023-04-11,158.22137451171875,159.7563555644006,157.93601661540757,159.74652133194326,47644200,-1.5251468202245064,-0.7591318727237173,1.820338948993026,157.2930114746094
2023-04-12,157.53257751464844,159.4611377523383,157.21770195758472,158.63461193618548,50133100,-1.1020344215370415,-0.4353375131495252,2.243435794753566,157.6624885559082
2023-04-13,162.90509033203125,163.14124711579925,158.8314796501602,159.03811871271972,68445600,3.8669716193115278,3.4104138344865476,4.309767465639055,158.28091354370116
2023-04-14,162.56068420410156,163.6528847449455,161.19297496954,161.9506163702145,49386500,0.610067833887058,-0.21141520331116048,2.459909775405521,158.7414093017578
2023-04-17,162.58033752441406,162.7377753387549,161.39958394505072,162.44258319038994,41516200,0.13775433402412318,0.012089836117956665,1.3381913937041645,159.24470596313478
2023-04-18,163.8004608154297,164.7253892225956,162.99360326395418,163.43639900098648,49923000,0.36406181444320396,0.7504740792116937,1.7317859586414102,159.6909324645996
2023-04-19,164.94186401367188,165.46336364998885,162.8853681685066,163.1412083770297,47720200,1.8006556366421762,0.6968253889885645,2.5779954814822474,160.10173721313475
2023-04-20,163.97755432128906,165.17799130758831,162.9050374280842,163.4265370188754,52456400,0.5510173024136691,-0.5846361068787775,2.272953879504115,160.5356643676758
2023-04-21,162.3737030029297,163.78076396537094,161.85220341407148,162.40322071444277,58337300,-0.029517711513079803,-0.9780919864293525,1.928560551299455,160.83528213500978
2023-04-24,162.67874145507812,162.9444158925364,161.26183114076272,162.35403159020615,41949600,0.32470986487197706,0.1878619791918723,1.6825847517736747,161.0852081298828
2023-04-25,161.14373779296875,163.64299896057264,161.10437083745688,162.54096443175132,48714100,-1.3972266387825698,-0.9435797501133547,2.538628123115757,161.3553039550781
2023-04-26,161.1339111328125,162.6295403559192,160.1893142654478,160.44513945575562,45498800,0.6887716770568773,-0.00609807138076679,2.4402260904714126,161.6559051513672
2023-04-27,165.70932006835938,165.85690860859063,162.54095594925062,162.54095594925062,64902300,3.168364119108759,2.8395071548754647,3.315952659340013,162.03177795410156
2023-04-28,166.95896911621094,167.12625617335198,165.1878463008649,165.78806481489534,55275900,1.170904301315602,0.7541211606782561,1.9384098724870853,162.39190902709962
2023-05-01,166.87045288085938,167.71666253016707,165.93569007402044,166.56542643996343,52472900,0.30502644089594355,-0.05301675963867991,1.7809724561466282,162.62265090942384
2023-05-02,165.83721923828125,167.61820597364212,164.85325563412508,167.36236582754194,48425700,-1.525146589260686,-0.6191830996682302,2.7649503395170427,162.73925018310547
2023-05-03,164.7647247314453,168.17908009941613,164.47938185396285,166.7818533947913,65136000,-2.017128663346,-0.6467152016670807,3.699698245453277,162.82878952026368
2023-05-04,163.13136291503906,164.36131774887434,161.67510059572527,162.24580144031648,81235400,0.8855614747225786,-0.9913298001550497,2.686217153149073,162.928662109375
2023-05-05,170.78659057617188,171.50487988988195,168.02163990321543,168.23811312336284,113453200,2.5484774528090384,4.6926768245783235,3.4832399866665185,163.36701736450195
2023-05-08,170.7176971435547,171.06209043449635,169.34998823962542,169.71404999386525,55962800,1.0036471496894421,-0.040338900369618624,1.712102194870937,163.9313186645508
2023-05-09,169.01547241210938,170.7570775926942,168.84820036158354,170.27494492179522,45326900,-1.2594725096858497,-0.9970991642500482,1.9088772311106652,164.4710235595703
2023-05-10,170.77676391601562,171.23922812803062,169.14338031673282,170.24543004162442,53724500,0.5313338743912084,1.0420889157483293,2.0958478112978014,165.13323287963868
2023-05-11,170.9636993408203,171.7902252766967,169.4090348343318,171.0621017201797,49514700,-0.0984023793593849,0.10946186150746495,2.381190442364897,165.53616333007812
2023-05-12,170.0374755859375,171.50559963616618,168.49050872766975,171.0720544011138,45533100,-1.0345788151763031,-0.5417663272694884,3.0150909084964326,165.9100028991699
2023-05-15,169.54486083984375,170.66813061172948,168.95365989259247,170.61886136031444,37266700,-1.0740005204706904,-0.28970951515024934,1.7144707191370117,166.25822906494142
2023-05-16,169.54486083984375,170.5991506527755,169.2788189100942,169.4660330445526,42110300,0.07882779529114714,0.0,1.3203317426813044,166.54544906616212
2023-05-17,170.15573120117188,170.39219951568867,167.91903983890597,169.19011716888295,57951600,0.9656140322889257,0.3603001343138068,2.4731596767827,166.8061424255371
2023-05-18,172.48109436035156,172.6683084617715,170.04734111161662,170.4611756877155,65496700,2.0199186726360665,1.3666087781847747,2.6209673501548707,167.23131942749023
2023-05-19,172.58949279785156,173.80143807257875,172.3727201425523,173.80143807257875,55809500,-1.211945274727185,0.06284656176491765,1.428717930026437,167.74210891723632
2023-05-22,171.64356994628906,172.1460951955022,170.9045763773169,171.4267972966015,43570900,0.21677264968755594,-0.5480767318033819,1.241518818185284,168.1903503417969
2023-05-23,169.04232788085938,170.83562631420236,168.7664381272472,170.5892951031298,50747300,-1.546967222270439,-1.5154905402187002,2.0691881869551594,168.5852798461914
2023-05-24,169.31820678710938,169.8896969643689,168.01758589409968,168.57921320123526,45143500,0.7389935858741126,0.16320108088221374,1.8721110702692272,168.99449462890624
2023-05-25,170.45135498046875,171.34798918728478,169.17042964019168,169.87986475065702,56058300,0.5714902298117295,0.6692417873195078,2.1775595470930966,169.23159637451172
2023-05-26,172.8555450439453,173.19056694623742,170.5695990272421,170.77652387763237,54835000,2.079021166312941,1.4104845712444192,2.6209679189953192,169.52642517089845
2023-05-30,174.6980743408203,176.36327550868927,173.97879151124883,174.36306754730614,55964400,0.33500679351416807,1.065935892543446,2.384483997440441,169.91780624389648
2023-05-31,174.6488494873047,176.7180379211288,174.16603484344822,174.72767728843633,99625300,-0.0788278011316379,-0.028177101379833758,2.552003077680581,170.35838775634767
2023-06-01,177.4471435546875,177.47670209655325,174.33351350934285,175.09221783191245,68901800,2.35492572277505,1.6022401954535859,3.1431885872104033,170.99250869750978
2023-06-02,178.2945098876953,179.11233123154489,176.62930866038764,178.37333767160567,61996900,-0.07882778391035572,0.4775316841021171,2.4830225711572496,171.75066604614258
2023-06-05,176.94461059570312,182.23579939859383,175.4272021453367,179.9498539235026,121946500,-3.0052433277994623,-0.7571176997219209,6.808597253257119,172.05856704711914
2023-06-06,176.580078125,177.476712338109,174.8261860088602,177.32891962025158,64848400,-0.7488414952515825,-0.20601501762381735,2.6505263292488053,172.3516860961914
2023-06-07,175.21047973632812,178.55073052308683,174.71781728969785,175.82137635899298,61944600,-0.6108966226648533,-0.7756245230010284,3.832913233388979,172.66143646240235
2023-06-08,177.92013549804688,178.18616241252352,174.85577426667564,175.28930462040762,50214900,2.630830877639255,1.546514663846854,3.330388145847877,173.01860504150392
2023-06-09,178.30441284179688,179.555764726174,177.97925379814166,178.83648170922714,48900000,-0.5320688674302687,0.2159830547983299,1.5765109280323486,173.38564071655273
2023-06-12,181.09283447265625,181.19137296447727,178.31422641468646,178.60982685528654,54274900,2.483007617369708,1.5638545263225945,2.877146549790808,173.93840866088868
2023-06-13,180.61990356445312,181.44757286544584,179.7626757194867,180.1173932820357,54929100,0.5025102824174326,-0.26115384939459085,1.6848971459591269,174.49216079711914
2023-06-14,181.25048828125,181.68403358526143,179.34881869349235,180.67899811094972,57462900,0.5714901703002795,0.3491224966643003,2.335214891769084,175.07744216918945
2023-06-15,183.2802581787109,183.78278344228747,181.08298811392547,181.2603543936769,65433200,2.0199037850340176,1.1198700299837494,2.6997953283620006,175.7336685180664
2023-06-16,182.2062530517578,184.245882524342,181.56579797087076,183.989688464097,101256200,-1.7834354123391734,-0.5859906231176715,2.6800845534712323,176.2199264526367
2023-06-20,182.29495239257807,183.3689679486228,181.70376647980103,181.70376647980103,49799100,0.5911859127770356,0.04868073369308501,1.6652014688217776,176.70519943237304
2023-06-21,181.2603302001953,182.68904794337556,179.91042519875955,182.1865227468729,49515700,-0.9261925466775836,-0.5675539442006383,2.7786227446160012,177.18603744506837
2023-06-22,184.25572204589844,184.304991288712,180.97458893469445,181.04356888160584,51245300,3.2121531642926016,1.652535798867194,3.3304023540175365,177.94670715332032
2023-06-23,183.94044494628903,184.80753566864925,182.29495416898448,182.82703803402,53117000,1.1134069122690278,-0.17110844434501393,2.512581499664776,178.6778190612793
2023-06-26,182.55113220214844,185.2903339778169,182.51171079012911,184.0882365039062,48088700,-1.5371043017577506,-0.7553057428703491,2.778623187687799,179.28280792236328
2023-06-27,185.3002014160156,185.6253604426876,182.9452754666625,183.16204815111053,50730800,2.138153264905071,1.5059173726860164,2.6800849760250856,179.9050407409668
2023-06-28,186.47276306152344,187.1132183209716,184.84698276608304,185.17212679727763,51216800,1.30063626424581,0.6327902703544996,2.266235554888567,180.49377517700196
2023-06-29,186.8077392578125,187.2807060224463,186.1672841036428,186.30522898461157,46347300,0.5025102732009259,0.17963813630976766,1.1134219188035104,181.10171966552736
2023-06-30,191.12347412109372,191.6259844129726,188.4532369978983,188.8178174385461,85213200,2.3056566825476352,2.3102548536948486,3.172747415074298,181.78553619384766
2023-07-03,189.63560485839844,191.03476417603324,188.94586551693624,190.93622568872084,31458200,-1.3006208303224014,-0.7784858817251217,2.088898659096998,182.35259094238282
2023-07-05,188.52218627929688,190.14796610334872,187.8225990912436,188.75866963191964,46920300,-0.23648335262276987,-0.587135828175811,2.3253670121051186,182.9314697265625
2023-07-06,188.9951629638672,189.2020878041572,186.42346442381324,187.05407174607456,45094300,1.941091217792632,0.2508864839226854,2.7786233803439586,183.55222396850587
2023-07-07,187.8817443847656,189.8425463448677,187.4482140588147,188.601042385603,46815000,-0.7192980008373979,-0.5891254366729215,2.3943322860530145,184.18578720092773
2023-07-10,185.84210205078125,187.2018550195119,184.2951349736181,186.4825571255489,59922200,-0.6404550747676581,-1.0855989977436753,2.906720045893792,184.58188552856444
2023-07-11,185.31988525390625,186.5219826806886,183.86160879849567,186.384037813756,46638100,-1.0641525598497594,-0.28100026372511744,2.6603738821929426,184.93265914916992
2023-07-12,186.98509216308597,188.88676181703667,185.70416691161037,186.8964015042781,60750200,0.0886906588078773,0.8985581374056029,3.182594905426299,185.2272720336914
2023-07-13,187.7437896728516,188.38425984411805,186.99494820191867,187.70438329432412,41342300,0.03940637852747386,0.4057529405092408,1.3893116421993739,185.58346633911134
2023-07-14,187.8916015625,188.3744011257073,186.8471596075647,187.43834550769157,41616200,0.4532560548084348,0.07873064132026819,1.5272415181426027,185.91552200317383
2023-07-17,191.14317321777344,191.46833222271863,188.99515722491665,189.08383285312055,50520200,2.0593403646528827,1.7305572086423693,2.4731749978019764,186.30866775512695
2023-07-18,190.8869781494141,191.47817907078496,189.5962050071137,190.5125649317522,48288200,0.37441321766189617,-0.13403307272055187,1.8819740636712652,186.74270401000976
2023-07-19,192.2368927001953,195.3209493925712,189.8228346836756,190.26624291356023,80507300,1.9706497866350787,0.7071800097985692,5.498114708895599,187.23980102539062
2023-07-20,190.29579162597656,193.58677299126168,189.6750321641012,192.22701989757812,59581200,-1.9312282716015545,-1.0097443039958076,3.911740827160486,187.6915740966797
2023-07-21,189.12326049804688,192.10879369152832,188.4236732155936,191.25156585425083,71951700,-2.1283053562039527,-0.6161624058582893,3.685120475934724,187.9349510192871
2023-07-24,189.9213409423828,192.04964595897565,189.4286785793676,190.57165886992988,45377800,-0.6503179275470643,0.4219895755996461,2.6209673796080324,188.2339958190918
2023-07-25,190.7785797119141,191.58655325087184,190.08885537064708,190.492842140126,37283200,0.2857375717881041,0.45136516269193017,1.497697880224763,188.64536819458007
2023-07-26,191.64569091796875,192.76896069007796,190.48301476563847,190.82786945588316,47471900,0.8178214620855897,0.454511825889492,2.2859459244394884,188.96264266967773
2023-07-27,190.38449096679688,194.3060801182846,189.72432504433817,193.14340387615707,47460200,-2.758912909360191,-0.6580893862683901,4.581755073946425,189.1582290649414
2023-07-28,192.9561309814453,193.74439372054135,191.29092989175592,191.81315076149903,48291400,1.1429802199462813,1.3507612944674952,2.4534638287854307,189.46564865112305
2023-07-31,193.5670623779297,193.60648379116893,192.39452340931743,193.1827862905988,38824100,0.3842760873308748,0.3166167321955182,1.2119603818514975,189.58782806396485
2023-08-01,192.7393798828125,193.8429388199064,192.41422090280528,193.36013930235927,35175100,-0.620759419546772,-0.42759469764601654,1.4287179171011246,189.74301681518554
2023-08-02,189.7538604736328,192.31569604997568,189.03457754647135,192.17775117305612,50389300,-2.4238906994233105,-1.5489929515156264,3.281118503504331,189.80460052490236
2023-08-03,188.3645477294922,189.5469345297089,187.8915960163783,188.75868668614032,61235200,-0.3941389566481348,-0.7321657333731468,1.655338513330605,189.7730697631836
2023-08-04,179.31924438476562,184.63014382216585,179.25026444025556,182.79743931128007,115956800,-3.4781949265144476,-4.802020047698363,5.3798793819102855,189.3449447631836
2023-08-07,176.225341796875,180.44253062568197,174.74735463626894,179.45720585194456,97576100,-3.2318640550695648,-1.7253600406948122,5.6951759894130305,188.86410675048828
2023-08-08,177.16140747070312,177.62451134366992,174.97398514494694,177.05302113799038,67823000,0.10838633271274034,0.5311754054686757,2.650526198722986,188.45618286132813
2023-08-09,175.57504272460938,178.2748232727554,174.41235154839882,178.21570618554995,60378500,-2.640663460940573,-0.8954347161393428,3.8624717243565954,187.88568038940429
2023-08-10,175.35826110839844,178.09746293161143,174.99369573264087,176.8460961883882,54686900,-1.4878350799897646,-0.1234694936403713,3.1037671989705586,187.26640396118165
2023-08-11,175.41744995117188,176.2363757071569,174.1940069392339,174.95373578240464,52036700,0.4637141687672397,0.033753096317967746,2.0423687679229943,186.64269638061523
2023-08-14,177.065185546875,177.29211207450308,174.9438673937282,175.59506357405235,43675600,1.4701219728226533,0.9393225110510883,2.348244680774883,185.9387969970703
2023-08-15,175.08197021484375,177.08487915778778,174.68731413890805,176.49289504388423,43622600,-1.410924829040482,-1.1200481483166658,2.3975650188797317,185.1485466003418
2023-08-16,174.21372985839844,176.1574269074876,174.14465676238186,174.766254405872,46964900,-0.5525245474735527,-0.49590506399939116,2.0127701451057476,184.24738845825195
2023-08-17,171.67800903320312,175.14116345073805,171.16494410110627,174.77610583538885,66062900,-3.0980968021857223,-1.4555229529017888,3.9762193496317764,183.31649932861328
2023-08-18,172.16152954101562,172.76339001893962,169.66529224450343,170.00075151281027,61172200,2.160778028205357,0.28164382295403634,3.0980977744361837,182.46841278076172
2023-08-21,173.4934844970703,173.77962299820936,171.42151715942626,172.7337706675176,46311900,0.7597138295527088,0.7736658471876323,2.3581058387831035,181.6470199584961
2023-08-22,174.8649444580078,175.30893640777694,173.89802631437342,174.69721483499137,42038900,0.16772962301644156,0.7904965220527638,1.4109100934035155,180.8513381958008
2023-08-23,178.7030029296875,179.12727253692543,175.95024126986627,176.13770818549477,52722800,2.5652947441927267,2.1948701516909086,3.1770312670591636,180.2042037963867
2023-08-24,174.02630615234375,178.68332143034684,173.6612333709249,178.259051726311,54945800,-4.232745573967236,-2.6170219306185016,5.022088059421947,179.38629455566405
2023-08-25,176.2265167236328,176.7593040006282,173.4737548580186,175.0129348306344,51449600,1.2135818929984055,1.2642976915012927,3.2855491426095966,178.54981384277343
2023-08-28,177.78541564941406,178.1800717356574,176.16730160755293,177.68674410027091,43820700,0.09867154914314824,0.8845995226847592,2.012770128104478,177.76073150634767
2023-08-29,181.66297912597656,182.4325690983829,177.1046362040057,177.30196426395187,53003900,4.361014862024689,2.181035751666438,5.327932894377227,177.20691146850587
2023-08-30,185.1458740234375,185.3432171414265,182.27471834075723,182.47204640358007,60813900,2.673827619857434,1.917228768468937,3.0684988006692606,176.97651214599608
2023-08-31,185.3629608154297,186.5962801694583,184.97816577917948,185.33336235534645,60794500,0.029598460083235523,0.11725175791101883,1.6181143902788335,176.82643280029296
2023-09-01,186.9317321777344,187.38558521498555,185.76747101772168,186.961330634287,45766500,-0.029598456552605512,0.8463240743477263,1.6181141972638784,177.2070571899414
2023-09-05,187.1685333251953,187.44479564304945,185.1064270757959,185.7674844117445,45280000,1.4010489134508077,0.12667787576898792,2.3383685672535535,177.75421676635742
2023-09-06,180.4691467285156,186.32988234003625,179.04836051297525,185.88587535630464,81755800,-5.416728627789041,-3.5793338109028627,7.281521827060999,177.91960372924805
2023-09-07,175.19052124023438,175.83185624974686,171.22416252451072,172.84227669356144,112488800,2.3482445466729303,-2.9249462215400146,4.607693725236146,177.9003776550293
2023-09-08,175.80224609375,177.8347687964352,175.417451102765,175.96999075471308,65551300,-0.1677446609630806,0.3491769127604627,2.4173176936702134,177.92257690429688
2023-09-11,176.9665069580078,177.89396541040293,174.97345890425444,177.6670388917848,58953100,-0.7005319337770004,0.6622559666484173,2.9205065061484845,178.00002975463866
2023-09-12,173.9473419189453,177.72623373133553,172.487096210491,177.09477490699047,90370200,-3.1474329880451535,-1.7060657923134048,5.239137520844537,177.8441375732422
2023-09-13,171.88525390625,174.93401565723292,171.6583123112636,174.15454941477398,84267900,-2.2692955085239817,-1.1854668142363356,3.275703345969333,177.6843017578125
2023-09-14,173.39483642578125,173.75003299454158,171.2636570132194,171.6780505009118,60895800,1.7167859248694413,0.8782501612119686,2.4863759813221975,177.64335708618165
2023-09-15,172.674560546875,174.14468255030425,171.5004532372104,174.12494522635322,109259500,-1.4503846794782191,-0.4153963830488938,2.6442293130938594,177.69318466186525
2023-09-18,175.59506225585938,176.98624997924455,173.8190795297471,174.12494029407293,67257600,1.4701219617864467,1.6913329327348015,3.1671704494974335,177.86486129760743
2023-09-19,176.6803741455078,177.23289871202428,174.7662604292434,175.1510553991506,51826900,1.5293187463572053,0.6180765425322976,2.4666382827808775,178.0242057800293
2023-09-20,173.14816284179688,177.3019736755132,173.0593524132158,176.8678428874874,58436200,-3.7196800456905237,-1.999209771200694,4.242621262297405,177.93836669921876
2023-09-21,171.60894775390625,173.94733103404198,171.5398897121348,172.2206842726111,63149100,-0.6117365187048449,-0.8889583710437576,2.4074413219071857,177.5836639404297
2023-09-22,172.45748901367188,174.7169382879251,171.7273736602944,172.33909518451154,56725400,0.11839382916033969,0.4944621308339059,2.989564627630699,177.5052230834961
2023-09-25,173.73028564453125,174.60840835340898,171.82603288281885,171.87536866413782,46172700,1.8549169803934262,0.7380350010537828,2.782375470590125,177.38041152954102
2023-09-26,169.665283203125,172.86203732750283,169.36928354767613,172.48711848209095,64588900,-2.821835278965949,-2.339835237319321,3.4927537798266997,176.97440490722656
2023-09-27,168.15565490722656,170.730825832551,166.79408083596385,170.31643241476104,66921800,-2.160777507534476,-0.8897685297770019,3.9367449965871515,176.29903869628907
2023-09-28,168.41220092773438,169.73431545858824,165.38316183381656,167.0802102082604,56294400,1.3319907194739642,0.15256461083592576,4.351153624771683,175.4623550415039
2023-09-29,168.92526245117188,170.7604419321708,168.06686209293406,169.72445084440017,51861100,-0.7991883932282917,0.30464629083355454,2.6935798392367474,174.640470123291
2023-10-02,171.43138122558594,171.97404472395215,168.64900568223578,168.93514418826848,52164500,2.4962370373174565,1.483566601021824,3.3250390417163658,173.8654525756836
2023-10-03,170.099365234375,171.31296207551728,168.54046313149794,169.96123409658216,49594600,0.1381311377928398,-0.7769965928572597,2.7724989440193326,173.0119941711426
2023-10-04,171.34254455566406,171.88520792324596,168.68843967571547,168.80683348131024,53020300,2.535711074353827,0.7308547680799027,3.1967682475304855,172.5556640625
2023-10-05,172.57589721679688,173.10868450108188,170.3756448658088,171.47083294671847,48527900,1.105064270078401,0.7198169399965426,2.7330396352730872,172.42493286132813
2023-10-06,175.12144470214844,175.6147723242181,170.86894795356997,171.48068444244805,57266700,3.640760259700386,1.4750307119387296,4.745824370648137,172.39089279174806
2023-10-09,176.60145568847656,176.66065260372454,173.45402254968238,174.45053908507856,42390800,2.1509166033980023,0.8451340661592699,3.206630054042165,172.37264022827148
2023-10-10,176.0094451904297,177.3216985969386,175.5753144327677,175.7233217666065,43698000,0.28612342382319866,-0.33522401938247404,1.7463841641709053,172.4757453918457
2023-10-11,177.40065002441406,177.449985807142,175.23001108089,175.82199530812358,47551100,1.5786547162904867,0.7904148737468031,2.219974726252019,172.75151519775392
2023-10-12,178.29849243164062,179.906730392158,176.6507647716162,177.6670336186698,56743100,0.6314588129708341,0.5061099872537111,3.255965620541815,172.99669799804687
2023-10-13,176.4633331298828,179.5022186651883,175.76280113660414,178.99902980590412,51427100,-2.5356966760213027,-1.02926237722476,3.7394175285841698,173.18613662719727
2023-10-16,176.3350372314453,176.6902337432856,174.15452238414363,174.39132507709223,52517000,1.9437121543530793,-0.07270399814054418,2.5357113591419704,173.22313537597657
2023-10-17,174.7860107421875,176.03906740635364,172.46737941742194,174.2926830064713,57549400,0.4933277357162069,-0.8784564392751215,3.5716879889317,173.12841720581054
2023-10-18,173.4934844970703,175.21027033840411,172.77323025982977,173.23695950912395,54764400,0.2565249879463636,-0.7394906718385386,2.4370400785743414,173.14568328857422
2023-10-19,173.11859130859375,175.46682130559762,172.8521900917514,173.69083828526382,59302900,-0.5722469766700726,-0.21608488039958074,2.6146312138462235,173.2211654663086
2023-10-20,170.572998046875,173.0790962513972,170.3361953203569,172.97056355030566,64244000,-2.3975655034306556,-1.4704332114053975,2.7429009310403103,173.12694091796874
2023-10-23,170.69139099121094,171.68790756499885,167.6623515662161,168.62928473640696,55980100,2.062106254803979,0.06940896020564136,4.02555599878275,172.97499618530273
2023-10-24,171.12551879882812,171.35244533043914,169.16206908920728,170.74072378645857,43816600,0.38479501236955116,0.25433491700792565,2.19037624123186,173.0480079650879
2023-10-25,168.81674194335938,170.75057806188605,168.3727349771656,169.58633193718455,57157000,-0.7695899938251785,-1.3491715739853527,2.377843084720439,173.08106231689453
2023-10-26,164.6629180908203,169.0930062294273,163.459197305812,168.0964746462511,70625300,-3.4335565554307834,-2.460552078379008,5.633808923615277,172.89359817504882
2023-10-27,165.9751739501953,166.70530437202822,164.60372353518264,164.6826577744484,58499100,1.2925161757469255,0.796934655713577,2.101580836845585,172.74609375
2023-10-30,168.0175323486328,168.8857938712959,166.61648356307745,166.76449089816728,51131000,1.2530414504655312,1.230520414487013,2.2693103082184507,172.57540130615234
2023-10-31,168.49114990234375,168.61940486913602,165.65943861592592,167.09010101577766,44846000,1.4010488865660875,0.28188579316126283,2.959966253210098,172.49499053955077
2023-11-01,171.64845275878906,171.9049777602895,167.84982318964867,168.71808481806195,56934900,2.930367940727109,1.8738686621079248,4.055154570640838,172.51028594970703
2023-11-02,175.2003936767578,175.40758286457637,173.11855033416663,173.17774724497193,77334800,2.022646431785887,2.069311351707981,2.2890325304097416,172.6415107727051
2023-11-03,174.29266357421875,174.46040823420765,171.03671292563865,171.91483559510309,79829200,2.377827979115665,-0.5181096249211703,3.4236953085689947,172.6000717163086
2023-11-06,176.8382110595703,177.03553909275448,173.85852313161243,174.02625271257716,63841300,2.8119583469931513,1.4605017980390267,3.1770159611420468,172.61190948486328
2023-11-07,179.3937225341797,180.0054441684603,176.58174814434753,176.78893738265648,70530000,2.6047851515232026,1.4451127159098576,3.4236960241127576,172.78112335205077
2023-11-08,180.4493865966797,181.00191115396063,179.1667317000403,179.91659936077735,49340300,0.5327872359023331,0.5884620975513011,1.8351794539203468,172.93356018066407
2023-11-09,179.97579956054688,181.66297171772456,179.38380034968415,180.51846299464347,53763500,-0.5426634340965961,-0.26244868163022295,2.2791713680404087,173.01742553710938
2023-11-10,184.1548767089844,184.32284238950197,181.31944959381735,181.75415237279827,66133400,2.40072433618613,2.322021715498268,3.0033927956846185,173.40200271606446
2023-11-13,182.57411193847656,183.7892925333636,181.9912220269046,183.58183039704093,43627500,-1.0077184585643693,-0.8583887642605759,1.7980705064589984,173.713956451416
2023-11-14,185.1823272705078,185.84425545326624,184.0560589323069,185.4391901985185,60108400,-0.25686292801069044,1.4285789503991397,1.7881965209593318,174.23377227783203
2023-11-15,185.7454833984375,187.21754232445392,185.51825788469085,185.5874219964848,53790500,0.15806140195269336,0.3041090023169657,1.699284439763062,174.84637222290038
2023-11-16,187.4249725341797,188.6599164347462,186.37772744350028,187.28665942031617,54412900,0.13831311386351786,0.904188411483231,2.282188991245931,175.5616912841797
2023-11-17,187.40524291992188,188.08693448765237,186.29873780998344,187.9584954748911,50922700,-0.5532525549692195,-0.010526673148747445,1.7881966776689353,176.40330352783204
2023-11-20,189.14404296875,189.59850904887813,187.592960955599,187.6028350817968,46505100,1.5412078869532024,0.9278289239597726,2.005548093279117,177.325936126709
2023-11-21,188.34376525878903,189.21317059662823,187.4546116723618,189.1044949293984,38134500,-0.7607296706093791,-0.42310489793917494,1.7585589242664241,178.18684844970704
2023-11-22,189.0056915283203,190.6061739981544,188.53147729188777,189.1835312888568,39617700,-0.17783976053650008,0.35144580900874356,2.0746967062666215,179.19629592895507
2023-11-24,187.681884765625,188.6006760331266,186.9705556859451,188.5710385777235,24048300,-0.889153812098499,-0.7004057666152086,1.630120347181503,180.3472442626953
2023-11-27,187.5040283203125,188.37343380166536,186.6247487130357,187.6324673323309,40552600,-0.12843901201839003,-0.09476484399898455,1.7486850886296565,181.42368698120117
2023-11-28,188.1067047119141,188.77852223213688,187.1187492983536,187.4941771795076,38415400,0.6125275324064887,0.3214205033355455,1.6597729337832732,182.42814559936522
2023-11-29,187.08909606933597,189.77633577367203,186.6939199672285,188.6006665186497,43014200,-1.511570449313723,-0.5409741476980257,3.082415806443521,183.35804290771483
2023-11-30,187.662109375,188.0276630931468,185.92331344476767,187.55343368717288,48794400,0.10867568782711601,0.3062783014632142,2.1043496483791273,184.1587257385254
2023-12-01,188.9365692138672,189.25270705783996,186.95076949469112,188.0375263099119,45704800,0.8990429039552907,0.6791247541188428,2.30193756314884,184.84553451538085
2023-12-04,187.14833068847656,187.7608731123796,185.19218377665425,187.69170901814908,43389500,-0.543378329672521,-0.9464755991024809,2.5686893357253666,185.48831787109376
2023-12-05,191.09027099609372,192.05846275973383,187.8892910892655,187.9189436108549,66628400,3.1713273852388113,2.1063187115351933,4.16917167046833,186.20092086791993
2023-12-06,190.0035552978516,192.4141533735728,189.79607806848605,192.10788966712872,41089700,-2.104334369277126,-0.5686923214758277,2.618075305086734,186.7314125061035
2023-12-07,191.93006896972656,192.6512720749557,191.2582515665674,191.29777821822412,47477700,0.6322907515024383,1.0139355912866632,1.3930205083883038,187.30544662475586
2023-12-08,193.3527069091797,193.62933314213197,191.33726998338577,191.86088500111677,53406400,1.4918219080629171,0.7412272329655245,2.2920631587462026,187.9742919921875
2023-12-11,190.8531951904297,191.15947399253525,189.11439931154692,190.78404615931,60943700,0.06914903111967874,-1.2927213477926913,2.0450746809883356,188.30920791625977
2023-12-12,192.36476135253903,192.3746354774224,189.41076991243543,190.75438957156285,52696900,1.6103717809761804,0.7920046403211201,2.9638655649869747,188.7987403869629
2023-12-13,195.57562255859372,195.61513413450965,192.50308121236984,192.740180817866,70404200,2.835441740727731,1.6691524910689148,3.11205292213981,189.3184051513672
2023-12-14,195.72384643554688,197.21565367427257,193.7973364054036,195.63493406684867,66831600,0.08891236869820318,0.07578852364831246,3.418317268868975,189.81732330322265
2023-12-15,195.1903381347656,196.01032777733312,194.6271963711933,195.1508114803035,128538400,0.0395266544620938,-0.2725821664029904,1.3831314061398245,190.20559158325196
2023-12-18,193.53054809570312,194.2616403879697,192.0486152607036,193.72813612536964,55751900,-0.19758802966651956,-0.8503443638262942,2.213025127266093,190.51185684204103
2023-12-19,194.56790161132807,194.57777573643529,193.5305456250714,193.797297752966,40714100,0.7706038583620796,0.53601538663135,1.0472301113638878,190.7830497741699
2023-12-20,192.4833068847656,195.29897006409448,192.4833068847656,194.52836624027825,52242800,-2.045059355512649,-1.0713970337855039,2.8156631793288796,190.99002685546876
2023-12-21,192.3351287841797,194.7062305271897,191.16934877699248,193.73803856316968,46482500,-1.4029097789899936,-0.07698231238026931,3.5368817501972103,191.15649871826173
2023-12-22,191.2681121826172,193.05630849032943,190.6456956495467,192.829067964765,37149600,-1.5609557821478006,-0.5547694840289941,2.4106128407827327,191.33581008911133
2023-12-26,190.72476196289065,191.5546407459069,190.5074106042434,191.27801448490152,28919300,-0.5532525220108653,-0.28407778668707584,1.0472301416635048,191.49684677124023
2023-12-27,190.8235626220703,191.16935301152336,188.7883770898652,190.1715235726757,48087700,0.6520390493946024,0.05180274347327263,2.3809759216581483,191.63268966674804
2023-12-28,191.24839782714844,192.3153914106068,190.8433325169925,191.80165040931152,34049900,-0.5532525821630827,0.22263246699754102,1.472058893614303,191.84065475463868
2023-12-29,190.2110137939453,192.058485197286,189.42064661751613,191.56450759639276,42672100,-1.3534938024474457,-0.5424275680158686,2.6378385797698627,191.96809997558594
2024-01-02,183.4040069580078,186.17028459685412,181.6750853181039,184.89581391743903,82488700,-1.4918069594312158,-3.5786607200945286,4.495199278750221,191.69147186279298
2024-01-03,182.03077697753903,183.6411490551268,181.22064633789287,182.00113952243032,58414500,0.02963745510871263,-0.7487458988740592,2.4205027172339157,191.4355941772461
2024-01-04,179.71893310546875,180.88471299934187,178.70134046081682,179.95603270422265,71983600,-0.2370995987539004,-1.270029118403171,2.183372538525049,190.86702728271484
2024-01-05,178.99774169921875,180.5587129492039,177.99991223040004,179.79799818956093,62379700,-0.8002564903421785,-0.40128849742656625,2.558800718803866,190.3167366027832
2024-01-08,183.324951171875,183.3644778190013,179.3138557634904,179.89674567111302,59144500,3.428205500761976,2.417465958831788,4.0506220555109,189.88648071289063
2024-01-09,182.9100646972656,182.9199388244019,180.5290885321457,181.7047578864997,42841800,1.2053068107659044,-0.2263120606100344,2.3908502922562036,189.3643486022949
2024-01-10,183.9474029541016,184.15486512874932,181.7047401626592,182.12956878813148,46792900,1.8178341659701118,0.5671302224691033,2.4501249660901294,189.01905899047853
2024-01-11,183.35459899902344,184.7970202008086,181.40832608034748,184.293153408918,49128400,-0.9385544098945502,-0.3222681840341468,3.3886941204611105,188.56855087280275
2024-01-12,183.68063354492188,184.49076406507768,182.95943045197853,183.81894667336303,40477800,-0.13831312844115473,0.1778163993040538,1.5313336130991502,187.97380142211915
2024-01-16,181.418212890625,182.04061439740985,178.75072186869164,179.9659175831278,65603000,1.4522953074971952,-1.2317143133892539,3.2898925287182124,187.25851974487304
2024-01-17,180.4796600341797,180.72664884969063,178.12833676151584,179.08665457169852,47317400,1.3930054624811703,-0.5173421353296792,2.5983120881747936,186.52298583984376
2024-01-18,186.3580017089844,186.86185345428623,183.59172402252184,183.8485869578717,78005800,2.5094147511127005,3.2570660171298282,3.2701294317643885,186.16435852050782
2024-01-19,189.252685546875,189.6379874512041,186.54569809210085,187.04954979007,68903000,2.203135756805011,1.5532919495514497,3.092289359103262,185.89859771728516
2024-01-22,191.5546417236328,192.977299687494,189.94426985134533,189.9837965031197,60133900,1.570845220513121,1.216340032431229,3.033029836148671,185.8521644592285
2024-01-23,192.8291015625,193.39224330006388,191.49537099853464,192.67104017695664,42355600,0.15806138554336258,0.665324435575898,1.8968723015292426,185.87686309814453
2024-01-24,192.15728759765625,194.0146482092326,191.999211146671,193.06620457832125,53631300,-0.9089169806649977,-0.348398638690961,2.0154370625616025,185.92132186889648
2024-01-25,191.8312530517578,193.9059649333701,190.7840229862772,192.868608992564,54822100,-1.0373559408061794,-0.16967066405574327,3.1219419470928926,185.97664642333984
2024-01-26,190.10235595703125,192.41416772814077,189.6281416366758,191.93007928184088,44594000,-1.8277233248096252,-0.9012593449827966,2.7860260914649757,185.9405860900879
2024-01-29,189.420654296875,189.8849944665396,187.29655655692048,189.69728055859,47145600,-0.2766262617149948,-0.3585971655766018,2.588437909619131,185.8491989135742
2024-01-30,185.77508544921875,189.4898065747188,185.21195883551243,188.64016451675863,55859400,-2.865079067539881,-1.9245888792795651,4.277847739206379,185.62740249633788
2024-01-31,182.17893981933597,184.846431021382,182.12955411744667,184.7871410441138,55467800,-2.6082012247778437,-1.9357523756143191,2.716876903935315,185.5661491394043
2024-02-01,184.6093292236328,184.69824158324056,181.6059517240919,181.77390231724044,64885400,2.835426906392371,1.3340671576566487,3.09228985914865,185.695076751709
2024-02-02,183.6114959716797,185.07366557426653,177.0909850527091,177.6936383802958,102551700,5.917857591383893,-0.5405107402477793,7.982680521557427,185.88970489501952
2024-02-05,185.41943359375,186.9705305681493,183.60159955655652,185.8837737660224,69668800,-0.46434017227238655,0.9846538270943395,3.368931011592764,186.2107894897461
2024-02-06,187.0199432373047,187.02981736340612,184.5204175084795,184.6093298683978,43490800,2.410613368906894,0.8631833311827375,2.509399854926613,186.3955390930176
2024-02-07,187.1286163330078,188.74886241631052,186.33824908078665,188.3437971267345,53439000,-1.215180793726688,0.058107757826242334,2.4106133355238626,186.6064666748047
2024-02-08,186.0517425537109,187.257034106798,185.0934247416245,187.1088468471974,40962000,-1.0571042934865034,-0.5754725281463813,2.1636093651734996,186.71168365478516
2024-02-09,186.8134307861328,187.94113632063824,185.97259122428568,186.61557552858977,45155200,0.1978552575430399,0.40939591425863675,1.9685450963525568,186.88462524414064
2024-02-12,185.13177490234372,186.6353875018477,184.77565652599384,186.3880834931113,41781900,-1.2563085907675884,-0.9001793268891278,1.8597309758538643,186.95718231201172
2024-02-13,183.04449462890625,184.20189045877692,181.5309955827504,183.76663306878044,56529500,-0.7221384398741861,-1.1274565236240486,2.670894876026523,187.0384963989258
2024-02-14,182.16409301757807,183.52921572281525,180.4725423642709,183.32148884677065,54630500,-1.1573958291925805,-0.48097683195174046,3.0566733585443444,187.1227180480957
2024-02-15,181.87725830078125,182.50046922442783,179.39433152096026,181.57060374922136,65434500,0.3066545515598875,-0.15745952566466048,3.1061377034675672,186.89868087768554
2024-02-16,180.34396362304688,182.8565806751117,179.71086599707365,181.44199396902647,49752500,-1.0980303459795948,-0.8430381522458785,3.145714678038047,186.4532447814941
2024-02-20,179.60202026367188,180.4626331892475,178.05884601330092,179.82953567385852,53665600,-0.22751541018664057,-0.411404598451548,2.403787175946576,185.85561370849607
2024-02-21,180.35385131835935,180.91769653606136,178.71174929095213,179.9779444437335,41371400,0.3759068746258549,0.41860946418292855,2.205947245109229,185.23185119628903
2024-02-22,182.38172912597656,182.9653779737103,180.49233824441416,181.50132758611664,52292200,0.8804015398599176,1.1243884135513138,2.473039729296147,184.74307327270506
2024-02-23,180.5517120361328,183.0445255364629,180.26483093781445,183.01485026342843,45119700,-2.463138227295616,-1.0033993528922536,2.7796945986484616,184.1790962219238
2024-02-26,179.20635986328125,180.78909628027105,178.7018500832812,180.27471486922383,40867400,-1.0683550059425784,-0.7451339883070895,2.0872461969898666,183.6342964172363
2024-02-27,180.6605224609375,181.9366044562996,177.6236221032545,179.1470231922399,54318900,1.5134992686975863,0.8114458654065793,4.312982353045101,183.19628982543944
2024-02-28,179.46359252929688,181.14525696926825,178.18751033436442,180.54183451262807,48953900,-1.0782419833311963,-0.6625298738961782,2.9577466349038275,182.88071517944334
2024-02-29,178.80079650878906,180.60117691942327,177.59395175081718,179.3151930681472,136682600,-0.514396559358147,-0.36932060211578577,3.007225168606084,182.711808013916
2024-03-01,177.7225341796875,178.5831471920378,175.46712311031385,177.6137198257161,73563100,0.10881435397141104,-0.6030523074591287,3.116024081723964,182.36746826171873
2024-03-04,173.21173095703125,174.99230771576262,171.91584529303745,174.25039570154502,81510100,-1.038664744513767,-2.5381155200586814,3.0764624227251716,181.84748001098632
2024-03-05,168.285400390625,170.1846930657021,167.7907924514621,168.91849794898403,95132400,-0.6330975583590259,-2.8441090792102997,2.3939006142400103,180.99077835083006
2024-03-06,167.2961883544922,169.39333632878757,166.86093094295472,169.21526961759642,68587700,-1.919081263104232,-0.5878180958280632,2.5324053858328455,180.00459060668942
2024-03-07,167.17747497558594,168.88881413208614,166.67298033709926,167.32585131213037,71765100,-0.1483763365444304,-0.07096000218169696,2.215833794986878,179.00703353881835
2024-03-08,168.88880920410156,171.82678133583968,167.11811956465033,167.17747009753631,76267000,1.711339106565248,1.0236631632135396,4.708661771189355,178.14888687133788
2024-03-11,170.8870391845703,172.49946586057737,170.1945911039721,171.07499261235472,60139500,-0.18795342778440727,1.1831630466728527,2.3048747566052725,177.35256729125973
2024-03-12,171.36184692382812,172.15322257397557,169.16578666443067,171.28270784938988,59825400,0.07913907443824542,0.277848888671417,2.9874359095448995,176.66407089233397
2024-03-13,169.28451538085938,171.32229764254458,168.91849524765144,170.90682879160028,52488700,-1.622313410740901,-1.2122485723978782,2.403802394893148,175.9760719299316
2024-03-14,171.1343536376953,172.43022407386235,170.19460153541087,171.04532782778392,72913500,0.08902580991139075,1.0927391986645274,2.23562253845148,175.4245849609375
2024-03-15,170.75845336914062,170.75845336914062,168.45357838204507,169.3240932528417,121752700,1.434360116298933,-0.2196521391318651,2.304874987095559,174.86864471435547
2024-03-18,171.84661865234375,175.7935962460948,171.64877845516034,173.67667443832926,75604200,-1.8300557859855076,0.6372541222604999,4.144817790934468,174.44377746582032
2024-03-19,174.18112182617188,174.70540499850514,171.1640105835326,172.45988088096897,55215200,1.7212409452029078,1.3584807150328393,3.541394414972558,174.1727325439453
2024-03-20,176.7432098388672,176.7432098388672,173.2018149693641,173.82502584048726,53423100,2.9181839983799307,1.470933236526184,3.5413948695030797,173.9922004699707
2024-03-21,169.5218963623047,175.5759069490651,168.99761322817335,175.14064960882752,106181300,-5.618753246522829,-4.085765718041445,6.578293720891736,173.3492088317871
2024-03-22,170.42213439941406,171.18383495977668,168.22607363158104,169.90773784358905,71160100,0.5143965558250159,0.5310452846665648,2.9577613281956303,172.84272994995118
2024-03-25,169.0075225830078,170.0857641639875,167.62261143010488,168.73054337127422,54288300,0.27697921173358964,-0.8300634312505828,2.463152733882623,172.3327880859375
2024-03-26,167.87985229492188,169.57140318495337,167.75124938607289,168.16671829054096,57388400,-0.2868659956190811,-0.6672308254989545,1.820153798880483,171.69375457763672
2024-03-27,171.4409942626953,171.72787530814264,168.27550660374618,168.57227437363676,60273300,2.8687198890585535,2.121244401333766,3.452368704396463,171.29262466430663
2024-03-28,169.6307373046875,170.37264922530974,168.67119667981044,169.89782982249778,65672700,-0.2670925178102834,-1.055906707606935,1.7014525454993077,170.83412170410156
2024-04-01,168.1963653564453,169.40320986933065,167.65229363436822,169.34385933496506,46240500,-1.1474939785197478,-0.8455849281995387,1.7509162349624319,170.35781326293946
2024-04-02,167.01919555664062,167.51380346702695,166.41577330219988,167.25661278755086,49329500,-0.23741723091023914,-0.6998782627139488,1.0980301648270654,170.0481864929199
2024-04-03,167.82044982910156,168.83934086761522,166.76199680113655,166.969723660667,47691700,0.8507261684345622,0.47973783479828835,2.0773440664786733,170.02493896484376
2024-04-04,166.9994354248047,170.06599565718972,166.9994354248047,168.4535689105981,53704400,-1.4541334857934203,-0.489221906587034,3.0665602323850294,170.01010131835938
2024-04-05,167.751220703125,168.55248310289795,167.12800990586356,167.76110742740823,42104800,-0.009886724283234116,0.45017234723456756,1.4244731970343878,170.03878860473634
2024-04-08,166.6334228515625,167.37533481002382,166.4256959559663,167.20716991074772,37425500,-0.573747059185223,-0.6663426035752651,0.9496388540575254,169.92601928710937
2024-04-09,167.8402862548828,168.24586846008486,166.53452891117558,166.8807454739117,42373800,0.9595407809711105,0.724262505485096,1.7113395489092795,169.773681640625
2024-04-10,165.97064208984375,167.2665125006067,165.30786924976792,166.9796465317702,49709300,-1.009004441926436,-1.113942431079873,1.9586432508387759,169.50412139892578
2024-04-11,173.15234375,173.5678277091418,166.34654865134516,166.5246002673459,91070300,6.627743482654097,4.327091568561037,7.221279057796636,169.6975128173828
2024-04-12,174.64608764648438,176.43656618963917,172.33132583138607,172.38077455594663,101670900,2.265313090537745,0.8626761059850718,4.1052403582530985,169.87309951782225
2024-04-15,170.8276824951172,174.72519524382946,170.6397290741028,173.46888692512982,73531800,-2.6412044300126354,-2.1863674147091894,4.085466169726658,169.8765609741211
2024-04-16,167.5533905029297,171.88614579113815,166.45536027289515,169.8978273072319,73711200,-2.3444368043022052,-1.9167221286169989,5.430785518242999,169.6618995666504
2024-04-17,166.1882781982422,168.80969440593617,166.1882781982422,167.78091646807815,50901200,-1.592638269835959,-0.8147327252465475,2.621416207693983,169.26225738525392
2024-04-18,165.23861694335938,166.8213684176903,164.75391081370103,166.21794611620325,43122900,-0.979329172843876,-0.5714369660596574,2.0674576039892827,168.68702774047853
2024-04-19,163.2206268310547,164.60552308162335,162.31054999578998,164.41758473594675,68149400,-1.1969579048920593,-1.2212581717483295,2.2949730858333623,168.37196426391603
2024-04-22,164.0515594482422,165.45624419964858,162.99310629576294,163.73501821268977,48116400,0.3165412355524211,0.5090855447134057,2.463137903885638,168.0534355163574
2024-04-23,165.10012817382812,165.24851961582092,163.14148491226467,163.56685559955991,49537800,1.53327257426821,0.6391702274044953,2.107034703556252,167.85806579589843
2024-04-24,167.19728088378906,167.47426013692973,164.41758653276062,164.74401450706145,48251800,2.453266376727612,1.270230818811302,3.056673604169106,167.8239372253418
2024-04-25,168.05787658691406,168.77011319134087,166.33663561051003,167.70175828470067,50558300,0.3561183022133889,0.5147187194528335,2.4334775808308393,167.65478134155273
2024-04-26,167.47422790527344,169.49222137466865,167.3555117523201,168.0479748461393,44838400,-0.573746940865874,-0.34729028683090357,2.1367096223485476,167.54695587158204
2024-04-29,171.62893676757812,174.13165146794697,171.23325649572146,171.50033388681905,68169400,0.12860288075907533,2.4808049060865978,2.8983949722255034,167.71858444213868
2024-04-30,168.49314880371094,173.10289859543835,168.1667057400835,171.46079655206535,65934800,-2.967647748354409,-1.8270741653044875,4.936192855354847,167.7922821044922
2024-05-01,167.47422790527344,170.84745720339302,167.28627449947876,167.7512071051074,50383100,-0.2769791998339599,-0.604725418019525,3.5611827039142554,167.77497100830078
2024-05-02,171.1640167236328,171.5498103000238,169.04709541575278,170.64962025703286,94214900,0.5143964665999476,2.2031979872427776,2.502714884271029,167.9832000732422
2024-05-03,181.40240478515625,184.9833612803204,180.6901681758964,184.6371297001228,163224100,-3.234724914966563,5.981624092203153,4.293193104424006,168.66575927734374
2024-05-06,179.75042724609375,182.21356516877452,178.47433028646978,180.3835248162661,78569700,-0.6330975701723389,-0.9106701430000474,3.7392348823047428,169.3216094970703
2024-05-07,180.43296813964844,182.9060078076493,179.36462828599997,181.47164781905605,77305800,-1.0386796794076076,0.37971586716745165,3.5413795216493327,169.95124359130858
2024-05-08,180.76931762695312,181.09576068278213,179.4932206728727,180.8781319788961,45057100,-0.10881435194298206,0.1864124338099682,1.6025400099094327,170.69117736816406
2024-05-09,182.57960510253903,182.6686309202814,180.1461270912472,180.5912712741972,48983000,1.9883338283418368,1.0014351436131053,2.522503829034207,171.16254043579102
2024-05-10,181.3215789794922,183.34230991411323,180.4102677646858,183.1541015442068,50759500,-1.8325225647146226,-0.6890288333904149,2.932042149427417,171.4963150024414
2024-05-13,184.5210723876953,185.3333368917867,182.87674310968825,183.6890076137796,72044800,0.8320647739157039,1.7645408926010964,2.4565937820984516,172.1809844970703
2024-05-14,185.6602478027344,186.5220433973923,184.5310124751568,185.7394942433186,52393600,-0.07924644058419972,0.6173687375095938,1.9910309222354954,173.08632736206056
2024-05-15,187.9286193847656,188.8498308462509,185.60080260352012,186.13571225801192,70400000,1.7929071267536756,1.221786359157151,3.2490282427307875,174.17334442138673
2024-05-16,188.0474548339844,189.29556710780693,187.86916171755817,188.67151097089564,52845200,-0.6240561369112356,0.06323435440958036,1.4264053902487603,175.31378631591798
2024-05-17,188.0771484375,189.00827490956243,187.3936613414241,187.7205471314912,41282900,0.35660130600879825,0.015790484131694704,1.6146135681383385,176.55661239624024
2024-05-20,189.23614501953125,190.10784067213936,187.22531400566533,187.5422997392361,44361300,1.693845280295136,0.6162346630943283,2.8825266664740354,177.8158416748047
2024-05-21,190.5337371826172,190.9101387467369,189.11723212761945,189.28562508532968,42309400,1.2481120972875033,0.6856999559740729,1.7929066191174456,179.08752212524413
2024-05-22,189.0974273681641,190.999311136132,188.47338639917345,190.45450146899057,34648500,-1.3570741008264804,-0.7538349038293757,2.525924736958558,180.1825294494629
2024-05-23,185.11541748046875,189.19651013997455,184.8677780692908,189.1766947549615,51005900,-4.061277274492738,-2.105798023334582,4.328732070683742,181.03540649414063
2024-05-24,188.1861267089844,188.7804673088457,186.26444256610336,187.0370913918068,36327000,1.1490353171776064,1.6588079319971527,2.5160247427423315,182.07100143432618
2024-05-28,188.1960601806641,191.1776333738516,187.31446444482384,189.7016969806021,52280100,-1.505636799938003,0.0052785355931339595,3.8631689290277507,182.89935760498048
2024-05-29,188.4932098388672,190.43470949642943,187.72057607583483,187.8196378873868,53068000,0.6735719514803975,0.1578936657429697,2.7141334205946066,183.8993606567383
2024-05-30,189.48377990722656,190.3653756748288,188.8300232981759,188.9587855239753,49889100,0.5249943832512542,0.525520292856263,1.5353523766529236,184.99983825683597
2024-05-31,190.4346923828125,190.7516780595243,188.1167913020161,189.6323431713606,75158300,0.8023492114519115,0.5018437335646997,2.634886757508184,185.96337203979493
2024-06-03,192.19790649414065,193.14884852262287,190.7021698304424,191.07857147290116,50080500,1.1193350212394932,0.9258891272729608,2.446678692180484,186.50314712524417
2024-06-04,192.514892578125,193.47573474401025,191.20734917579057,192.80214765697744,47471400,-0.2872550788524393,0.16492691817848737,2.268385568219685,187.14137039184573
2024-06-05,194.02053833007807,195.04081158591265,193.0299805970573,193.55497498638144,54156800,0.46556334369662977,0.7820931314921786,2.0108309888553606,187.82074890136718
2024-06-06,192.6436462402344,194.64457691185424,192.33657578915964,193.8422276391208,41181800,-1.1985813988864038,-0.709663060258714,2.3080011226946056,188.41446533203128
2024-06-07,195.03091430664065,195.08044521695948,192.3068805009325,192.81205951087668,53103900,2.218854795763974,1.2392145357492002,2.773564716026982,189.03703079223635
2024-06-10,191.29649353027344,195.43703247512377,190.33565137548777,195.0408003359433,97010200,-3.7443068056698507,-1.9147840175202768,5.101381099636001,189.53577651977542
2024-06-11,205.19400024414065,205.2039154935281,191.8016724106265,191.82147267998263,172373300,13.37252756415802,7.264904054118415,13.402243082901578,190.56942291259767
2024-06-12,211.05810546875,218.1207705568888,204.9463520543296,205.4119153142898,198134300,5.646190154460186,2.8578346431339163,13.174418502559206,191.83931579589847
2024-06-13,212.2170867919922,214.70338117421304,209.6020150722442,212.71236564129836,97862700,-0.4952788493061746,0.549129028078843,5.101366101968836,193.0537391662598
2024-06-14,210.48361206054688,213.13829945342,209.30484597389383,211.8307711431916,70122700,-1.3471590826447368,-0.8168403202822194,3.833453479526156,194.17554702758792
2024-06-17,214.62413024902344,216.88260054537645,210.71143044440285,211.35528688913016,93728300,3.268843359893282,1.9671451605864254,6.1711701009735975,195.50289611816407
2024-06-18,212.2666015625,216.56563344094587,210.9887887879192,215.53544497511416,79943300,-3.26884341261416,-1.0984453070528755,5.576844653026683,196.65441894531253
2024-06-20,207.7001190185547,212.2170745602359,206.8779694770392,211.90998899500863,86172500,-4.209869976453945,-2.151295828138444,5.339105083196699,197.5127380371094
2024-06-21,205.5308380126953,209.88928617334648,205.1544212217866,208.40344951202735,241805100,-2.872611499332038,-1.0444293513696024,4.734864951559871,198.33440856933595
2024-06-24,206.1746826171875,210.69162338847192,204.63931513285507,205.758650189802,80727000,0.4160324273854883,0.3132593681403728,6.05230825561685,199.3873718261719
2024-06-25,207.0959014892578,209.3840873125504,206.64023830581655,207.1751328027417,55549700,-0.07923131348388779,0.4468147399944167,2.7438490067338535,200.33286056518554
2024-06-26,211.2364044189453,212.8312027309874,208.65104852463384,209.5029286499739,66213200,1.7334757689714024,1.9993166933350848,4.1801542063535635,201.4848777770996
2024-06-27,212.0783843994141,213.70289822966825,210.3449086305272,212.6628097453943,49772700,-0.5844253459802076,0.39859605771308537,3.3579895991410638,202.66413650512695
2024-06-28,208.63124084472656,214.0297919592074,208.3142702663448,213.7326216506115,82542700,-5.101380805884929,-1.6254101352429218,5.7155216928625805,203.62150955200195
2024-07-01,214.703369140625,215.4561875080808,209.91897391071572,210.0873668962765,60402900,4.616002244348493,2.9104597524862497,5.537213597365081,204.83494338989257
2024-07-02,218.1901092529297,218.2990711847632,213.06892868617263,214.109001990837,58046200,4.081107262092701,1.6239801574892576,5.230142498590567,206.13455352783203
2024-07-03,219.45803833007807,219.45803833007807,216.96182895702523,217.92267103394252,37369800,1.5353672961355471,0.5811120776691991,2.496209373052835,207.4817108154297
2024-07-05,224.20278930664065,224.31175124030364,219.55707203955853,219.55707203955853,60412400,4.645717267082119,2.162031071026971,4.754679200745102,208.9908233642578
2024-07-08,225.6688537597656,225.69856928044197,221.1419979904105,224.9457357840812,59085900,0.7231179756844028,0.6539010766363873,4.556571290031485,210.64208374023437
2024-07-09,226.5207061767578,227.23390886254344,224.23252052432463,225.7777879719569,48076100,0.7429182048009011,0.3774789488225405,3.001388338218817,212.21657333374023
2024-07-10,230.7801055908203,230.8791673967792,227.0853299721382,227.13486087511765,62627700,3.6452447157026597,1.8803576440993508,3.793837424640998,214.19075393676758
2024-07-11,225.4212188720703,230.19569903805672,223.6382120221272,229.2051413563895,64710600,-3.7839224843191914,-2.3220748188110596,6.557487015929524,215.20211486816407
2024-07-12,228.36312866210935,230.4433055423661,226.5206910327904,226.75843028372813,53046500,1.6046983783812152,1.3050722575094431,3.9226145095756806,216.06736602783204
2024-07-15,232.1867218017578,234.99000194235265,230.88909361652625,234.2470836578572,62631300,-2.0603618560993766,1.6743478520588662,4.100908325826396,217.06584777832032
2024-07-16,232.60275268554688,234.03905824310996,230.1362587163494,232.781045805997,43234300,-0.17829312045012102,0.1791794468523733,3.9027995267605604,218.17180480957032
2024-07-17,226.71881103515625,229.27445126202852,224.4999567390704,227.28342096445024,57345900,-0.5646099292939937,-2.529609638087582,4.774494522958122,218.77653884887695
2024-07-18,222.06320190429688,228.26410233218343,220.17124832102243,228.10560948409145,66034600,-6.04240757979457,-2.0534728060731755,8.092854011160995,219.2663688659668
2024-07-19,222.1919708251953,224.65846466815103,221.17169771561296,222.6971648700337,49151500,-0.5051940448383903,0.057987509769374945,3.486766952538062,219.99096145629883
2024-07-22,221.8453063964844,225.62922890399747,220.98351093014816,224.86649525231948,48201800,-3.021188855835078,-0.15602023215485206,4.645717973849315,220.8066848754883
2024-07-23,222.8853759765625,224.7971601400939,220.57737479075328,222.25141967209163,39960300,0.6339563044708711,0.46882649760426887,4.2197853493406114,221.64221954345703
2024-07-24,216.4764862060547,222.67738745667293,215.07981125172523,221.88493822578133,61777600,-5.408452019726639,-2.8754195928860526,7.5975762049477,222.1112487792969
2024-07-25,215.4364013671875,218.76467587085637,212.5934904670528,216.86279177043605,51391200,-1.426390403248547,-0.4804608838103408,6.171185403803577,222.32124862670898
2024-07-26,215.9019470214844,217.417498981548,213.9703475571551,216.6349499920164,41601300,-0.7330029705319987,0.21609424003672384,3.4471514243928993,222.5124267578125
2024-07-29,216.1792907714844,217.22927938341869,213.7127969665886,214.91137828370984,36311800,1.2679124877745664,0.12845819772639988,3.5164824168300868,222.88982925415038
2024-07-30,216.7340240478516,218.2495760935564,214.0793215979517,217.1203409396055,41643800,-0.38631689175392125,0.25660796387456664,4.170254495604723,222.99136199951172
2024-07-31,219.9830322265625,221.70660788092644,218.5467267386139,219.34907597117163,50036300,0.6339562553908706,1.4990762031869886,3.1598811423125426,223.08100814819335
2024-08-01,216.29815673828125,222.36036437427163,214.97081319041695,222.2514024343897,62501000,-5.953245696108439,-1.675072595820104,7.389551183854678,222.92301406860352
2024-08-02,217.7839813232422,223.4697870434651,215.6542886583774,217.0806788194536,105568600,0.703302503788592,0.6869335399648291,7.815498385087693,222.6020736694336
2024-08-05,207.2940216064453,211.48407659683,194.14931622004067,197.210135996183,119548600,10.083885610262314,-4.816681030928227,17.33476037678932,221.68333206176757
2024-08-06,205.27325439453125,208.00720313955475,199.17143085232243,203.36148541473497,69660500,1.9117689797962782,-0.9748313995039171,8.835772287232317,220.62095947265624
2024-08-07,207.8388214111328,211.62274392073397,204.4412006806638,204.94637966039352,63516400,2.8924417507392945,1.2498301467324113,7.1815432400701695,219.47389526367186
2024-08-08,211.2958526611328,212.17744837655164,206.8581585633277,211.097744151489,47161100,0.19810850964381643,1.663323159036545,5.319289813223946,218.767626953125
2024-08-09,214.19818115234372,214.7330756065884,209.9684959625569,210.09727328743648,42201600,4.100907864907242,1.3735851672704413,4.7645796440315,218.05937957763672
2024-08-12,215.7254180908203,217.68898821235916,213.81143620679725,214.27753840147545,38028100,1.4478796893448589,0.7130018239465796,3.8775520055619097,217.23631439208984
2024-08-13,219.43438720703125,220.04923895369575,217.19312608520667,217.19312608520667,44155300,2.2412611218245786,1.719300928483758,2.8561128684890775,216.57789611816406
2024-08-14,219.88067626953125,221.1798064675701,217.8774293678053,218.74022238953543,41960600,1.1404538799958175,0.203381552080506,3.3023770997648114,216.23598937988282
2024-08-15,222.8557586669922,223.48053712623224,220.9120118672479,222.7367590108339,46414000,0.11899965615828023,1.353044045495877,2.568525258984323,216.27561721801757
2024-08-16,224.17474365234372,224.94827173921567,221.7946444270254,222.0624088054674,44340200,2.1123348468763083,0.5918559130986933,3.153627312190281,216.374755859375
2024-08-19,224.0160675048828,224.115243980586,221.1897044016044,223.84747960195196,40687800,0.16858790293085235,-0.07078234812526452,2.9255395789816134,216.48329391479493
2024-08-20,224.63092041015625,225.28544883578485,223.5797163441377,223.8970689622142,30299000,0.7338514479420439,0.2744682165532808,1.7057324916471543,216.5705711364746
2024-08-21,224.52182006835935,226.08871448701356,223.1830285060583,224.6408348597364,34765500,-0.11901479137705451,-0.048568710664453896,2.905685980955269,216.97283782958985
2024-08-22,222.66734313964844,226.4457337259973,222.04256465043304,225.90029338876204,43695300,-3.2329502491135997,-0.8259673505881415,4.40316907556425,217.3343849182129
2024-08-23,224.9581756591797,226.32673228874265,222.46900358067504,223.78797197411373,38677300,1.1702036850659567,1.0288138741991082,3.8577287080676115,217.78719635009764
2024-08-26,225.2953643798828,225.39454085782168,222.0326640536948,224.87885041051024,30602200,0.41651396937257346,0.1498895160022995,3.3618768041268936,218.24300003051758
2024-08-27,226.1383056640625,226.95151036486345,223.02435510684415,224.12514736512037,35934600,2.0131582989421304,0.3741494133711276,3.9271552580192974,218.7132141113281
2024-08-28,224.611083984375,227.95312221094204,223.80779089178384,226.0292136907944,38052200,-1.4181297064193927,-0.6753485108163204,4.145331319158203,218.94461669921876
2024-08-29,227.88368225097656,230.98772097763543,226.98124300552124,228.191123238114,51906300,-0.30744098713742574,1.457006577123865,4.006477972114197,219.5238929748535
2024-08-30,227.1002655029297,228.4886453526855,225.59287085733376,228.28039594132483,52990800,-1.180130438395139,-0.3437792211835822,2.8957744953517306,219.98970718383788
2024-09-03,220.92193603515625,227.10024860517052,219.33520335446548,226.65398476754007,50190600,-5.7320487323838165,-2.7205293899992045,7.765045250705043,220.67110290527344
2024-09-04,219.01788330078125,219.94016096302124,215.6758297855004,219.82116129878528,43840200,-0.8032779980040345,-0.8618667609684549,4.26433117752083,221.35833435058595
2024-09-05,220.53515625,223.60942979215412,219.6822901432701,219.79137819641707,36615400,0.743778053582929,0.692762128074742,3.9271396488840082,221.9931510925293
2024-09-06,218.98814392089844,223.3714749735505,217.94685141211724,222.09216799264016,48423000,-3.104024071741719,-0.7014810497369628,5.424623561433265,222.37776565551758
2024-09-09,219.07737731933597,219.4343914347755,214.9122227273444,218.9881275735273,67180000,0.08924974580867229,0.04074805002673987,4.522168707431092,222.6217254638672
2024-09-10,218.28399658203125,219.6426263973432,214.93203178151688,217.1038662465979,51591000,1.180130335433347,-0.3621463553255211,4.710594615826324,222.74965438842773
2024-09-11,220.81285095214844,221.23927647566492,216.0824178921796,219.62280899168329,44587100,1.1900419604651518,1.1585156996000157,5.156858583485331,222.8185775756836
2024-09-12,220.92193603515625,221.6954640556368,217.99641184157417,220.65417167969628,37455600,0.267764355459974,0.049401600739007456,3.6990522140626183,222.87064056396486
2024-09-13,220.6542053222656,222.18142327621288,220.06910342078112,221.7252477752003,36766600,-1.0710424529347051,-0.12118792624017383,2.112319855431764,222.76056289672852
2024-09-16,214.5254669189453,215.4179946756504,212.14536768072225,214.74362792854853,59357400,-0.2181610096032216,-2.7775307496946455,3.272626994928146,222.2780990600586
2024-09-17,214.99156188964844,215.10064996456288,212.72056577105596,213.96019610771708,45519300,1.0313657819313562,0.21726789709271,2.3800841935069172,221.82687377929688
2024-09-18,218.85919189453125,220.8624385201308,215.7353147340035,215.745241460142,59894900,3.1139504343892384,1.7989682808425833,5.127123786127299,221.5382873535156
2024-09-19,226.9713134765625,227.9134444812765,222.7664977595388,223.12351184232412,66781300,3.8478016342383796,3.7065482659464966,5.14694672173772,221.66076202392577
2024-09-20,226.306884765625,231.1563174701668,225.7316945408236,228.0622053540531,318679900,-1.7553205884281056,-0.2927368665054275,5.424622929343201,221.8427391052246
2024-09-23,224.59124755859372,227.54652178723228,223.9367191660146,225.4540253555904,54146000,-0.8627777969966814,-0.7581020828456353,3.609802621217682,221.82439270019532
2024-09-24,225.48377990722656,227.4473651253421,223.85738561877668,226.75316007712863,43556100,-1.269380169902064,0.3974029969266768,3.589979506565413,221.8338134765625
2024-09-25,224.49208068847656,225.4044467600896,222.1615848378298,223.064024182576,42308700,1.428056505900571,-0.4398095593208695,3.242861922259806,221.7515022277832
2024-09-26,225.63253784179688,226.6044036950252,223.54004142995944,225.41436171300208,36636700,0.21817612879479498,0.5080166524461527,3.0643622650657676,221.8025749206543
2024-09-27,225.9002685546875,227.6159275297645,225.4143432340109,226.5647236129495,34026000,-0.664455058262007,0.11865784760101139,2.201584295753605,221.70340423583986
2024-09-30,231.0670928955078,231.0670928955078,227.7448775670891,228.13164162372897,54541900,2.9354512717788452,2.2872147845939717,3.3222153284187073,221.90174560546876
2024-10-01,224.33343505859372,227.74488511973172,221.88392424124007,227.61597385138083,63285000,-3.2825387927871077,-2.914156989008887,5.860960878491653,222.07232055664062
2024-10-02,224.89866638183597,225.48376819979168,221.16986421787885,224.01605029183685,32880600,0.882616089999118,0.25196035673176187,4.31390398191283,222.36635971069336
2024-10-03,223.79786682128903,224.92840891217836,221.4673712198949,223.27226484855484,34044200,0.5256019727341936,-0.4894646901453692,3.461037692283469,222.5294952392578
2024-10-04,224.91851806640625,226.10856009308668,222.27066963907552,226.00938361911108,37245100,-1.0908655527048268,0.5007425946611521,3.837890454011159,222.8260139465332
2024-10-07,219.8509063720703,223.81772316941647,219.4938922550209,222.63759275105315,39505400,-2.7866863789828358,-2.2530878017077094,4.323830914395558,222.86469039916992
2024-10-08,223.8970642089844,224.1053136194961,221.3979653574062,222.43925780658088,31855700,1.45780640240352,1.8404098958166193,2.70734826208988,223.14534378051758
2024-10-09,227.63577270507807,227.84403724277385,222.9648544526125,223.3615300750172,33591100,4.274242630060854,1.6698336395353452,4.879182790161337,223.48648986816406
2024-10-10,227.1399383544922,227.59612897487835,225.28545621996585,225.8903964273224,28183500,1.249541927169787,-0.21781916993700579,2.3106727549125026,223.79738998413086
2024-10-11,225.66229248046875,227.5068628874906,225.4540279414576,227.3977748208096,31759200,-1.7354823403408375,-0.6505442788829585,2.0528349460329878,224.04779434204102
2024-10-14,229.38119506835935,229.80762063057296,226.70359663127624,226.8027579765277,39882100,2.5784370918316597,1.6479946857814065,3.1040239992967145,224.79058074951172
2024-10-15,231.91004943847656,235.51985237359267,230.4423162246621,231.67203496624023,64751400,0.23801447223632977,1.1024680420570476,5.077536148930562,225.63650512695312
2024-10-16,229.8571929931641,230.19436878170097,227.93328446814013,229.6786935047168,34082200,0.1784994884473008,-0.8851951221100829,2.2610843135608434,226.18640518188477
2024-10-17,230.22413635253903,231.91004568892728,228.6076687095473,231.49351658619665,32993800,-1.269380233657614,0.15963971133410304,3.3023769793799715,226.3490463256836
2024-10-18,233.0504913330078,234.2206950473064,232.0686987091599,234.2206950473064,46431500,-1.1702037142985944,1.2276536358207135,2.1519963381465175,226.68622665405275
2024-10-21,234.5182037353516,234.88514457730523,232.5050454306036,232.5050454306036,36254500,2.0131583047480035,0.6297830113760838,2.380099146701639,227.1825744628906
2024-10-22,233.9033660888672,234.2603802258017,230.67041566655348,231.949707496782,38846600,1.9536585920851905,-0.2621705422826137,3.589964559248216,227.60355377197266
2024-10-23,228.84567260742188,233.18934216580075,225.8705597881939,232.1381380574932,52287000,-3.292465450071319,-2.1623004260330925,7.318782377606851,227.82123336791992
2024-10-24,228.65724182128903,228.90516786821388,226.51515714412932,228.07212485007065,31109500,0.5851169712183832,-0.08233967633554107,2.3900107240845614,227.97246856689452
2024-10-25,229.49026489257807,231.2852470135028,227.665532857223,227.8341207497304,38802300,1.6561441428476655,0.36431081939669596,3.619714156279798,228.15196838378907
2024-10-28,231.46376037597656,232.78272881287967,230.62082086290687,231.38443735420992,36087100,0.07932302176664052,0.8599473639207655,2.1619079499728002,228.1718017578125
2024-10-29,231.7315216064453,232.3860500186716,230.3927299983884,231.1662580738538,35417200,0.5652635325915014,0.11568170759594931,1.9933200202831927,228.54170608520508
2024-10-30,228.19114685058597,231.5331852263952,227.64570650368097,230.68031899274527,47070900,-2.4891721421593047,-1.5277916147601323,3.887478722714235,228.7063301086426
2024-10-31,224.0359039306641,227.92338265648337,223.5003751779276,227.43744214117888,64370100,-3.4015382105147864,-1.8209483484662226,4.423007478555775,228.71823196411134
2024-11-01,221.060791015625,223.4805517303345,218.4426924836225,219.13688241025088,65276700,1.9239086053741232,-1.327962555483897,5.037859246712003,228.52534561157228
2024-11-04,220.16824340820312,220.9417714715672,217.88733586004025,219.15671602208408,44944500,1.0115273861190417,-0.4037566333320419,3.054435611526941,228.5412124633789
2024-11-05,221.59629821777344,222.09215031274817,219.3054639601429,219.9599923572388,28111300,1.636305860534634,0.6486197952366046,2.7866863526052725,228.42617416381836
2024-11-06,220.8723602294922,224.19457534628128,219.35505401685137,220.7632721624041,54561100,0.10908806708809493,-0.32669227514342536,4.839521329429914,228.08800354003907
2024-11-07,225.5928649902344,225.9895557457087,222.7070172967094,222.7665171269793,42137700,2.8263478632551085,2.137209361930803,3.282538448999304,228.01064987182616
2024-11-08,225.32481384277344,227.0125627173092,224.77877343219785,225.53329235935945,38328800,-0.20847851658601257,-0.11882075591024277,2.2337892851113565,227.9937759399414
2024-11-11,222.61447143554688,224.07388164377815,219.90414468405436,223.37892800863307,42005600,-0.7644565730861927,-1.202860155969232,4.169736959723792,227.6554397583008
2024-11-12,222.61447143554688,223.96467356190877,221.75074442821315,222.9321731823864,40398300,-0.317701746839532,0.0,2.213929133695615,227.1906608581543
2024-11-13,223.49806213378903,225.01703765642935,221.15506473467505,222.39605879884869,48566200,1.102003334940349,0.3969152106528595,3.861972921754301,226.87270431518556
2024-11-14,226.57574462890625,227.22105551450989,223.3789425502784,223.398802697962,44923900,3.1769419309442526,1.3770510874832054,3.8421129642314895,226.6902847290039
2024-11-15,223.37893676757807,225.28510187679905,222.65420045885568,224.76884409236823,47923700,-1.3899073247901583,-1.4109223679542704,2.630901417943363,226.20670700073242
2024-11-18,226.37718200683597,228.08479108540536,223.54770942404784,223.62713486361545,44633700,2.750047143220513,1.3422237936325798,4.537081661357519,225.79965591430664
2024-11-19,226.6352996826172,228.5017596103349,225.0269762165604,225.34466282087317,36211800,1.2906368617440194,0.11402106585698402,3.474783393774487,225.43625259399414
2024-11-20,227.35009765625,228.2733899080337,224.2625040209905,226.4168677573381,35169600,0.9332298989118897,0.3153956928306556,4.010885887043202,225.36147384643556
2024-11-21,226.8735809326172,228.50176458087773,224.0838286281757,227.230987838277,42108300,-0.3574069056598148,-0.20959600569572245,4.417935952702038,225.27229080200195
2024-11-22,228.21383666992188,229.0577186823492,226.4168797117104,226.4168797117104,38168300,1.7969569582114673,0.590750025540765,2.6408389706387823,225.20846939086914
2024-11-25,231.1922149658203,231.5694819920469,228.0847762696763,229.7923852373244,90152800,1.3998297284959165,1.305082259410173,3.4847057223705917,225.19489212036132
2024-11-26,233.366455078125,233.87279036398945,231.6489234928732,231.6489234928732,45986200,1.7175315852518054,0.9404469404932669,2.2238668711162575,225.27663879394532
2024-11-27,233.2373809814453,233.99191506726265,232.12545514826604,232.78070364946956,33498400,0.45667733197575444,-0.055309618786669734,1.8664599189966111,225.5289505004883
2024-11-29,235.6201019287109,236.0966394139658,232.28430923422,233.11825362062933,28481400,2.501848308081577,1.0215862214021154,3.8123301797458,226.10816040039063
2024-12-02,237.8638153076172,239.0551666028684,235.45133007089743,235.5605381566453,48137100,2.303277150971894,0.9522588949499422,3.603836531970984,226.94831161499025
2024-12-03,240.9017639160156,241.01097200063165,237.1787816889052,238.08222901174216,38861000,2.8195349042734392,1.277179803270867,3.832190311726464,227.98498764038087
2024-12-04,241.2591857910156,242.3512667049628,239.5118714775545,241.12019505186365,44383900,0.13899073915195004,0.1483683096337174,2.839395227408289,228.96813201904297
2024-12-05,241.28895568847656,242.7781485930641,240.38552350615552,242.2321233137982,40033900,-0.9431676253216494,0.012339384037685086,2.3926250869085663,229.98896179199218
2024-12-06,241.09039306640625,242.867505033938,240.33587413565132,241.15989600483465,36870600,-0.06950293842839983,-0.08229246195863293,2.5316308982866644,230.7638381958008
2024-12-09,244.97222900390625,245.45870413211117,240.0082527322972,240.0876781705053,44649200,4.884550833400937,1.6101163916684147,5.450451399813971,231.74620895385743
2024-12-10,245.98489379882807,246.42172615122828,243.5723933612922,245.11122909402772,36914800,0.8736647048003476,0.41337942632904134,2.849332789936085,232.91473007202148
2024-12-11,244.714111328125,248.9930565140259,244.48575750906292,246.17352158557495,45205800,-1.459410257449946,-0.5166099637575083,4.507299004962988,234.01971206665038
2024-12-12,246.1735382080078,246.94791735826735,243.90995090472452,245.11123992691697,32777500,1.0622982810908468,0.5963803525518507,3.037966453542822,235.15348587036132
2024-12-13,246.34228515625,247.49391610940148,244.46590277835176,246.0345210589055,33155300,0.3077640973444886,0.06854796395687757,3.0280133310497206,236.1418128967285
2024-12-16,249.23129272460935,249.56885459541957,245.86571770543415,246.20327957624437,51694800,3.028013148364977,1.1727615364641508,3.703136889985416,237.43443069458004
2024-12-17,251.6537322998047,252.0012166921119,247.98039295462075,248.2782345553336,51356400,3.3754977444710903,0.9719644546690276,4.020823737491156,238.69825820922847
2024-12-18,246.2628631591797,252.44797328398425,245.95509905753715,250.34325221557475,56774100,-4.080389056395063,-2.1421773050449566,6.4928742264471,239.6796363830566
2024-12-19,247.9903259277344,250.184410158509,245.3097817058068,245.71683140567848,60882300,2.273494522055927,0.7014710811017011,4.874628452702183,240.71164779663087
2024-12-20,252.65646362304688,253.16278373693368,243.9198625662762,246.2529222682656,147495300,6.403541354781282,1.8815805325697266,9.242921170657468,242.00079193115235
2024-12-23,253.4308319091797,253.8080837794399,251.6239373953799,252.9344343151273,40858800,0.4963975940523824,0.30649059004013157,2.18414638406,243.26164169311522
2024-12-24,256.3397521972656,256.34965954757746,253.45069916161225,253.64927033575188,23234700,2.690481861513746,1.1478162566772365,2.8989603859652107,244.5190185546875
2024-12-26,257.1537780761719,258.2260137599804,255.77380863027116,256.329771467171,27237100,0.8240066090008895,0.31755741040111474,2.4522051297092275,245.70838470458983
2024-12-27,253.7485198974609,256.8361287043752,251.2367492695516,255.9723714358678,42355300,-2.2238515384069046,-1.3242108298724964,5.5993794348235895,246.7339416503906
2024-12-30,250.3829498291016,251.6735866364952,248.94339979921563,250.4127324736,35557500,-0.02978264449839685,-1.3263407683005712,2.7301868372795752,247.47208404541016
2024-12-31,248.6157684326172,251.45516326793145,247.6328957457903,250.6212189481796,39480700,-2.0054505155624156,-0.7057914277671773,3.8222675221411464,248.00968170166016
2025-01-02,242.0931396484375,247.3053149666319,240.0777664039773,247.1365264348607,55740700,-5.043386786423213,-2.623578072019006,7.22754856265459,248.06925048828126
2025-01-03,241.60665893554688,242.4207431843357,240.14724866814672,241.60665893554688,40244100,0.0,-0.2009477482910471,2.2734945161889755,248.0866241455078
2025-01-06,243.23483276367188,245.54804748087852,241.4477983095151,242.549801627174,45045600,0.6850311364978836,0.6738944345732412,4.10024917136343,248.18391799926758
2025-01-07,240.46495056152344,243.78088314896328,239.61114601786815,241.22939201717415,40856000,-0.7644414556507115,-1.1387687243132882,4.1697371310951326,248.15264587402345
2025-01-08,240.95138549804688,241.95411831821167,238.32048434869316,240.17700647488417,37628900,0.7743790231627088,0.20228932964556634,3.633633969518513,247.95160369873048
2025-01-10,235.1435546875,238.42970445265777,231.3212870184269,238.28077607985776,61710900,-3.137221392357759,-2.4103745236999097,7.108417434230887,247.40953674316407
2025-01-13,232.71121215820312,232.9792711307645,228.06493742769467,231.84748509521597,49630700,0.8637270629871523,-1.0344074846233342,4.914333703069815,246.80939178466798
2025-01-14,231.59927368164065,234.41880854341963,230.7951119565212,233.0586839045808,39435300,-1.4594102229401358,-0.4778190385629322,3.6236965868984328,246.0806785583496
2025-01-15,236.1562042236328,237.2383625727966,232.74098609709984,232.94947976770305,39832000,3.206724455929759,1.9675927603538979,4.497376475696768,245.57137451171874
2025-01-16,226.61544799804688,236.29520209930607,226.3871093224655,235.6399687194268,71759100,-9.024520721379929,-4.040019298646557,9.908092776840562,244.44058227539068
2025-01-17,228.32305908203125,230.6164138035219,226.833866130533,230.44764042021455,68488300,-2.1245813381833045,0.7535281019319884,3.7825476729888976,243.274048614502
2025-01-21,221.0359344482422,222.8031087860845,217.79942737812888,222.38613659782595,98070400,-1.3502021495837653,-3.191585056317492,5.003681407955611,242.01270217895512
2025-01-22,222.2173614501953,222.5052654056773,218.2064601780486,218.2064601780486,64126500,4.010901272146725,0.5344954452325856,4.298805227628719,240.72405395507812
2025-01-23,222.0485992431641,225.394314538592,220.69839703644928,223.1208199792776,60234800,-1.0722207361135077,-0.07594465433747866,4.69591750214272,239.19366073608398
2025-01-24,221.1749420166016,224.0044147616684,219.8148172645265,223.16053267311037,54697900,-1.9855906565087764,-0.3934531582456713,4.189597497141875,237.58086624145508
2025-01-27,228.20391845703125,230.47741293083345,222.36627749626695,222.4059977899183,94863400,5.7979206671129475,3.1780166307908697,8.111135434566506,236.17407455444337
2025-01-28,236.54339599609372,238.4594987479956,229.147074251248,229.1867945454765,75707600,7.356601450617234,3.6543971704993794,9.31242449674761,235.14355545043946
2025-01-29,237.63548278808597,238.1318804363608,232.32402189200357,232.43322998057815,45486100,5.2022528075078185,0.4616855978554879,5.807858544357231,234.33790359497075
2025-01-30,235.8782196044922,239.05516137192973,235.500967711044,236.95044029141235,55658300,-1.0722206869201614,-0.7394784495044604,3.5541936608857156,233.61266708374023
2025-01-31,234.2996826171875,245.40906406001392,231.7581291617668,245.40906406001392,100959800,-11.109381442826418,-0.6692169331918407,13.65093489824713,232.89686279296876
2025-02-03,226.36724853515625,230.15973381299625,224.0738938399255,228.33299411580023,73063300,-1.9657455806439827,-3.3855931828092656,6.085839973070762,232.11056823730468
2025-02-04,231.1227569580078,231.4503812363357,225.01705656002383,225.6127398204117,45067300,5.510017137596122,2.10079349094221,6.433324676311855,231.58637313842775
2025-02-05,230.79513549804688,230.9936915376493,226.62539807097704,226.8835194075747,39620300,3.9116160904721653,-0.14175214257263757,4.36829346667227,230.9643882751465
2025-02-06,231.5397186279297,232.1155417136993,228.7698112868805,229.62361584180036,29925300,1.9161027861293292,0.32261647468263543,3.3457304268187897,230.51812667846679
2025-02-07,225.99002075195312,232.31412257440024,225.62267615435303,230.9242150800785,39707200,-4.934194328125386,-2.3968664680354856,6.691446420047214,229.77005844116212
2025-02-10,226.25833129882807,229.1803610121675,225.81108525741095,228.1666073624245,33115600,-1.9082760635964178,0.11872672341113333,3.3692757547565577,229.3257972717285
2025-02-11,231.1979522705078,233.79199753404615,226.7354100570617,226.80497424991785,53718400,4.392978020589965,2.1831774959728545,7.056587476984447,229.25013427734376
2025-02-12,235.4219512939453,235.51141262786788,229.26978984120757,229.7866152012257,45243300,5.635336092719626,1.8270053787047935,6.241622786660315,229.44126815795897
2025-02-13,240.0534820556641,240.85852795215615,234.1299251101732,235.4617298072221,53614100,4.591752248441992,1.9673317361709852,6.728602841982962,229.63613204956056
2025-02-14,243.10470581054688,244.048895192642,239.5167740261789,239.77517912233392,40896200,3.329526688212951,1.2710599857806981,4.532121166463099,230.46059494018556
2025-02-18,242.97552490234372,243.6811760890431,240.3615975750387,242.65747382373945,48822500,0.3180510786042703,-0.05313797105344076,3.319578514004405,231.19321823120117
2025-02-19,243.37306213378903,244.5060925083624,241.6735241546838,243.16435439309652,32204200,0.20870774069251752,0.1636120475941416,2.832568353678596,232.31007461547853
2025-02-20,244.32720947265625,245.2713989598738,242.7966152101895,243.4426507707668,32316900,0.8845587018894605,0.392051334893706,2.4747837496843204,233.41556701660156
2025-02-21,244.0489196777344,247.16972378813352,243.7209351965304,244.44646835255205,53197400,-0.3975486748176422,-0.11390045157987361,3.448788591603119,234.51558303833008
2025-02-24,245.5894317626953,247.3386670527108,242.92580728065096,243.43268408373555,51326400,2.1567476789597606,0.6312308560903146,4.412859772059846,235.73630752563477
2025-02-25,245.52980041503903,248.47171215983585,243.41283173998391,246.48393846255715,48013300,-0.9541380475181143,-0.024280909495277836,5.058880419851931,236.60260162353515
2025-02-26,238.89064025878903,243.48239258336395,237.66816369812489,242.83637220684057,44433600,-3.945731948051531,-2.7040139913881323,5.814228885239061,236.71996383666988
2025-02-27,235.84934997558597,240.9778097055873,235.61081167459412,237.94645181292125,41153600,-2.0971018373352877,-1.2730889246679755,5.366998030993187,236.63065719604492
2025-02-28,240.3615875244141,240.61005923211764,228.7927454203557,235.5014815283524,56833400,4.860105996061691,1.913186340897366,11.817313811761949,236.854825592041
2025-03-03,236.5748748779297,242.5381957053339,234.66661403302143,240.3118838035197,47184000,-3.737008925590004,-1.5754233800356232,7.871581672312459,236.9685852050781
2025-03-04,234.4877166748047,238.6024227827577,233.2453581153048,236.25684921580157,53798100,-1.7691325409968783,-0.8822400114137041,5.357064667452903,237.37460861206054
2025-03-05,234.29888916015625,235.1039350742086,227.82867612475383,233.98083809185871,47227600,0.31805106829753527,-0.08052767851814968,7.275258949454781,237.53341522216797
2025-03-06,233.8914031982422,236.4059358119138,231.73467047090972,233.00684447444675,45170400,0.8845587237954362,-0.17391715486774206,4.671265341004073,237.68822860717773
2025-03-07,237.6085357666016,239.89446338205195,233.3248707174565,233.6727371800736,46273600,3.9357985865279943,1.5892557475525537,6.569592664595461,237.99166946411134
2025-03-10,226.08937072753903,234.71631625547707,222.84930513729452,234.10009611136832,72071200,-8.010725383829282,-4.847959271285451,11.867011118182546,237.99663696289062
2025-03-11,219.4899444580078,224.4593781678821,216.1206690093333,222.4417892949138,76137400,-2.951844836905991,-2.9189458346912778,8.338709158548795,237.6582176208496
2025-03-12,215.653564453125,220.39440897367027,213.5962265598192,218.7942505386503,62547500,-3.1406860855252887,-1.7478613949063027,6.798182413851066,236.88099822998046
2025-03-13,208.39816284179688,215.51439548794804,207.14587101812543,214.6298369024284,61368300,-6.231674060631519,-3.3643782469940042,8.368524469822603,235.52980880737306
2025-03-14,212.18490600585935,212.6420854575803,208.2988048386841,209.9585940343847,60107600,2.2263119714746438,1.817071279528082,4.343280618896188,234.13638000488282
2025-03-17,212.69178771972656,213.9043309003415,208.68642489319868,212.00600336087763,48073400,0.6857843588489345,0.23888679143522218,5.21790600714283,232.6157341003418
2025-03-18,211.38980102539065,213.83475423543345,210.19713981325924,212.85081593904235,42432400,-1.4610149136516952,-0.6121471394333278,3.6376144221742095,231.03644790649415
2025-03-19,213.9241943359375,217.42266485537365,212.4432975855824,212.91042558181823,54385400,1.013768754119269,1.1989193888509497,4.979367269791254,229.56400451660156
2025-03-20,212.79116821289065,216.16044383082547,210.9226561911479,212.6818400591608,48862900,0.10932815372984805,-0.5296390745160862,5.2377876396775775,227.9872024536133
2025-03-21,216.9356842041016,217.5021918152461,209.9884097524224,210.26669685360037,94127800,6.668987350501226,1.9476917327059695,7.513782062823708,226.63154067993165
2025-03-24,219.38064575195312,220.1260609084734,217.2437950361324,219.64899945464327,44299500,-0.268353702690149,1.1270444310818029,2.88226587234098,225.32110137939452
2025-03-25,222.38217163085935,222.7300380772677,218.73460889257407,219.42039321145907,34493600,2.961778419400275,1.3681817138508912,3.99542918469362,224.16371994018556
2025-03-26,220.1757354736328,223.64440576884627,219.12221792138408,222.1436270366165,34466100,-1.9678915629836808,-0.9921821255028829,4.522187847462192,223.22797470092777
2025-03-27,222.48159790039065,223.61462840697533,219.211701370472,220.036629351702,37094800,2.4449685486886494,1.0472827179605293,4.402927036503314,222.55958709716796
2025-03-28,216.56793212890625,222.44180687800483,216.34927581514728,220.31488968867507,39818600,-3.7469575597688163,-2.658047149648779,6.092531062857546,221.3699043273926
2025-03-31,220.77207946777344,224.24073468961828,214.908138255618,215.683368745432,65299300,5.088710722341432,1.9412603230494874,9.332596434000266,220.57976455688475
2025-04-01,221.8256072998047,222.31260214779184,217.5618242432653,218.46626491168396,36412700,3.359342388120723,0.47720157121817763,4.7507779045265295,219.94665908813477
2025-04-02,222.5213165283203,223.8133724100327,219.66886624627367,219.9670353213626,35905900,2.554281206957711,0.3136289074035403,4.144506163759047,219.35778045654297
2025-04-03,201.9478759765625,206.2215925598656,200.01973301812973,204.2835010267849,103419000,-2.3356250502224043,-9.245604363993342,6.201859541735871,217.76060409545897
2025-04-04,187.22840881347656,198.65810753704545,186.19475800144227,192.70471987275084,125910900,-5.4763110592742805,-7.288745718124923,12.463349535603186,215.24159774780273
2025-04-07,180.3507080078125,192.96311894309864,173.55251067175698,176.11674047268428,160466300,4.233967535128215,-3.6734280065990776,19.41060827134166,212.9546646118164
2025-04-08,171.365966796875,189.176417114886,168.175598539417,185.55866963100107,120859500,-14.192702834126067,-4.981816434315467,21.000818575468998,210.54846572875977
2025-04-09,197.6343994140625,199.38363475051756,170.83920418374143,170.89883496621582,184395900,26.735564447846684,15.328850359373991,28.54443056677613,209.64750747680665
2025-04-10,189.2559356689453,193.5892830219747,181.88129692496372,187.9141974958541,121880000,1.3417381730912155,-4.239375215021912,11.707986097010973,208.69039611816407
2025-04-11,196.93865966796875,198.32016168749277,184.92257212057936,184.96233608452025,87435900,11.976323583448504,4.059436218931811,13.39758956691341,207.92808380126954
2025-04-14,201.281982421875,211.63828226401768,199.93029560984905,210.14745189040863,101352900,-8.865469468533632,2.2054190686729314,11.707986654168621,207.35759353637695
2025-04-15,200.90426635742188,202.2658863473441,198.5785750100267,200.62597928160577,51343900,0.27828707581610956,-0.18765517902216144,3.6873113373173965,206.83331680297852
2025-04-16,193.08238220214844,199.4730666932086,191.193988287298,197.1473753495745,59732400,-4.064993147426065,-3.893339000256868,8.27907840591061,205.79122619628907
2025-04-17,195.7758331298828,197.61452992177487,193.2314851467638,195.9944894564487,52164700,-0.21865632656587763,1.3949749827068425,4.383044775011086,204.94045944213866
2025-04-21,191.97918701171875,192.6152739871965,188.64966000796989,192.08851517151223,46742500,-0.10932815979347765,-1.9392823197157627,3.9656139792266174,203.69263458251953
2025-04-22,198.5189666748047,200.3576482646354,194.77200897005903,194.921085932704,52976400,3.597880742100699,3.4065045096199675,5.585639294576367,202.6495506286621
2025-04-23,203.3492584228516,206.72846769395252,201.56025903470572,204.7406939661261,52929200,-1.391435543274497,2.4331638578189096,5.168208659246801,201.69790496826172
2025-04-24,207.09619140625,207.55338601533765,201.6993932641485,203.63746952607696,47311000,3.4587218801730444,1.8426096128695502,5.853992751189139,201.04392776489257
2025-04-25,208.00064086914065,208.46776890662989,204.9394675201618,205.10842646651813,38222300,2.8922144026225283,0.4367291627862091,3.5283013864680868,200.31987991333008
2025-04-28,208.85536193847656,210.2070485309222,206.19175271644127,208.71621839949725,38743100,0.13914353897931164,0.41092232493342706,4.015295814480936,199.9342514038086
2025-04-29,209.9188537597656,210.94255602883885,207.096203506044,207.41425458581944,36827600,2.5045991739461613,0.5092001524013012,3.8463525227948594,199.3915901184082
2025-04-30,211.2009429931641,212.2743425468257,205.40658118436116,208.02050829648644,52286500,3.1804346966776507,0.6107546846962686,6.867761362464535,198.86035690307617
2025-05-01,212.01596069335935,213.2483707428857,207.62296725165956,207.80187477964563,57365700,4.214085913713717,0.3858968092872672,5.6254034912261375,198.33508911132813
2025-05-02,204.09466552734372,205.7246393133032,200.92416412992952,204.83013207172812,101010600,-0.7354665443843942,-3.736178700938586,4.800475183373663,198.4424285888672
2025-05-05,197.67416381835935,202.8523212109494,196.99832800962005,201.85843431656065,69018500,-4.1842704982013,-3.145844940334408,5.853993201329359,198.96471633911133
2025-05-06,197.2964782714844,199.42339557924856,195.81559653234876,196.99832434112832,51216500,0.2981539303560794,-0.1910646993918741,3.6077990468997996,199.81200485229493
2025-05-07,195.0502777099609,198.2207789180717,192.0686174137577,197.95242524507103,68536700,-2.9021475351101174,-1.138489942244525,6.1521615043139946,200.99622039794923
2025-05-08,196.2826995849609,198.82704723676696,193.4898650803139,196.51128929096475,50478900,-0.2285897060038451,0.6318483057135671,5.3371821564530535,200.92863540649415
2025-05-09,197.3163604736328,199.3140676367793,196.3324070058388,197.78348851905432,36453900,-0.46712804542150366,0.5266184390461115,2.981660630940496,201.3316566467285
2025-05-12,209.776123046875,210.2538252478288,205.75556156059076,209.95526516858175,63775800,-0.1791421217067466,6.314611998383768,4.498263687238023,201.97352981567383
2025-05-13,211.9058380126953,212.3735786127325,207.99474788922345,209.4178625594749,51909300,2.4879754532204004,1.0152323033181476,4.378830723509054,202.50472259521484
2025-05-14,211.3087158203125,212.9109724892217,209.56713314477625,211.40822571910564,49325800,-0.0995098987931442,-0.2817865699136779,3.343839344445456,203.0249450683594
2025-05-15,210.43296813964844,211.93571508448807,208.53215118256117,209.9353730316401,45029500,0.4975951080083405,-0.4144399237221985,3.4035639019269013,203.89247436523436
2025-05-16,210.24386596679688,211.54757782116647,208.7610423595207,211.33858120774948,54737900,-1.0947152409526097,-0.08986337764625985,2.7865354616457694,204.6158760070801
2025-05-19,207.7757873535156,208.4724173847277,203.27752386063852,206.909976827966,46140500,0.8658105255495911,-1.1739123050900635,5.194893524089167,205.40570602416992
2025-05-20,205.8650360107422,207.46729276724128,204.0438362053752,206.67113760639387,42496600,-0.8061015956516826,-0.9196217553118502,3.4234565618660895,205.77300949096679
2025-05-21,201.11798095703125,206.0441693385156,199.74462882701684,204.1831685508297,59211800,-3.0651875937984414,-2.305906406303615,6.299540511498748,205.66144561767578
2025-05-22,200.39149475097656,201.7748084903006,198.7394754118135,199.7446272097534,46742400,0.6468675412231732,-0.3612238958434544,3.035333078487099,205.32621078491212
2025-05-23,194.33078002929688,196.74908474491085,192.52948833207407,192.738469754576,78432900,1.5923102747208873,-3.024437104584321,4.219596412836779,204.64271774291993
2025-05-27,199.24703979492188,199.77448939448533,196.4803970243206,197.34622283817183,56288500,1.9008169567500488,2.5298410086574297,3.2940923701647193,204.16230163574218
2025-05-28,199.4560089111328,201.7548957380012,198.9385057789635,199.6251894151235,45339700,-0.16918050399067397,0.10487940820904651,2.816389959037707,203.63915939331054
2025-05-29,198.9882659912109,202.8297005493605,197.5551897560925,202.60081106845576,51396800,-3.612545077244846,-0.2345093148486188,5.274510793268007,203.02852554321288
2025-05-30,199.88394165039065,200.9886032908641,195.83351057352263,198.4110493394953,70819900,1.4728923108953609,0.4501148119052001,5.155092717341461,202.42192459106445
2025-06-02,200.7298583984375,201.15779807678396,199.15745607510848,199.31669015009305,35423300,1.4131682483444479,0.42320395578669956,2.0003420016754774,202.25368423461913
2025-06-03,202.2923126220703,202.78990771325485,199.99342573046133,200.38154929416936,46381600,1.910763327900952,0.7783865520053501,2.796481982793523,202.48459167480468
2025-06-04,201.844482421875,205.248031062868,201.1279442674136,201.93404589483336,43604000,-0.08956347295836053,-0.22137776487431982,4.120086795454398,202.7119918823242
2025-06-05,199.66500854492188,203.76518718349973,199.18730633012683,202.52119947175677,55126100,-2.8561909268348984,-1.0797787736391062,4.577880853372903,202.94272842407227
2025-06-06,202.93917846679688,204.7106157617459,201.07817770068,202.0236053289331,46607700,0.9155731378637881,1.6398316088211073,3.632438061065926,203.27555236816406
2025-06-09,200.4810485839844,205.0091667110405,199.05793398755327,203.4069099948636,72862600,-2.9258614108792074,-1.2112643312068294,5.951232723487237,203.43378677368165
2025-06-10,201.69517517089844,203.36710243054736,199.605285078082,199.63513956616535,54672600,2.0600356047330877,0.6056066623202128,3.761817352465357,203.0297393798828
2025-06-11,197.8238983154297,203.51638723180636,197.45568281643992,202.5211970741936,60989900,-4.697298758763907,-1.9193700851736217,6.060704415366445,202.32564239501954
2025-06-12,198.2418975830078,198.7195846578917,196.41075114145443,198.12247961063645,43904600,0.11941797237136598,0.211298670755955,2.308833516437261,201.67230148315429
2025-06-13,195.50511169433597,199.4062554549193,194.7587190445596,198.769334334526,51447300,-3.2642226401900416,-1.3805284967704168,4.647536410359692,200.92590866088867
2025-06-16,197.46563720703125,197.7343428123237,195.61458283187795,196.3510290449251,43020700,1.1146081621061512,1.002800129216297,2.1197599804457354,200.2869972229004
2025-06-17,194.6990203857422,197.43579358003367,194.27109586617132,196.2515147499311,38856200,-1.5524943641889024,-1.401062412893861,3.1646977138623527,199.6331588745117
2025-06-18,195.6344757080078,196.6197193940347,194.13174409281177,194.9975546383106,45394700,0.6369210696972232,0.48046226447995277,2.4879753012229173,199.121630859375
2025-06-20,200.03321838378903,200.7298484455588,195.9131318065836,197.28649906078425,96813500,2.7467193230047826,2.2484496456271374,4.81671663897518,199.0673927307129
2025-06-23,200.5308074951172,201.32696262150705,198.00303129313016,200.6601870689569,55814300,-0.12937957383971366,0.24875323976114583,3.3239313283768865,199.07435836791993
2025-06-24,199.33657836914065,202.4614746491071,199.2370532858301,201.61555699715424,54064000,-2.27897862801359,-0.5955339934516579,3.2244213632770027,199.32464828491212
2025-06-25,200.5905303955078,202.690382284235,199.65504919597095,200.48105886821315,39525700,0.1094715272946587,0.6290626821360501,3.0353330882640535,199.3918228149414
2025-06-26,200.03321838378903,201.66532960796235,198.50063224789568,200.4611428555203,50799100,-0.42792447173127357,-0.27783565386656495,3.1646973600666684,199.42068328857422
2025-06-27,200.11285400390625,202.2425604964941,199.03804672932017,200.91895566349635,73188600,-0.806101659590098,0.03981119774036923,3.2045137671739212,199.47691268920897
2025-06-30,204.1831512451172,206.39247448465787,198.30157410241037,201.03834688076608,91912800,3.1448043643511028,2.034000894880794,8.090900382247497,199.6918731689453
2025-07-01,206.82041931152344,209.17901505124104,205.1484920031366,205.6759415551798,78788900,1.1444777563436332,1.2916188482370305,4.030523048104442,199.99640121459962
2025-07-02,211.41819763183597,212.3138626915596,207.13887695509675,207.90517762155156,67941800,3.513020010284407,2.223077554729791,5.174985736462844,200.45269546508788
2025-07-03,212.5228576660156,213.6175577099725,210.7912213537831,211.1295823572572,34955800,1.3932753087584047,0.5224999770848893,2.826336356189387,200.98661422729492
2025-07-07,208.94017028808597,215.18996325511677,207.7957076824449,211.65703516300363,50229000,-2.716864874917661,-1.6857891980541218,7.394255572671852,201.45037231445312
2025-07-08,208.9998779296875,210.4130461204056,207.4473837253886,209.08945658408672,42848900,-0.08957865439921875,0.028576430046567403,2.965662395017006,201.75340728759767
2025-07-09,210.12445068359372,210.31353924447487,206.22330706177223,208.52219391164948,48749400,1.6022567719442407,0.5380734022651268,4.0902321827026356,202.23557739257814
2025-07-10,211.3883209228516,212.453166373689,209.01976375844308,209.49745072772552,44443600,1.8908701951260696,0.6014865167504935,3.4334026152459103,202.7202346801758
2025-07-11,210.14434814453125,211.1096837700706,208.8505979590809,209.55718962168865,39765800,0.5871585228426,-0.5884775340896597,2.259085810989717,203.33625717163085
2025-07-14,207.61656188964844,209.89555581124029,206.5417547175356,208.92025854176603,38840100,-1.3036966521175941,-1.2028809136205187,3.353801093704675,203.80499038696288
2025-07-15,208.10421752929688,210.87084499335575,207.9151289669034,208.2136890556617,42296300,-0.10947152636481405,0.23488282206871602,2.955716026452336,204.43494567871093
2025-07-16,209.149169921875,211.37838618562168,207.63647661047767,209.28849593835915,47490500,-0.13932601648414789,0.502129368152282,3.741909575144007,205.0191223144531
2025-07-17,209.0098571777344,210.78129457926272,208.5819174807461,209.55721484346455,48068100,-0.5473576657301464,-0.06660927422883489,2.1993770985166066,205.73466415405272
2025-07-18,210.1642608642578,210.77132749863404,208.6913836081342,209.85575432940055,48974600,0.30850653485725843,0.5523202121236581,2.079943890499834,206.46115341186524
2025-07-21,211.4579925537109,214.74212298846783,210.61209006251647,211.07983063398711,51377400,0.3781619197237944,0.6155812049740916,4.130032925951355,207.03239212036132
2025-07-22,213.3687744140625,213.9161320652676,211.20921348603292,212.11484021935428,46404100,1.253934194708222,0.9036224345439381,2.7069185792346673,207.6742904663086
2025-07-23,213.1199493408203,214.1151394198069,211.3883283220368,213.9658669821171,46989300,-0.8459176412967793,-0.11661737942934014,2.7268110977700815,208.36345901489258
2025-07-24,212.7318420410156,214.65256693634575,212.50295255730364,212.87116805528336,46022600,-0.13932601426776614,-0.18210744747506613,2.149614379042106,208.97052459716798
2025-07-25,212.8512725830078,214.2047317845148,212.3735703810196,213.6673206036272,40268800,-0.8160480206193768,0.05614135657658892,1.8311614034952015,209.6114273071289
2025-07-28,213.0204620361328,213.8166172208377,212.03521828670327,213.00055398053095,37858000,0.019908055601860042,0.0794871701126576,1.7813989341344438,210.25680770874024
2025-07-29,210.25384521484372,213.77681196541133,209.80601264614248,213.14983725799084,51411700,-2.8959920431471176,-1.2987563705592842,3.970799319268849,210.56034240722656
2025-07-30,208.0445098876953,211.36844143995228,206.7209051278188,210.88079278566187,45512500,-2.836282897966555,-1.0507942553397043,4.647536312133468,210.62154693603514
2025-07-31,206.57162475585935,208.8306954413449,206.16359315375277,207.48719786288635,80698400,-0.9155731070270008,-0.7079663542340242,2.6671022875921153,210.37921829223632
2025-08-01,201.40660095214844,212.5527283441607,200.530828701964,209.8557561748323,104434500,-8.449155222683856,-2.5003549300710026,12.0218996421967,209.82340545654296
2025-08-04,202.37193298339844,206.88014336875773,200.70995198839023,203.52634207300895,75109300,-1.1544090896105104,0.4792951306890725,6.170191380367498,209.4949935913086
2025-08-05,201.9439697265625,204.35232790405936,201.18763073057525,202.42165671427043,44155100,-0.4776869877079264,-0.211473622120828,3.1646971734841145,209.14219818115234
2025-08-06,212.22430419921875,214.3440641251077,204.60114383647723,204.6409599471833,108483100,7.5833442520354595,5.090686533782662,9.742920288630472,209.2471908569336
2025-08-07,218.97169494628903,219.78775818606877,215.53829184895108,217.82723230897545,90224800,1.1444626373135804,3.1793675905924523,4.2494663371176955,209.62635955810546
2025-08-08,228.2468719482422,229.88892965735025,218.1954451401473,219.7678474336444,113854000,8.479024514597796,4.235788102306204,11.693484517202933,210.531485748291
2025-08-11,226.3438873291016,228.71513292468896,223.9327956372812,227.08116933177635,61806100,-0.7372820026747604,-0.833739627140262,4.782337287407756,211.46785202026368
2025-08-12,228.8047790527344,229.95055565919736,226.23428798669784,227.17081559543823,55626200,1.6339634572961756,1.0872357776796182,3.7162676724995265,212.50288009643555
2025-08-13,232.4712677001953,234.1351197052745,229.5819315694875,230.21959074533876,69878500,2.251676954856549,1.6024528257846615,4.553188135786996,213.66898498535156
2025-08-14,231.9232940673828,234.2546784716922,230.00040438081012,233.1985820425246,51916300,-1.2752879751417936,-0.23571671382598414,4.254274090882063,214.81465682983398
2025-08-15,230.73765563964844,233.417757832359,228.4959365092947,233.1387895567921,56038700,-2.401133917143653,-0.5112200706281378,4.921821323064307,215.84332656860352
2025-08-18,230.04022216796875,232.2620105258568,229.26309412883964,230.8472385776313,37476200,-0.8070164096625376,-0.3022625283013558,2.9989163970171546,216.7724380493164
2025-08-19,229.71145629882807,232.0129522601839,228.50591803460907,230.42880766374827,39402600,-0.717351364920205,-0.14291668910866306,3.5070342255748415,217.58957214355468
2025-08-20,225.17819213867188,229.6217843388592,224.939085159242,229.13358225147155,42263900,-3.9553901127996767,-1.9734601979358612,4.682699179617174,218.19248428344727
2025-08-21,224.072265625,225.6863136691638,222.95639256938463,225.43723377620464,30621200,-1.3649681512046357,-0.49113393404935923,2.729921099779176,218.75950546264647
2025-08-22,226.9217529296875,228.2468598588307,224.58041092619504,225.33760837029212,42477800,1.5841445593953836,1.2716822837219421,3.66644893263566,219.46302947998046
2025-08-25,226.323974609375,228.456098045362,225.3973894325087,225.6464693442017,30983100,0.6775052651732949,-0.26342927136550065,3.0587086128533088,220.1282051086426
2025-08-26,228.46603393554688,228.64537936019505,223.8630424721864,226.03501179732245,54575100,2.431022138224421,0.946457099769904,4.782336888008643,221.03881454467773
2025-08-27,229.6417236328125,230.050203138926,227.41991984776428,227.7686378094015,31259500,1.873085823411003,0.5146015261057624,2.6302832911617315,222.1186752319336
2025-08-28,231.7040863037109,232.55096405412047,228.4959359400532,229.9704999102399,38074700,1.7335863934710005,0.8980783797791103,4.055028114067284,223.37529830932618
2025-08-29,231.2856292724609,232.52107103838583,230.51845893056876,231.65426265633036,39418400,-0.3686333838694509,-0.18059976322623017,2.0026121078170718,224.8692497253418
2025-09-02,228.87454223632807,230.00038826150748,226.1346633063032,228.4062708029861,44075600,0.468271433341954,-1.0424716156024139,3.8657249552042856,226.1943801879883
2025-09-03,237.59234619140625,237.9709525201245,233.49747185558655,236.33698891571112,66427800,1.2553572756951326,3.808988046419115,4.473480664537959,227.97679901123047
2025-09-04,238.89752197265625,239.01707546456905,235.86871695735925,237.57241502764157,47549400,1.3251069450146815,0.5493341019489506,3.1483585072097924,229.31045989990236
2025-09-05,238.80784606933597,240.43185187342493,237.61226559630575,239.1167027112504,54870400,-0.3088566419144456,-0.037537393682363085,2.8195862771191855,230.3022674560547
2025-09-08,237.0045166015625,239.2661511981365,235.4701758698508,238.41928864081729,48999500,-1.4147720392547853,-0.755138282705281,3.7959753282856923,230.7401496887207
2025-09-09,233.48748779296875,237.9011760108924,232.5011259859287,236.1277284647933,66313900,-2.6402406718245572,-1.483950120033517,5.400050024963718,231.09732971191406
2025-09-10,225.9553375244141,231.56462228661687,225.1184326270808,231.33547301291117,83440800,-5.380135488497075,-3.2259331494599586,6.44618965953606,230.95485763549806
2025-09-11,229.18341064453125,229.60186307827533,225.81584532196928,226.04500979013488,50208600,3.138400854396366,1.4286332668589363,3.7860177563060518,230.79046478271485
2025-09-12,233.2085418701172,233.6469097348115,228.17712472443904,228.37638560886936,55824200,4.832156261247832,1.7562925755691072,5.469785010372448,230.85472717285157
2025-09-15,235.82884216308597,237.31336381412063,234.1649902844441,236.1277410783948,42699500,-0.2988989153088255,1.1235867571386393,3.1483735296765474,231.10928649902343
2025-09-16,237.2735290527344,240.33223781067687,235.4502773909715,236.3070977333125,63421100,0.9664313194219005,0.6125997466626121,4.881960419705365,231.47095184326173
2025-09-17,238.1104278564453,239.21634322602875,236.85505542454317,238.09049720761,46508000,0.019930648835298825,0.35271477903668913,2.361287801485588,231.8909004211426
2025-09-18,237.0045166015625,240.31228984200703,235.77903252032195,239.08682096339743,44249600,-2.082304361834929,-0.46445309633795784,4.533257321685085,232.48221664428712
2025-09-19,244.59646606445312,245.3935247988757,239.32594197772087,240.3421770415445,163741300,4.254289022908637,3.203293157342535,6.067582821154815,233.50842666625977
2025-09-22,255.13751220703125,255.69547916115812,247.2068166293636,247.38616206443075,105517400,7.751350142600501,4.309566001579301,8.488662531794517,234.91921463012696
2025-09-23,253.4935760498047,256.3928695916873,252.6467135530789,254.9382515607796,60275200,-1.4446755109749176,-0.6443333804605711,3.7461560386084045,236.27769470214844
2025-09-24,251.38140869140625,254.7987929994329,250.11607847800005,254.2807025242173,42303700,-2.899293832811054,-0.8332232284984809,4.6827145214328425,237.4234634399414
2025-09-25,255.9246063232422,256.22352044118514,250.7836088309123,252.27808820484515,55202100,3.64651811839704,1.8072926138356982,5.439911610272844,238.73760757446288
2025-09-26,254.51980590820312,256.6519291955366,252.84598111295836,253.1648106749593,46076300,1.3549952332438124,-0.5489118202509746,3.805948082578226,239.8783935546875
2025-09-29,253.4935760498047,254.061485491106,252.07880411177769,253.6231024562692,40127700,-0.12952640646452096,-0.4032023577640764,1.9826813793283122,240.9887908935547
2025-09-30,253.69287109375,254.97811672142572,252.17846100632588,253.9220203508673,37704300,-0.2291492571173137,0.0786193666328483,2.7996557150998456,242.22970733642578
2025-10-01,254.5098571777344,257.8375764362911,253.9917666915456,254.1013624635733,48713900,0.40849471416109395,0.3220374622519451,3.845809744745509,243.0755828857422
2025-10-02,256.1836242675781,257.22974752480764,253.21458136967644,255.63563032858357,42630200,0.5479939389945514,0.6576433260401693,4.0151661551311975,243.93988800048828
2025-10-03,257.07037353515625,258.2858846694617,253.01536064819075,253.73271197999827,49155600,3.337661555157979,0.3461381538782282,5.2705240212709725,244.8530143737793
2025-10-06,255.7452850341797,258.1165305885388,254.1113214696764,257.0404883747525,44664100,-1.2952033405728116,-0.5154574923412314,4.00520911886241,245.79005279541016
2025-10-07,255.53607177734372,256.45266881763376,254.48991791397023,255.86484387966763,31955800,-0.3287721023239101,-0.08180532313939448,1.962750903663533,246.8924819946289
2025-10-08,257.1102294921875,257.5685279874928,255.16739414069707,255.5758888188916,36496900,1.534340673295901,0.6160217240153143,2.4011338467957444,248.4502265930176
2025-10-09,253.1050262451172,257.0504585775582,252.2083446799687,256.8611554198282,38322000,-3.7561291747110204,-1.5577766995038989,4.842113897589485,249.64630737304688
2025-10-10,244.3673095703125,255.436420799504,243.10197943699816,254.00171816056968,61999100,-9.63440859025718,-3.4522098610332286,12.334441362505828,250.20424575805663
2025-10-13,246.7485198974609,248.7710475029622,244.6562426215344,248.46219085423505,38142900,-1.7136709567741377,0.9744389834039024,4.114804881427801,250.7502296447754
2025-10-14,246.8581085205078,247.93413549962375,243.79940008876653,245.69241642712316,35478000,1.1656920933846493,0.04441308223144258,4.134735410857218,251.22945861816407
2025-10-15,248.42233276367188,250.8932163906544,246.559219921403,248.5717898296712,33893600,-0.1494570659993144,0.6336531753155406,4.333996469251389,251.74505386352538
2025-10-16,246.53929138183597,248.1234359576197,244.22783772705108,247.33635013275975,39777000,-0.7970587509237816,-0.758000040047635,3.8955982305686234,252.22179260253907
2025-10-17,251.3614654541016,252.44746537322092,246.35995200283696,247.10719170360767,49147000,4.2542737504939225,1.955945458120567,6.0875133703839595,252.56004257202147
2025-10-20,261.2748413085937,263.4069798400544,254.68918336894043,254.94822099113512,90483000,6.326620317458577,3.9438725568308186,8.717796471113985,252.8669090270996
2025-10-21,261.80291748046875,264.3136625920602,260.86637452698056,260.9162087553024,46695900,0.8867087251663293,0.20211520145996253,3.447288065079647,253.28237609863282
2025-10-22,257.49884033203125,261.882640960004,254.48993535873984,261.68336485657886,45015300,-4.184524524547612,-1.6440142034546246,7.39270560126414,253.58824768066407
2025-10-23,258.6246337890625,259.6608147081683,257.0604350924048,258.98332466328685,32754900,-0.35869087422435086,0.437203311509915,2.6003796157634724,253.72324905395507
2025-10-24,261.85272216796875,263.15789839957887,258.22610426270086,260.2287163700197,38253700,1.624005797949053,1.248175137693619,4.931794136878011,254.08989486694335
2025-10-27,267.8207092285156,268.12956591820625,263.67601542509226,263.9051799132,44888200,3.9155293153156094,2.2791388270230195,4.453550493113994,254.8062515258789
2025-10-28,268.010009765625,268.8967489277785,267.1631319065021,268.000036838551,41534800,0.009972927073988558,0.07068181458209644,1.733617021276416,255.52210845947266
2025-10-29,268.7073974609375,270.4110953948544,266.1269030442272,268.28892986747474,51086700,0.41846759346276485,0.26020957050163496,4.2841923506271655,256.2319854736328
2025-10-30,270.4011535644531,273.131090148023,267.4919171420092,270.98897852374654,69886500,-0.5878249592934139,0.6303347505577594,5.639173006013834,256.94286193847654
2025-10-31,269.3749389648437,276.29937269597025,268.16940070155243,275.9705701844509,86167100,-6.595631219607185,-0.37951561451634586,8.129971994417815,257.55809020996094
2025-11-03,268.05975341796875,269.8531467885877,265.2700709373508,269.424736694289,50194600,-1.3649832763202312,-0.48823604449951263,4.583075851236913,258.1738136291504
2025-11-04,269.0461730957031,270.49081837885313,266.6350661079627,267.3424445625432,49274800,1.7037285331599037,0.3679849978061922,3.8557522708904344,258.84931869506835
2025-11-05,269.14581298828125,270.7000692568828,265.94760492323326,267.6214146886098,43683100,1.5243982996714749,0.037034495392229694,4.752464333649527,259.451097869873
2025-11-06,268.7771301269531,272.3937751745226,266.90407480138714,266.90407480138714,51204000,1.8730553255659856,-0.13698257358518706,5.489700373135463,260.23470306396484
2025-11-07,267.4819030761719,271.2878509444664,265.78814772800683,268.8069946610708,48227400,-1.325091584898928,-0.48189630202891687,5.499703216459579,261.3904327392578
2025-11-10,268.6986083984375,272.9869540449525,266.7339548671466,268.2298830249396,41312400,0.46872537349787535,0.45487388427887243,6.252999177805862,262.48793716430663
2025-11-11,274.5028076171875,275.16101963639426,269.0675899882029,269.07757258136417,46208300,5.425235035823334,2.160115101952176,6.093429648191375,263.87017211914065
2025-11-12,272.7276306152344,274.9815052844664,270.9624464716027,274.2534760098269,48398000,-1.5258453945925226,-0.6466881039806083,4.019058812863705,265.08543701171874
2025-11-13,272.2090759277344,275.9488963676571,271.3513946141157,273.36590026791555,49602800,-1.1568243401811742,-0.19013646924230798,4.597501753541394,266.36892623901366
2025-11-14,271.6705017089844,275.21085247368256,268.8681323529343,270.31417782757546,47431300,1.3563238814089118,-0.19785314538629528,6.342720120748254,267.38437805175784
2025-11-17,266.73394775390625,269.7557213346742,265.00866346949266,268.0902717401977,45018300,-1.356323986291443,-1.817110773537789,4.747057865181546,267.65733337402344
2025-11-18,266.71405029296875,269.9751630894399,264.5998097936244,269.25711627506445,45677300,-2.5430659820956976,-0.007459665747477917,5.375353295815501,267.90289001464845
2025-11-19,267.8309631347656,271.47104873805114,264.77927226211665,264.8091896065648,40424500,3.0217735282008107,0.4187679053915705,6.691776475934489,268.4194961547852
2025-11-20,265.5272521972656,274.68232536305425,265.1981613886433,270.0948061865016,45823600,-4.567553989235989,-0.8601361510023886,9.484163974410933,268.76462707519534
2025-11-21,270.75299072265625,272.5879921198442,264.9488130991126,265.2280517805383,59030800,5.524938942117956,1.968061086817685,7.6391790207316035,269.2096405029297
2025-11-24,275.1710205078125,276.24807542504453,270.164627965921,270.164627965921,65585800,5.0063925418915005,1.6317565960635383,6.0834474591235335,269.57715606689453
2025-11-25,276.2181701660156,279.6189174225992,274.50283786370125,274.52277261748515,46914200,1.6953975485304795,0.38054503569113773,5.1160795588979795,269.98756408691406
2025-11-26,276.79656982421875,278.7712060098946,275.8790842359358,276.2081750495132,33431400,0.5883947747055345,0.2093995691360595,2.89212177395882,270.39202270507815
2025-11-28,278.0930480957031,278.242634823177,275.2407959413455,276.50736791500816,20135600,1.5856801806949647,0.468386682792965,3.0018388818315316,270.7766174316406
2025-12-01,282.3315124511719,282.65065109438723,275.3904143522869,277.2553332443013,46587700,5.076179206870563,1.524117335723596,7.260236742100346,271.42444610595703
2025-12-02,285.4131164550781,286.619823290159,281.86278279875575,282.231773534172,53669500,3.181342920906104,1.0914842545035386,4.757040491403245,272.2921142578125
2025-12-03,283.378662109375,287.8365294074879,282.5309633672564,285.4231155973949,43538700,-2.044453488019883,-0.7128103890149506,5.305566040231497,273.0087387084961
2025-12-04,279.9380187988281,283.95707766942763,277.8337308175164,283.3287830094401,43989100,-3.3907642106119624,-1.2141504532966252,6.123346851911208,273.54834899902346
2025-12-05,278.02325439453125,280.3768640337961,277.2952250127556,279.7784866384076,47265800,-1.755232243876378,-0.6839958404052604,3.0816390210404734,274.01065521240236
2025-12-08,277.1356506347656,278.9108174051644,275.4003533668138,277.374989388386,38211800,-0.23933875362035906,-0.3192552226246703,3.5104640383505625,274.493342590332
2025-12-09,276.4275817871094,279.2698514894354,276.16830825817004,277.40493251311347,32193300,-0.9773507260040901,-0.25549540307587826,3.101543231265339,274.8797912597656
2025-12-10,278.02325439453125,278.9906225605669,275.6896099437804,276.99605153243056,33038300,1.027202862100694,0.5772479710981937,3.3010126167865224,275.0558135986328
2025-12-11,277.2752685546875,278.8310314000742,273.0667227973629,278.34237127554803,33248000,-1.0671027208605324,-0.2690371499580846,5.76430860271131,275.28319549560547
2025-12-12,277.5246276855469,278.4620785577588,276.06859927253834,277.1456542987284,39532900,0.3789733868184726,0.08993197704185718,2.393479285220451,275.5489730834961
2025-12-15,273.3658752441406,279.3894873363706,272.0993337942639,279.3894873363706,50409100,-6.023612092229996,-1.4985165374650555,7.2901535421067365,275.6337417602539
2025-12-16,273.8645324707031,274.752131096348,271.0522107383373,272.07941349564567,37648600,1.7851189750574576,0.1824138532716013,3.699920358010729,275.9902709960937
2025-12-17,271.10205078125,275.41033087528734,270.9026119684932,274.2634587890498,50138700,-3.161408007799821,-1.0087037063657212,4.507718906794139,276.2096710205078
2025-12-18,271.4511413574219,272.88723490520505,266.22537510199504,272.8672697170699,51630700,-1.4161283596480416,0.12876722074433022,6.661859803210007,276.39067993164065
2025-12-19,272.9271240234375,273.8545921928022,269.1673383776201,271.4112306527045,144632000,1.5158933707330107,0.5437378743868182,4.687253815182089,276.7606735229492
2025-12-22,270.23443603515625,273.13654030849926,269.7756932559407,272.1192896847017,36571800,-1.8848536495454482,-0.9865959632689436,3.3608470525585403,276.73474578857423
2025-12-23,271.62066650390625,271.7603010837797,268.8282792538215,270.1048034873943,29642000,1.5158630165119575,0.5129732868573544,2.9320218299582166,276.5572280883789
2025-12-24,273.06671142578125,274.6823088952694,271.46109654935304,271.60070067851706,17910600,1.4660107472641926,0.5323766193815027,3.221212345916342,276.3996551513672
2025-12-26,272.6578063964844,274.6224597374741,272.11926379011726,273.4157529954652,21521800,-0.7579465989808227,-0.14974546958207435,2.5031959473568577,276.19271697998045
2025-12-29,273.0168762207031,273.6152231466168,271.6107000753325,271.9497734782625,23715200,1.0671027424406248,0.1316924789223295,2.004523071284325,275.9389083862305
2025-12-30,272.33868408203125,273.3359694836473,271.54086793463244,272.06942798009953,22139600,0.2692561019317168,-0.24840667289872664,1.7951015490148734,275.43926696777345
2025-12-31,271.1220092773437,272.9370761103812,271.0123224859311,272.3187639976345,27293600,-1.1967547202908122,-0.446750636542359,1.9247536244500907,274.7247116088867
2026-01-02,270.2743225097656,277.0857683126949,268.2697691424855,271.5209292436992,37838100,-1.246606733933561,-0.31265878039098416,8.815999170209409,274.0694946289062
2026-01-05,266.5345153808594,270.7729784841199,265.41756056202854,269.9053450243044,45647200,-3.3708296434450062,-1.3837078913669698,5.3554179220913625,273.3993194580078
2026-01-06,261.6477966308594,266.82371056256306,261.40845786144683,266.27521573774703,52352100,-4.627419106887658,-1.8334281183122636,5.415252701116231,272.5805465698242
2026-01-07,259.623291015625,262.964203143993,259.1047135716701,262.48552563718374,48309800,-2.8622346215587413,-0.7737522124409923,3.8594895723229,271.7049285888672
2026-01-08,258.3368225097656,258.58614386359903,255.0058776573516,256.3222864925608,50419300,2.0145360172048186,-0.4955135191556992,3.580266206247444,270.800390625
2026-01-09,258.6659240722656,259.5036402038468,255.52448097015204,258.3767027680543,39997000,0.28922130421130987,0.12739243260126987,3.979159233694787,269.83252410888673
2026-01-12,259.54351806640625,260.5906555331263,256.1028713590674,258.45648066308013,45263800,1.0870374033261214,0.33927700267757377,4.487784174058902,268.94593658447263
2026-01-13,260.3413391113281,261.0992857475004,257.6885867541948,258.0176775418968,45730800,2.3236615694313514,0.30739393950796057,3.4106989933056298,268.0867721557617
2026-01-14,259.2543334960937,261.10930037675524,256.0131555781144,258.78560808748875,40019400,0.4687254086049393,-0.41753093033357613,5.096144798640864,267.3811950683594
2026-01-15,257.5090637207031,260.3313985459844,256.35220896361545,259.9424426175537,39388600,-2.43337889685057,-0.6731882749481111,3.9791895823689742,266.56342163085935
2026-01-16,254.8363494873047,258.1971965798445,254.2379721311412,257.1999111311508,72142800,-2.3635616438461398,-1.037910741773851,3.95922444870331,265.7501365661621
2026-01-20,246.0303192138672,254.09835490933511,242.75922413209136,252.04394930256512,80267500,-6.013630088697937,-3.4555628705065122,11.339130777243753,264.4790954589844
2026-01-21,246.97775268554688,250.8771427168815,244.51445623630568,248.02490552393743,54641700,-1.0471528383905593,0.38508809593345017,6.362686480575832,263.18162689208987
2026-01-22,247.67584228515625,250.31864258405668,247.47637302553755,248.52352576906395,39708300,-0.8476834839077014,0.282652826830998,2.8422695585191207,262.05369720458987
2026-01-23,247.3666839599609,248.7329754164565,244.01580413580567,246.6486524137701,41689000,0.7180315461908151,-0.12482377059583882,4.717171280650831,260.84099807739256
2026-01-26,254.7166748046875,255.863546959882,249.12190294519743,250.7973351598156,55969200,3.9193396448719113,2.971293759961746,6.741644014684567,259.9234962463379
2026-01-27,257.5688781738281,261.23891141767155,257.50904348719195,258.4664593428383,49648300,-0.8975811690101523,1.1197552619307993,3.7298679304795996,259.1690498352051
2026-01-28,255.743896484375,258.15731035497566,253.8191275531099,256.95060341967536,41288000,-1.2067069353003603,-0.7085412268719393,4.33818280186577,258.3054008483887
2026-01-29,257.5788879394531,258.94516415300217,253.7193980705993,257.29964922744847,67253000,0.27923871200465555,0.7175113386098886,5.225766082402856,257.5674110412598
2026-01-30,258.775634765625,261.1890484668085,251.4954328536096,254.47732177254832,92443400,4.298312993076678,0.46461370951069725,9.693615613198915,256.9500923156738
2026-02-02,269.2770690917969,269.7557466562268,258.50636737104884,259.3241487899344,73913400,9.952920301862491,4.058123298850402,11.249379285177952,256.9002296447754
2026-02-03,268.7485046386719,271.1419837262723,266.88355520832346,268.4692659190308,64394700,0.2792387196410573,-0.19629018353019,4.2584285179488575,257.010929107666
2026-02-04,275.7394104003906,278.19275421850585,271.5508302866565,271.5508302866565,90545700,4.188580113734133,2.6012817340576033,6.641923931849362,257.71550979614256
2026-02-05,275.1610412597656,278.7412924914769,272.48832346973,277.37501624935936,52977400,-2.213974989593737,-0.20975207707348842,6.252969021746878,258.4923973083496
2026-02-06,277.364990234375,280.1474248180158,276.1782182606431,276.3677049075235,50453400,0.997285326851511,0.8009669408572728,3.9692065573726723,259.4438056945801
2026-02-09,274.1307983398437,277.70443813431814,271.2160169672847,277.41494619870406,44623400,-3.284147858860365,-1.1660418612307155,6.488421167033437,260.217049407959
2026-02-10,273.19244384765625,274.87943562430115,272.4537718732244,274.4003102195724,34376900,-1.2078663719161682,-0.3423017398519912,2.4256637510767405,260.8994956970215
2026-02-11,275.0092163085937,279.6808719096702,273.9610989943363,274.2106536370846,51931300,0.798562671509103,0.665015633430377,5.71977291533392,261.6328895568848
2026-02-12,261.2637634277344,275.22883180172755,259.71650632997444,275.0990585104662,81077200,-13.835295082731818,-4.998178993912427,15.512325471753115,261.7333610534668
2026-02-13,255.3243560791016,261.7628783299504,254.9949421084194,261.5432690161623,56290700,-6.218912937060708,-2.2733375921363153,6.767936221531016,261.6241256713867
2026-02-17,263.4099426269531,265.8156532326085,255.08478749757865,257.5903108294174,58469100,5.819631797535749,3.166790145686904,10.730865735029852,262.0528053283691
2026-02-18,263.8791198730469,266.3447212846438,261.9825104325609,263.1304558468116,34203300,0.7486640262352466,0.1781167564954833,4.36221085208291,262.94524536132815
2026-02-19,260.11578369140625,264.00886051677537,259.5867290635135,262.1322047157328,30845300,-2.0164210243265757,-1.426159138112626,4.422131453261898,263.6021469116211
2026-02-20,264.1086730957031,264.2783836675007,257.7001265171608,258.50868117461044,42070500,5.5999919210926805,1.5350431056632585,6.57825715033988,264.4237884521484
2026-02-23,265.705810546875,268.95002088588865,262.91081074777924,263.0206001676805,37308200,2.685210379194473,0.6047273769737682,6.039210138109411,265.34074478149415
2026-02-24,271.6552429199219,274.4003442568012,267.233111068832,267.38283777638213,47014600,4.272405143539743,2.239105106810335,7.167233187969202,266.1876731872559
2026-02-25,273.74151611328125,274.45024283739696,270.567157599074,271.29586819299504,33714300,2.4456479202862056,0.7679856169661159,3.8830852383229626,266.99630508422854
2026-02-26,272.4637756347656,275.61811956353745,270.3175813011377,274.4602128097023,32345100,-1.9964371749366592,-0.46676897850849164,5.300538262399755,267.83229904174806
2026-02-27,263.7094116210937,272.3240439665745,262.4217314181026,272.3240439665745,72366500,-8.6146323454808,-3.2130377674157495,9.902312548471912,268.1388252258301
2026-03-02,264.2484130859375,266.0551862059976,259.73647625260065,261.94253069595567,41827900,2.305882389981832,0.20439219879579973,6.318709953396933,268.4124641418457
2026-03-03,263.2801818847656,265.08695529305965,259.6666350681776,263.0106738027697,38568900,0.269508081995923,-0.3664094667077511,5.420320224882062,268.1126197814941
2026-03-04,262.0523376464844,265.67587606267574,260.9543215497597,264.17854815272653,39803100,-2.1262105062421597,-0.4663640952734749,4.721554512916043,267.77781143188474
2026-03-05,259.8263244628906,261.09405110124777,256.79173142961054,260.3254337562426,49658600,-0.49910929335197807,-0.8494536639458317,4.302319671637235,266.98215713500974
2026-03-06,257.0013427734375,258.3090066542827,253.916851068475,258.16927189629365,41120000,-1.167929122856151,-1.0872576884936036,4.3921555858077,266.07417221069335
2026-03-09,259.41705322265625,260.68477987096253,253.2280857512349,255.2345148744848,38218500,4.182538348171448,0.9399602442343502,7.4566941197276435,265.1767753601074
2026-03-10,260.3653564453125,262.01244158439727,256.4922936817907,257.19102845716964,30590800,3.1743279881428634,0.3655516130785408,5.5201479026065385,264.48850326538087
2026-03-11,260.34539794921875,261.6630538494394,259.08763272962494,260.624897946549,26218900,-0.27949999733027653,-0.007665572857407099,2.5754211198144503,263.846150970459
2026-03-12,255.3043975830078,258.4887327594216,253.7272102811576,258.1992408199258,40794000,-2.894843236918007,-1.936274044373243,4.761522478264027,262.8609100341797
2026-03-13,249.6744384765625,255.87336762960535,249.0755164384504,255.024890934378,36930000,-5.350452457815493,-2.2051947243152514,6.797851191154962,262.2814437866211
2026-03-16,252.36964416503903,253.43773019062647,249.4348789230203,251.66090222791988,32074200,0.7087419371191572,1.079488034466758,4.002851267606161,262.13370819091796
2026-03-17,253.7771148681641,254.67552076289968,251.7307636559193,252.5093881906664,32361600,1.2677266774976772,0.557702059525278,2.9447571069803757,261.65206680297854
2026-03-18,249.4947662353516,254.48585937367065,248.5564382882904,252.1799767808244,35757900,-2.6852105454728132,-1.687444762321122,5.929421085380255,260.93284912109374
2026-03-19,248.5165252685547,251.3814079598573,246.85947863088072,248.95572868612365,34864100,-0.43920341756896164,-0.392088772665522,4.521929328976597,260.3528861999512
2026-03-20,247.54823303222656,248.75606899357115,245.56177255944445,247.53824109812177,88331100,0.00999193410478938,-0.3896289131202657,3.1942964341266986,259.52486419677734
2026-03-23,251.04200744628903,254.1464679788293,249.83415620831627,253.51758537106093,40546100,-2.4755779247718976,1.4113509804804858,4.31231177051302,258.791674041748
2026-03-24,251.1917266845703,254.3760464402864,249.10545347620703,249.9040313986812,45152300,1.2876952858891002,0.05963911769359953,5.270592964079356,257.7684982299805
2026-03-25,252.16998291015625,254.5457480998694,251.15181088451408,253.6473574345128,28476700,-1.4773745243565486,0.3894460372950048,3.3939372153553222,256.6899215698242
2026-03-26,252.43951416015625,256.5421934269488,250.32329549316128,251.67088153367663,41796700,0.768632626479615,0.10688474769657841,6.218897933787531,255.68870849609374
2026-03-27,248.35679626464844,255.03488128462607,247.6281009352486,253.4477020992108,47900000,-5.0909058345623635,-1.6173054004998577,7.40678034937747,254.92107772827148
2026-03-30,246.19065856933597,250.4230956915925,245.07264337813007,249.62453299565456,39446200,-3.433874426318596,-0.8721878071757061,5.3504523134624264,254.0181900024414
2026-03-31,253.33790588378903,255.0248978486836,246.65983587287727,247.4683905467953,49598100,5.869515336993743,2.903135056377515,8.365061975806327,253.52107620239258
2026-04-01,255.1746368408203,255.7236449097363,252.8787309132899,253.6273948962928,40059400,1.5472419445275136,0.7250122916362178,2.844913996446394,253.17719116210938
2026-04-02,255.464111328125,255.6737439434535,250.20349485503917,253.7471740568136,31289400,1.7169372713113944,0.11344171618641319,5.470249088414334,252.9590805053711
2026-04-06,258.3988647460937,261.6930045642991,256.0031460821725,256.0530752925303,29329900,2.345789453563384,1.1487928393195013,5.689858482126567,253.0289566040039
2026-04-07,253.0484161376953,255.7436185540334,245.2623079794448,255.7036812801697,62148000,-2.655265142474377,-2.07061614363353,10.481310574588576,252.71052474975585
2026-04-08,258.4388122558594,259.28730423338584,256.07303883918246,257.9896321241455,41032800,0.44918013171388793,2.130183701774646,3.2142653942033803,252.61419754028321
2026-04-09,260.0259704589844,260.6548530924392,255.61386101634736,258.5386343954405,28121600,1.4873360635438644,0.6141330666516565,5.040992076091868,252.59822616577148
2026-04-10,260.0159912109375,261.7229364827484,258.5585701252562,259.5168819122501,31291500,0.49910929868741505,-0.003837788982874457,3.164366357492213,252.83380584716798
2026-04-13,258.73828125,259.71651601158027,256.2027973984465,259.2673359057164,36234700,-0.5290546557163793,-0.49139668486810617,3.51371861313379,253.28699798583983
2026-04-14,258.3689270019531,261.4634109961452,256.7318642110386,258.7881922504944,48370700,-0.4192652485412509,-0.14275206833038734,4.731546785106616,253.58696212768555
2026-04-15,265.95538330078125,266.08515659729386,257.35074355126085,257.7001261657452,49913500,8.25525713503606,2.936288193344083,8.734413046033012,254.1958755493164
2026-04-16,262.9307861328125,266.68409800240715,260.80457553569033,266.3247234477873,43323100,-3.393937314974778,-1.1372573588962043,5.879522466716821,254.86767654418946
2026-04-17,269.7486267089844,271.8149160854778,266.24486962975914,266.4844323486072,61436200,3.2641943603771892,2.5930172257302875,5.570046455718682,255.92928161621094
2026-04-20,272.5635681152344,273.7913879220191,269.80850557942483,269.84841238867654,36590200,2.715155726557839,1.0435424419368289,3.98288234259428,257.1800483703613
2026-04-21,265.69586181640625,272.3140256362382,264.9272139873882,271.0163536236942,50209800,-5.320491807287965,-2.5196714096157535,7.386811648850028,257.91274108886716
2026-04-22,272.68341064453125,273.2523721409737,266.39461467279705,267.3429346055621,43249200,5.340476038969143,2.6299050276339386,6.857757468176658,258.98732528686526
2026-04-23,272.9429016113281,275.2787294551341,271.1660737405759,274.56001085217736,33399600,-1.6171092408492314,0.09516199250387825,4.11265571455823,260.02597122192384
2026-04-24,270.5771179199219,272.5735550213531,269.16962610782736,272.2741016414235,38157100,-1.6969837215016241,-0.8667687188198547,3.4039289135257604,260.93285140991213
2026-04-27,267.1332702636719,267.88193422863776,264.59781690250213,265.6159889280984,41466800,1.5172813355735002,-1.2727786010601316,3.284117326135629,261.8716751098633
2026-04-28,270.2277526855469,272.7432830913257,268.181416710472,271.8548539018017,40018900,-1.6271012162548004,1.1584039752220443,4.561866380853701,263.07352981567385
2026-04-29,269.688720703125,270.5571659728108,266.56429174844374,267.07336249706583,30047900,2.6153582060591702,-0.19947321363735782,3.9928742243670854,263.8910705566406
2026-04-30,270.8666381835937,275.50834883767226,267.6623648300734,270.018146234023,91848200,0.8484919495707004,0.43676927881806105,7.845984007598872,264.67567062377924
2026-05-01,279.6409912109375,286.70836594964845,277.8741246788477,278.3632420760759,79915400,1.2777491348616081,3.2393627676644776,8.83424127080076,265.8845146179199
2026-05-04,276.3368225097656,280.13007120517506,274.3703307853319,279.16179801165765,46668400,-2.824975501892027,-1.1815752357562936,5.759740419843183,266.7814125061035
2026-05-05,283.6737670898437,284.0630869835518,276.00745521106614,276.43668191704,49311700,7.237085172803688,2.655073078369341,8.05563177248564,268.31268005371095
2026-05-06,286.99786376953125,287.5169265187869,280.5693330033821,281.4178249779708,58336100,5.580038791560469,1.1718026357490974,6.947593515404776,269.74063262939455
2026-05-07,286.927978515625,291.6096265406606,285.2709318587503,288.75470528792926,45224300,-1.826726772304255,-0.02435044393305219,6.338694681910283,271.0857330322266
2026-05-08,292.7974853515625,294.2349225642168,289.48339230776435,289.49338424193445,52692800,3.30410110962805,2.0456376775462637,4.75153025645244,272.7248077392578
2026-05-11,292.42779541015625,293.6267735875138,289.979924827367,291.72841688276577,42247300,0.6993785273904791,-0.12626131025762488,3.6468487601468382,274.40928344726564
2026-05-12,294.54595947265625,295.0155556946294,292.3078994315659,292.3078994315659,45748100,2.238060041090364,0.7243374589372076,2.707656263063541,276.21813507080077
2026-05-13,298.6124572753906,300.6607090744109,293.24708951115105,293.24708951115105,52684300,5.365367764239579,1.3805987391627639,7.413619563259829,277.8509887695312
2026-05-14,297.9530334472656,300.1911240450107,295.12548538387824,299.5616620172475,35324900,-1.6086285699818745,-0.2208293097152536,5.065638661132482,279.6021011352539
2026-05-15,299.9713134765625,302.93875555297063,296.26448829773227,297.643304079477,54862800,2.328009397085509,0.6773819369938039,6.674267255238362,281.1132354736328
2026-05-18,297.5833435058594,300.4009207908792,294.6558756451712,299.98126929450746,34483000,-2.397925788648081,-0.7960661114649215,5.745045145707991,282.3642242431641
2026-05-19,298.7123718261719,300.2510533099592,296.09463441963413,296.7140952726279,42243600,1.998276553543974,0.3793990305409167,4.156418890325085,284.01504974365236
2026-05-20,301.98956298828125,302.5390768782648,297.82314269813475,297.9230626302997,38229800,4.0665003579815675,1.0971059357449242,4.715934180130034,285.48035736083983
2026-05-21,304.7271728515625,305.27671719779084,300.1411318265125,300.80056674721834,42965100,3.9266061043441596,0.906524661379593,5.135585371278353,287.06957092285154
2026-05-22,308.55389404296875,311.13165741506583,305.5764509618376,305.85620846339293,43670200,2.6976855795758183,1.2557860054279724,5.555206453228209,288.9684097290039
2026-05-26,308.0643005371094,311.5513139598484,307.4048960873393,309.2932516306072,48000500,-1.2289510934978125,-0.1586735786880733,4.146417872509119,291.0149612426758
2026-05-27,310.5821533203125,312.9900803339556,308.0343323058515,308.0643052358437,50430900,2.517848084468824,0.8173140408717527,4.955748028104097,293.0326812744141
2026-05-28,312.24072265625,312.5304508120942,309.30325358892543,310.412282475935,48220400,1.828440180314999,0.534019523725493,3.227197223168787,295.1602813720703
2026-05-29,311.7911071777344,314.7285763294451,309.2632884033746,311.5113496628706,70026800,0.27975751486377476,-0.1439964251589987,5.465287926070516,297.20650482177734
2026-06-01,306.0460510253906,310.6720662449624,304.7571540774977,309.363197507879,48849900,-3.317146482488397,-1.8425978227367579,5.914912167464706,298.5267578125
2026-06-02,314.92840576171875,315.1781903378333,306.42572903356995,307.1950545511415,44534700,7.733351210577268,2.9022935295418106,8.752461304263363,300.45633697509766
2026-06-03,309.9926452636719,316.6668815001487,308.5838566628498,313.9092501546009,50836700,-3.9166048909290225,-1.567264307615801,8.083024837298865,301.77228088378905
2026-06-04,310.9618225097656,313.26982953176514,309.3831669286496,312.96009909963743,44869100,-1.9982765898718071,0.312645238815068,3.8866626031155533,302.9704788208008
2026-06-05,307.0751647949219,314.8984348439246,306.8853260765596,312.5903972939029,65310500,-5.5152324989810495,-1.2498826008526143,8.013108767364997,303.97783813476565
2026-06-08,301.2801818847656,317.1265012321255,300.9105055796523,308.4739595974908,77949100,-7.193777712725193,-1.8871545388655542,16.215995652473225,304.40197296142577
2026-06-09,290.29962158203125,300.4908444635933,287.5320194610898,300.0212482417878,70108800,-9.721626659756566,-3.6446341189923515,12.958825002503488,304.29556427001955
2026-06-10,291.3287353515625,294.4960172141002,287.1323727394638,290.4894628291428,52793300,0.8392725224197193,0.35450055495178656,7.3636444746364305,304.1347030639648
2026-06-11,295.375244140625,296.7440586571729,289.3404406054596,293.4668864344149,42572500,1.9083577062100971,1.388983748609407,7.403618051713295,303.97284240722655
2026-06-12,290.879150390625,296.88398158337014,289.3704417369658,295.7749221682621,38742100,-4.895771777637094,-1.5221633631081977,7.513539846404342,303.61914825439453
2026-06-15,296.1645812988281,297.5233947188816,291.4486474146935,293.8665449684006,45732600,2.2980363304275215,1.8170538868479413,6.074747304188122,303.42881164550784
2026-06-16,298.9821472167969,300.2210994929347,293.71669913987887,294.99559499590845,39874400,3.986552220888427,0.9513514092780229,6.504400353055814,303.4987518310547
2026-06-17,295.6949768066406,301.8096980081642,294.10632015937927,300.59074812548096,42745100,-4.895771318840332,-1.0994537435617069,7.703377848784953,303.34788208007814
2026-06-18,297.7532043457031,300.31099586682666,295.3652492546472,297.8530937792582,85962200,-0.09988943355506308,0.6960644246616354,4.945746612179448,303.13606414794924
2026-06-22,296.75408935546875,302.1594314563154,296.5043047694293,297.05381866220307,44879900,-0.29972930673432074,-0.3355513813629196,5.655126686886092,302.7374099731445
2026-06-23,294.04638671875,301.3800886038737,293.9264950024863,297.2836155142734,52010900,-3.2372287955233787,-0.9124398732296202,7.453593601387354,302.0120346069336
2026-06-24,292.8274230957031,299.4417438827621,292.68755959702736,295.1054570720635,53081900,-2.278033976360348,-0.41454807068002086,6.754184285734766,301.2501907348633
2026-06-25,274.91290283203125,288.55113481081804,273.5141152813601,287.1523472601469,107013700,-12.239444428115632,-6.117774105404383,15.03701952945795,299.4667282104492
2026-06-26,283.53546142578125,285.70360492137456,273.9737007161028,274.7630284991681,261775500,8.772432926613135,3.136469225316163,11.729904205271737,298.0314651489258
2026-06-29,281.4972229003906,288.12151489662153,279.6088673150861,286.4829438934296,66427000,-4.985720993038967,-0.7188654692930396,8.512647581535418,296.5167709350586
2026-06-30,289.11065673828125,289.69017405322865,280.45814550695326,280.9277417485351,65100200,8.182914989746166,2.7046212958856453,9.232028546275387,295.6700012207031
2026-07-01,294.1263427734375,296.33442991747245,288.95081360688545,293.1871503157195,50164200,0.9391924577179793,1.7348672275670385,7.383616310587001,294.62989807128906
2026-07-02,308.3640441894531,309.15337194761725,293.4269150966668,293.866538367699,75352800,14.497505821754146,4.840675364798175,15.726456850950456,294.5484680175781
2026-07-06,312.3905944824219,313.9292760509671,306.7354678654279,307.0951430290638,53590000,5.295451453358055,1.305778143996239,7.193808185539183,294.6199066162109
2026-07-07,310.3923034667969,315.2081573213481,309.88273318392555,315.0183186077797,42490000,-4.626015140982815,-0.6396770744445224,5.325424137422544,294.7857635498047
2026-07-08,313.1199645996094,314.5487250421545,306.7854009831778,311.6412289475945,41323500,1.4787356520148478,0.8787785980344909,7.763324058976707,295.37775268554685
2026-07-09,315.947509765625,316.2572401947346,307.8944576262147,310.24243869469103,48124500,5.705071070933968,0.903022957872146,8.36278256851989,296.66014709472654
2026-07-10,315.0483093261719,316.6369356310425,311.9010296470402,314.4488202226986,34132300,0.5994891034732746,-0.2846043762522954,4.735905984002272,297.846125793457
2026-07-13,317.0365600585937,323.171283634363,315.5078797345754,316.7468014245228,43257800,0.28975863407089264,0.6310939222858636,7.663403899787625,298.92919158935547
2026-07-14,314.58868408203125,315.91755515351207,311.64124426456783,313.48965629761443,36336800,1.099027784416819,-0.7721115748007268,4.276310888944238,300.11466827392576
2026-07-15,327.2178039550781,328.44675508114506,317.0465830462295,317.34631234952286,60957600,9.871491605555264,4.014486379221993,11.400172034915556,301.6673294067383
2026-07-16,332.97283935546875,334.3915986652446,326.50841333986017,327.72736328456057,62970600,5.2454760709081825,1.7587781993612772,7.8831853253844315,303.3668640136719
2026-07-17,333.452392578125,334.7013154010385,328.7164869908464,331.693929977533,63407100,1.7584626005919972,0.14402172368908062,5.984828410192108,305.2547348022461
2026-07-20,326.3085632324219,333.4224228207836,323.4010672140761,333.2226134619852,53468000,-6.9140502295633155,-2.142383591993391,10.021355606707516,306.68250274658203
2026-07-21,327.45758056640625,329.3159936819017,321.94234806189104,322.85156758462244,41338900,4.606012981783806,0.3521260130602055,7.373645620010677,308.2176773071289
2026-07-22,325.60919189453125,328.7164973399543,323.0613709608057,327.58746619388995,38755900,-1.9782742993587021,-0.5644666001250687,5.655126379148612,309.79581756591796
2026-07-23,321.3828430175781,323.0214140443725,319.0748358849152,321.4527900194849,40840800,-0.06994700190676895,-1.2979820539962161,3.9465781594572604,311.22358856201174
2026-07-24,332.7330322265625,334.0818750563203,321.3428614810286,321.5127284115298,47489400,11.220303815032707,3.531672413627751,12.739013575291722,314.1145950317383
2026-07-27,336.61968994140625,339.277401491225,333.73216560461384,334.2517370375488,49604300,2.3679529038574287,1.1681009513348384,5.545235886611181,316.76880645751953
2026-07-28,339.78692626953125,342.59453283396704,335.31080637618777,339.73698155301014,51859000,0.04994471652111088,0.9408945533389002,7.283726457779267,319.68329162597655
2026-07-29,337.8985900878906,344.2730974331505,337.0593175600121,339.43727163464206,56090800,-1.5386815467514339,-0.5557412706758247,7.213779873138378,322.12268829345703
2026-07-30,333.1426696777344,334.4615395264105,329.30598233808786,332.8129674612056,74817800,0.3297022165288013,-1.407499335501572,5.155557188322632,324.07350463867186
2026-07-31,308.6438293457031,310.4222943774597,299.7415030462749,304.5473560391476,132489100,4.096473306555538,-7.353858440208272,10.680791331184821,324.0874938964844
2026-08-03,303.1585693359375,311.5313230344714,302.29929450581176,309.313234694189,75052000,-6.1546653582515205,-1.7772135672998512,9.232028528659669,323.62589263916016
2026-08-04,309.1134033203125,310.1525156602479,301.0603512911937,302.46913991298527,68001000,6.64426340732723,1.9642637836096544,9.092164369054217,323.56194763183595
2026-08-05,310.7320251464844,311.4414048335362,305.406631186344,309.09342362565195,49438800,1.6386015208324238,0.5236336596166957,6.034773647192196,323.4425506591797
2026-08-06,312.14080810546875,316.0174696892129,308.96355554648414,314.06913775687,46139900,-1.9283296514012704,0.45337552777839907,7.053914142728729,323.25221557617186
2026-08-07,313.0599975585937,314.53873325457766,310.47223295908327,311.1816431226555,34437200,1.8783544359382063,0.29447910342257355,4.066500295494393,323.15279998779295
2026-08-10,308.260009765625,308.260009765625,304.6099853515625,306.8299865722656,44812500,1.430023193359375,-1.53324852437281,3.6500244140625,322.7139724731445
2026-08-11,304.9100036621094,309.9700012207031,302.7900085449219,307.75,37476700,-2.839996337890625,-1.0867469011185404,7.17999267578125,322.23003845214845
2026-08-12,302.25,305.6600036621094,300.57000732421875,305.1000061035156,41657800,-2.850006103515625,-0.8723897642456846,5.089996337890625,320.98164825439454
2026-08-13,305.260009765625,306.0,302.04998779296875,304.2099914550781,40349300,1.050018310546875,0.9958675816790663,3.95001220703125,319.5960067749023
2026-08-14,305.92999267578125,307.489990234375,304.29998779296875,306.0,28229400,-0.07000732421875,0.2194794236790587,3.19000244140625,318.21988677978516
2026-08-17,305.5899963378906,307.6600036621094,302.94000244140625,306.2099914550781,38169300,-0.6199951171875,-0.11113534012042736,4.720001220703125,317.18395843505857
2026-08-18,310.0299987792969,311.489990234375,305.739990234375,307.5799865722656,53424500,2.45001220703125,1.4529279409058127,5.75,316.3125793457031
2026-08-19,316.8299865722656,319.2799987792969,309.6000061035156,310.1400146484375,50505600,6.689971923828125,2.1933322000267097,9.67999267578125,315.87361907958984
2026-08-20,311.29998779296875,320.2799987792969,310.6499938964844,317.4599914550781,40959200,-6.160003662109375,-1.7454152112068244,9.6300048828125,315.3694763183594
2026-08-21,309.3500061035156,312.3800048828125,307.010009765625,312.04998779296875,46876800,-2.699981689453125,-0.6263995393247401,5.3699951171875,314.20032501220703
2026-08-24,310.3399963378906,313.3599853515625,309.9700012207031,311.4700012207031,34673600,-1.1300048828125,0.3200226975407672,3.389984130859375,312.88634033203124
2026-08-25,309.8999938964844,313.5899963378906,308.2099914550781,310.7900085449219,25869800,-0.8900146484375,-0.14178077160482694,5.3800048828125,311.3919937133789
2026-08-26,313.45001220703125,315.42999267578125,308.79998779296875,310.29998779296875,34024500,3.1500244140625,1.1455367474878742,6.6300048828125,310.16956481933596
2026-08-27,314.5799865722656,315.3999938964844,309.3999938964844,310.54998779296875,32419200,4.029998779296875,0.3604958753321119,6.0,309.2414306640625
2026-08-28,319.70001220703125,322.3699951171875,315.45001220703125,316.8500061035156,38649400,2.850006103515625,1.627575132974779,6.91998291015625,309.7942398071289
2026-08-31,316.8500061035156,321.239990234375,312.79998779296875,319.6000061035156,41242700,-2.75,-0.8914626195478559,8.44000244140625,310.4788116455078
2026-09-01,325.1300048828125,327.29998779296875,314.7300109863281,316.9800109863281,53167400,8.149993896484375,2.613223487390992,12.569976806640625,311.27964172363284
2026-09-02,324.9599914550781,328.3999938964844,323.5299987792969,326.8699951171875,33776400,-1.910003662109375,-0.052290906769936196,4.8699951171875,311.9910400390625
2026-09-03,328.2099914550781,330.8099975585937,324.1099853515625,324.8699951171875,37225800,3.339996337890625,1.0001231183714099,6.700012207031193,312.794499206543
2026-09-04,319.9700012207031,328.92999267578125,317.8599853515625,328.3099975585937,39606900,-8.339996337890568,-2.5105848234065142,11.07000732421875,313.13999938964844
2026-09-08,316.2200012207031,320.70001220703125,314.8999938964844,317.1000061035156,35477100,-0.8800048828125,-1.1719848691107093,5.800018310546875,313.53799896240236
2026-09-09,315.3399963378906,319.1499938964844,309.8999938964844,315.489990234375,65640000,-0.149993896484375,-0.27828881140200545,9.25,314.0594985961914
2026-09-10,326.57000732421875,326.739990234375,316.510009765625,316.6700134277344,70011900,9.899993896484375,3.5612390171702257,10.22998046875,315.27549896240237
2026-09-11,332.2699890136719,336.2200012207031,326.29998779296875,327.45001220703125,50716900,4.819976806640625,1.7454088133066703,9.920013427734375,316.62599792480466
2026-09-14,333.0799865722656,335.5,331.3399963378906,334.7900085449219,39269100,-1.71002197265625,0.24377692400032736,4.160003662109375,317.9834976196289
2026-09-15,331.3399963378906,331.7799987792969,328.3500061035156,330.1400146484375,31748200,1.199981689453125,-0.5223941108804753,3.42999267578125,319.27099761962893
2026-09-16,332.4100036621094,335.4800109863281,330.70001220703125,332.5299987792969,35981000,-0.1199951171875,0.32293334219983816,4.779998779296875,320.3899978637695
2026-09-17,337.0,338.3399963378906,330.17999267578125,334.7699890136719,36700200,2.230010986328125,1.380823768034456,8.160003662109375,321.39849853515625
2026-09-18,336.1300048828125,338.489990234375,332.5299987792969,337.9100036621094,86433100,-1.779998779296875,-0.2581587884829428,5.959991455078125,322.63999938964844
