Date,Close,High,Low,Open,Volume,Daily Price Change,Daily Return,Daily Trading Range,20-Day Moving Average,5-Day Moving Average,5-Day Volatility
2021-09-20,167.7864990234375,170.9499969482422,165.25050354003906,169.8000030517578,93382000,-2.0135040283203125,,5.699493408203125,,,
2021-09-21,167.18150329589844,168.98500061035156,166.6195068359375,168.75,55618000,-1.5684967041015625,-0.3605747369784251,2.3654937744140625,,,
2021-09-22,169.00250244140625,169.4499969482422,167.05250549316406,167.5500030517578,48228000,1.4524993896484375,1.089234819407503,2.397491455078125,,,
2021-09-23,170.8000030517578,171.447998046875,169.00250244140625,169.00250244140625,47588000,1.7975006103515625,1.063594079605279,2.44549560546875,,,
2021-09-24,171.2760009765625,171.46299743652344,169.6699981689453,170.10049438476562,42324000,1.175506591796875,0.2786873046251914,1.792999267578125,,169.2093017578125,
2021-09-27,170.2899932861328,170.77850341796875,166.98049926757812,168.5749969482422,72690000,1.714996337890625,-0.5756835077931344,3.798004150390625,,169.71000061035156,0.7761439687844239
2021-09-28,165.79800415039062,168.45950317382812,164.5050048828125,167.885498046875,88616000,-2.087493896484375,-2.63784679831095,3.954498291015625,,169.43330078125,1.5461783122390438
2021-09-29,165.05599975585938,167.56500244140625,164.89349365234375,166.10549926757812,51246000,-1.04949951171875,-0.4475351789266391,2.6715087890625,,168.6440002441406,1.3805326877320836
2021-09-30,164.2519989013672,166.3925018310547,163.69949340820312,165.8000030517578,56848000,-1.548004150390625,-0.48710792439015105,2.6930084228515625,,167.3343994140625,1.0966187999485963
2021-10-01,164.16299438476562,165.45849609375,162.7969970703125,164.45050048828125,56712000,-0.287506103515625,-0.05418778291703674,2.6614990234375,,165.91179809570312,1.0244727298138343
2021-10-04,159.48899841308594,163.99949645996094,158.8125,163.96949768066406,90462000,-4.480499267578125,-2.8471678341373097,5.1869964599609375,,163.75159912109376,1.3344440255544148
2021-10-05,161.0500030517578,163.0364990234375,160.1230010986328,160.22500610351562,65384000,0.8249969482421875,0.978753803838428,2.9134979248046875,,162.8019989013672,1.4028588813439125
2021-10-06,163.10049438476562,163.2169952392578,159.93099975585938,160.67649841308594,50660000,2.4239959716796875,1.2732016728672857,3.2859954833984375,,162.41089782714843,1.633037546540516
2021-10-07,165.1215057373047,166.28750610351562,164.1529998779297,164.57699584960938,48182000,0.5445098876953125,1.2391203105561077,2.1345062255859375,,162.58479919433594,1.743141393295923
2021-10-08,164.43099975585938,166.07150268554688,164.41000366210938,165.85000610351562,39964000,-1.41900634765625,-0.41818052612956347,1.6614990234375,,162.63840026855468,1.759649802252816
2021-10-11,162.31500244140625,164.62950134277344,161.90499877929688,163.75,40684000,-1.43499755859375,-1.286860335091844,2.7245025634765625,,163.20360107421874,1.1518811760998142
2021-10-12,162.3665008544922,163.37649536132812,161.81399536132812,162.85000610351562,36392000,-0.4835052490234375,0.03172745113595443,1.5625,,163.46690063476564,1.100859399766846
2021-10-13,164.21400451660156,164.41900634765625,163.05450439453125,163.48550415039062,48402000,0.7285003662109375,1.1378601203982708,1.364501953125,,163.68960266113282,1.0680597417743072
2021-10-14,164.9929962158203,165.6300048828125,164.53900146484375,165.12249755859375,42190000,-0.1295013427734375,0.4743759227551214,1.09100341796875,,163.66390075683594,0.9152736184271
2021-10-15,170.4510040283203,170.52099609375,165.1999969482422,165.5709991455078,103598000,4.8800048828125,3.308023939004423,5.3209991455078125,165.6568504333496,164.86790161132814,1.6906482022217353
2021-10-18,172.33700561523438,172.45849609375,169.2550048828125,169.41799926757812,63482000,2.91900634765625,1.1064772529006062,3.2034912109375,165.88437576293944,166.87230224609374,1.2596706139183838
2021-10-19,172.20750427246094,172.7344970703125,171.10000610351562,171.71449279785156,47722000,0.493011474609375,-0.07514424560826072,1.634490966796875,166.13567581176758,168.8405029296875,1.2853430764905653
2021-10-20,170.7530059814453,173.14300537109375,170.01849365234375,172.63299560546875,42796000,-1.8799896240234375,-0.8446195751808605,3.12451171875,166.22320098876952,170.14830322265624,1.5780211995417368
2021-10-21,171.75050354003906,172.01400756835938,170.14999389648438,170.71249389648438,37628000,1.0380096435546875,0.5841756945129006,1.864013671875,166.2707260131836,171.4998046875,1.573221063559385
2021-10-22,166.77749633789062,171.49200439453125,166.56500244140625,171.0500030517578,62782000,-4.2725067138671875,-2.8954833317208384,4.927001953125,166.04580078125,170.76510314941407,1.5625000523744115
2021-10-25,166.01849365234375,167.38999938964844,164.88499450683594,166.75,44520000,-0.73150634765625,-0.4550989805058192,2.5050048828125,165.83222579956055,169.50140075683595,1.316592043162811
2021-10-26,168.80349731445312,170.80599975585938,167.19900512695312,167.47549438476562,53966000,1.3280029296875,1.677526160393561,3.60699462890625,165.98250045776368,168.8205993652344,1.7111393732567062
2021-10-27,169.62449645996094,171.85000610351562,168.57249450683594,169.39999389648438,54044000,0.2245025634765625,0.48636382454707583,3.2775115966796875,166.21092529296874,168.5948974609375,1.725560675437801
2021-10-28,172.32850646972656,173.9499969482422,169.3000030517578,170.10499572753906,114174000,2.2235107421875,1.594115275917063,4.649993896484375,166.61475067138673,168.710498046875,1.8807968667602937
2021-10-29,168.6215057373047,168.74099731445312,163.66600036621094,165.00100708007812,129722000,3.6204986572265625,-2.1511245053778105,5.0749969482421875,166.83767623901366,169.0792999267578,1.5938145100518155
2021-11-01,165.90550231933594,168.79299926757812,164.6009979248047,168.08999633789062,72178000,-2.1844940185546875,-1.6107099780024559,4.1920013427734375,167.15850143432618,169.05670166015625,1.7898021985564165
2021-11-02,165.6374969482422,166.55599975585938,164.17750549316406,165.75050354003906,52552000,-0.113006591796875,-0.1615409780550192,2.3784942626953125,167.38787612915038,168.42350158691406,1.528587472288438
2021-11-03,169.1999969482422,169.74600219726562,164.87600708007812,165.4499969482422,67944000,3.75,2.1507811127532195,4.8699951171875,167.6928512573242,168.3386016845703,1.8979272055633265
2021-11-04,173.85000610351562,174.93150329589844,168.25,168.5,107060000,5.350006103515625,2.748232410840923,6.6815032958984375,168.12927627563477,168.6429016113281,2.1929481076720925
2021-11-05,175.94949340820312,178.3125,173.8489990234375,173.85000610351562,99940000,2.0994873046875,1.207642928374364,4.4635009765625,168.70520095825196,170.1084991455078,1.7677747411403968
2021-11-08,174.44900512695312,178.9499969482422,174.39300537109375,176.16200256347656,61480000,-1.7129974365234375,-0.8527948857282919,4.5569915771484375,169.3119010925293,171.81719970703125,1.5169089484515406
2021-11-09,178.81149291992188,179.68850708007812,175.07150268554688,175.7624969482422,85898000,3.0489959716796875,2.5007238016599764,4.61700439453125,170.13415069580077,174.45199890136718,1.4655376168089138
2021-11-10,174.1024932861328,180.2725067138672,173.1544952392578,178.19349670410156,80548000,-4.09100341796875,-2.6334994227121156,7.118011474609375,170.62857513427736,175.4324981689453,2.300154262526214
2021-11-11,173.625,177.16200256347656,173.37350463867188,175.64999389648438,45288000,-2.024993896484375,-0.2742598782592198,3.7884979248046875,171.06017532348633,175.3874969482422,1.9652781658003804
2021-11-12,176.25750732421875,177.0364990234375,172.3524932861328,174.25,53788000,2.00750732421875,1.5162029225161966,4.6840057373046875,171.35050048828126,175.4490997314453,2.017247026656198
2021-11-15,177.28399658203125,179.69400024414062,176.29049682617188,176.85000610351562,58594000,0.433990478515625,0.5823804463116034,3.40350341796875,171.59785003662108,176.01609802246094,1.9576726405323852
2021-11-16,177.03500366210938,178.8249969482422,176.25750732421875,176.9499969482422,44342000,0.0850067138671875,-0.1404486161877938,2.5674896240234375,171.8392250061035,175.66080017089843,1.540125354798347
2021-11-17,177.4499969482422,179.3625030517578,177.2675018310547,178.23599243164062,51206000,-0.7859954833984375,0.23441312596286235,2.095001220703125,172.17407455444337,176.3303009033203,0.7162343059843926
2021-11-18,184.8029937744141,185.2100067138672,178.0500030517578,178.3175048828125,114070000,6.485488891601591,4.143700734081501,7.160003662109375,172.82669906616212,178.56589965820314,1.7214354541475088
2021-11-19,183.82850646972656,188.1074981689453,183.78599548339844,185.63450622558597,98734000,-1.8059997558594034,-0.5273114275827551,4.321502685546875,173.67924957275392,180.0800994873047,1.8825940837784727
2021-11-22,178.6284942626953,185.67300415039065,178.375,183.81900024414065,96844000,-5.190505981445341,-2.828730052206352,7.298004150390653,174.30974960327148,180.3489990234375,2.518394828987372
2021-11-23,179.0019989013672,181.0525054931641,176.385498046875,179.2519989013672,73804000,-0.25,0.20909577736383245,4.667007446289091,174.81967468261718,180.74239807128907,2.5122471203491465
2021-11-24,179.02049255371094,180.6820068359375,176.84249877929688,178.1334991455078,46560000,0.886993408203125,0.010331533981333685,3.839508056640625,175.2894744873047,181.0564971923828,2.514508398181966
2021-11-26,175.22799682617188,181.6750030517578,175.20750427246094,180.10499572753906,59826000,-4.8769989013671875,-2.1184701669844985,6.467498779296875,175.43444900512696,179.14149780273436,1.3498455845513182
2021-11-29,178.07850646972656,179.8000030517578,176.5749969482422,177.3820037841797,65312000,0.696502685546875,1.6267432688752415,3.225006103515625,175.90729904174805,177.9914978027344,1.820472056901777
2021-11-30,175.35350036621094,179.2884979248047,174.60049438476562,178.1750030517578,80022000,-2.821502685546875,-1.5302274022490625,4.6880035400390625,176.37969894409179,177.3364990234375,1.4891115211183625
2021-12-01,172.18600463867188,177.99400329589844,172.0800018310547,177.25,74916000,-5.063995361328125,-1.8063487303783599,5.91400146484375,176.70712432861328,175.97330017089843,1.5671173073636524
2021-12-02,171.8679962158203,174.63499450683594,171.1875,173.0,64726000,-1.1320037841796875,-0.18468889124809706,3.4474945068359375,176.84052429199218,174.5428009033203,1.5453147173743522
2021-12-03,169.489501953125,173.49349975585938,166.92999267578125,172.75,80712000,-3.260498046875,-1.3839076006382012,6.563507080078125,176.62249908447265,173.39510192871094,1.4186680132113836
2021-12-06,171.36849975585938,173.69549560546875,166.9344940185547,169.64999389648438,68860000,1.718505859375,1.1086219388703134,6.7610015869140625,176.39344940185546,172.0531005859375,1.2145045341208844
2021-12-07,176.1645050048828,177.49949645996094,173.33450317382812,174.60000610351562,66410000,1.5644989013671875,2.798650426336269,4.1649932861328125,176.47922439575194,172.21530151367188,1.8852730799640376
2021-12-08,176.1580047607422,177.17999267578125,174.75050354003906,176.15049743652344,45254000,0.00750732421875,-0.003689871657430732,2.4294891357421875,176.34654998779297,173.00970153808595,1.5748316366672293
2021-12-09,174.17100524902344,176.96949768066406,174.13949584960938,175.75,46062000,-1.5789947509765625,-1.1279643604146683,2.8300018310546875,176.3499755859375,173.47030334472657,1.722036050112427
2021-12-10,172.21200561523438,175.927001953125,170.5,175.41700744628906,60690000,-3.2050018310546875,-1.1247564604614624,5.427001953125,176.27932586669922,174.01480407714843,1.6623636988175086
2021-12-13,169.5675048828125,172.10000610351562,169.1300048828125,172.0,62170000,-2.4324951171875,-1.5356076499860039,2.970001220703125,175.9448257446289,173.65460510253905,1.769927499151841
2021-12-14,169.0915069580078,169.49899291992188,166.44000244140625,167.5500030517578,55976000,1.54150390625,-0.2807129379733708,3.058990478515625,175.53520126342772,172.24000549316406,0.6435947677864479
2021-12-15,173.31500244140625,173.60000610351562,165.19500732421875,168.59800720214844,75794000,4.7169952392578125,2.4977573145925636,8.404998779296875,175.34920120239258,171.67140502929686,1.637015284259216
2021-12-16,168.87100219726562,174.16600036621094,168.16050720214844,173.36849975585938,60876000,-4.49749755859375,-2.5641174633125208,6.0054931640625,174.92025146484374,170.6114044189453,1.917454169785203
2021-12-17,170.0175018310547,170.89849853515625,165.61349487304688,167.7104949951172,85542000,2.3070068359375,0.678920370502567,5.285003662109375,174.18097686767578,170.17250366210936,1.963511245330276
2021-12-20,167.07899475097656,167.87449645996094,165.60000610351562,166.85000610351562,57372000,0.2289886474609375,-1.7283556389377508,2.2744903564453125,173.34350128173827,169.6748016357422,1.996896885717503
2021-12-21,170.41700744628906,170.7165069580078,165.6475067138672,167.85049438476562,55956000,2.5665130615234375,1.9978649621920752,5.069000244140625,172.93292694091798,169.93990173339844,2.24151127161423
2021-12-22,171.03700256347656,172.0500030517578,168.50050354003906,169.27000427246094,55036000,1.766998291015625,0.36381058820254,3.54949951171875,172.53467712402343,169.4843017578125,1.8596523670836984
2021-12-23,171.06849670410156,171.97500610351562,170.14999389648438,170.42799377441406,36788000,0.6405029296875,0.01841364158221559,1.82501220703125,172.13707733154297,169.92380065917968,1.3433335145007035
2021-12-27,169.66949462890625,172.9429931640625,169.2154998779297,171.03700256347656,58688000,-1.3675079345703125,-0.8178022851368039,3.7274932861328125,171.8591522216797,169.85419921875,1.3941538330566439
2021-12-28,170.66099548339844,172.17599487304688,169.135498046875,170.1824951171875,54638000,0.4785003662109375,0.5843719029521299,3.040496826171875,171.48827667236327,170.5705993652344,1.0262582402644274
2021-12-29,169.2010040283203,171.21200561523438,168.60049438476562,170.83999633789062,35754000,-1.6389923095703125,-0.85549217086347,2.61151123046875,171.18065185546874,170.32739868164063,0.6661401232487624
2021-12-30,168.64450073242188,170.88800048828125,168.5240020751953,169.6999969482422,37584000,-1.0554962158203125,-0.3289007054622983,2.3639984130859375,171.00357666015626,169.8488983154297,0.6039460311160344
2021-12-31,166.7169952392578,169.35000610351562,166.55850219726562,168.95599365234375,47830000,-2.2389984130859375,-1.1429400216389607,2.79150390625,170.74602661132812,168.97859802246094,0.6791803524596625
2022-01-03,170.4044952392578,170.70350646972656,166.16050720214844,167.5500030517578,63520000,2.8544921875,2.2118320898886212,4.542999267578125,170.79177627563476,169.12559814453124,1.3542597715749802
2022-01-04,167.52200317382812,171.39999389648438,166.34950256347656,170.43800354003906,70726000,-2.9160003662109375,-1.6915587005979504,5.0504913330078125,170.5994514465332,168.4977996826172,1.5204303370574221
2022-01-05,164.35699462890625,167.12649536132812,164.35699462890625,166.88299560546875,64302000,-2.5260009765625,-1.8893091563845,2.769500732421875,170.0090759277344,167.52899780273438,1.6675905399626456
2022-01-06,163.25399780273438,164.8000030517578,161.93699645996094,163.45050048828125,51958000,-0.196502685546875,-0.6710981961323137,2.863006591796875,169.36387557983397,166.45089721679688,1.662329224546022
2022-01-07,162.5540008544922,165.24349975585938,162.031005859375,163.83900451660156,46606000,-1.285003662109375,-0.4287778294336242,3.212493896484375,168.78302536010742,165.61829833984376,1.6384580592516675
2022-01-10,161.48599243164062,161.6614990234375,156.30450439453125,160.5854949951172,87798000,0.9004974365234375,-0.6570176170610398,5.35699462890625,168.24672470092773,163.8345977783203,0.6705251161624783
2022-01-11,165.36199951171875,166.35000610351562,160.70150756835938,161.5,62806000,3.86199951171875,2.4002125643924677,5.64849853515625,168.03644943237305,163.40259704589843,1.5879158096941892
2022-01-12,165.20700073242188,166.8780059814453,164.41700744628906,166.5749969482422,50030000,-1.3679962158203125,-0.09373300985386912,2.46099853515625,167.84222412109375,163.57259826660157,1.3014696175366336
2022-01-13,161.21400451660156,166.22149658203125,161.09100341796875,165.25050354003906,52188000,-4.0364990234375,-2.416965502743784,5.1304931640625,167.2371742248535,163.164599609375,1.7277755361981062
2022-01-14,162.13800048828125,162.25,159.80050659179688,160.14999389648438,45974000,1.988006591796875,0.5731487003565627,2.449493408203125,166.9005241394043,163.0813995361328,1.7581343301923358
2022-01-18,158.91749572753906,159.7344970703125,157.6645050048828,159.10499572753906,67292000,-0.1875,-1.9862738846190164,2.0699920654296875,166.34552383422852,162.5677001953125,1.9634811988978473
2022-01-19,156.2989959716797,159.25,156.25,158.76199340820312,53242000,-2.4629974365234375,-1.6477101806013472,3.0,165.80652389526367,160.75509948730468,1.2875211052393374
2022-01-20,151.66749572753906,158.0,151.3509979248047,156.76600646972656,71974000,-5.0985107421875,-2.963230963415675,6.6490020751953125,164.86904830932616,158.0471984863281,1.3565570874668877
2022-01-21,142.64300537109375,150.89999389648438,142.07049560546875,149.9499969482422,163972000,-7.3069915771484375,-5.950180896147472,8.829498291015625,163.44934844970703,154.33299865722657,2.3715819265725195
2022-01-24,144.54400634765625,144.94500732421875,135.3520050048828,139.0,155624000,5.54400634765625,1.332698348311534,9.593002319335938,162.12312393188478,150.81419982910157,2.6204875388297295
2022-01-25,139.98599243164062,143.60000610351562,138.14500427246094,142.24249267578125,90824000,-2.256500244140625,-3.1533745543573244,5.4550018310546875,160.6389488220215,147.02789916992188,2.6437856231344847
2022-01-26,138.87249755859375,145.18499755859375,137.31849670410156,144.75,95602000,-5.87750244140625,-0.7954330670553511,7.8665008544921875,159.04952392578124,143.5425994873047,2.7364205022957853
2022-01-27,139.6374969482422,144.24349975585938,139.35000610351562,140.8000030517578,77516000,-1.162506103515625,0.5508645722495764,4.89349365234375,157.57134857177735,141.1365997314453,2.9669540232980607
2022-01-28,143.97799682617188,143.9980010986328,137.92950439453125,140.86050415039062,74392000,3.11749267578125,3.1084056738273746,6.0684967041015625,156.33802337646483,141.40359802246093,2.350562186943774
2022-01-31,149.57350158691406,150.36050415039062,144.30050659179688,144.75,78308000,4.8235015869140625,3.886361030218932,6.05999755859375,155.48084869384766,142.4094970703125,2.8748259264959914
2022-02-01,151.19349670410156,151.70799255371094,147.62750244140625,150.0,59220000,1.1934967041015625,1.0830762802234384,4.0804901123046875,154.52029876708986,144.6509979248047,1.9107047008065245
2022-02-02,150.6125030517578,155.0749969482422,148.86349487304688,155.05050659179688,87330000,-4.4380035400390625,-0.38427158906232384,6.2115020751953125,153.67482376098633,146.9989990234375,1.7885758067446909
2022-02-03,138.8455047607422,144.24749755859375,138.33299255371094,141.7375030517578,225532000,-2.891998291015625,-7.812763251781229,5.9145050048828125,152.3992492675781,146.8406005859375,4.666988725663428
2022-02-04,157.63949584960938,161.1999969482422,150.60800170898438,155.60650634765625,253456000,2.032989501953125,13.535901735711864,10.591995239257812,152.11852416992187,149.572900390625,7.736798421335743
2022-02-07,157.9355010986328,162.6909942626953,157.25,158.52000427246094,102624000,-0.584503173828125,0.18777353189827206,5.4409942626953125,151.8875991821289,151.24530029296875,7.695424163425346
2022-02-08,161.4134979248047,161.79249572753906,155.55050659179688,156.75050354003906,76040000,4.662994384765625,2.2021627828944013,6.2419891357421875,151.88397445678712,153.28930053710937,7.7030102896904005
2022-02-09,161.1894989013672,163.83450317382812,160.25,162.87350463867188,68786000,-1.6840057373046875,-0.13877341505965646,3.584503173828125,151.67534942626952,155.40469970703126,7.688401114635356
2022-02-10,159.0034942626953,160.7165069580078,157.75,158.35000610351562,68268000,0.6534881591796875,-1.3561706274733853,2.9665069580078125,151.36517410278321,159.43629760742186,6.089206271719279
2022-02-11,153.2935028076172,159.0,152.73399353027344,158.13450622558594,77100000,-4.84100341796875,-3.591110674363196,6.2660064697265625,150.969149017334,158.56709899902344,2.132223114561926
2022-02-14,155.16700744628906,158.44850158691406,151.64999389648438,151.75100708007812,83230000,3.4160003662109375,1.222168327005435,6.7985076904296875,150.62059936523437,158.01340026855468,2.266356325678115
2022-02-15,156.510498046875,158.0070037841797,154.6374969482422,157.60549926757812,56440000,-1.095001220703125,0.8658352201907249,3.3695068359375,150.50024948120117,157.03280029296874,1.9493740400385042
2022-02-16,158.10049438476562,158.83399963378906,154.7344970703125,155.79049682617188,52704000,2.30999755859375,1.0159039538768955,4.0995025634765625,150.59032440185547,156.41499938964844,2.0815316562593567
2022-02-17,154.65249633789062,160.3489990234375,154.5,158.14599609375,64032000,-3.493499755859375,-2.1808901106176726,5.8489990234375,150.73957443237305,155.5447998046875,2.208168929642225
2022-02-18,152.60150146484375,155.49949645996094,150.89300537109375,155.49949645996094,63604000,-2.8979949951171875,-1.3261957754408193,4.6064910888671875,151.23749923706055,155.40639953613282,1.5618893397840206
2022-02-22,150.19749450683594,152.9824981689453,148.48550415039062,150.47850036621094,66128000,-0.281005859375,-1.5753494788264932,4.4969940185546875,151.52017364501953,154.4124969482422,1.4772984753147236
2022-02-23,144.82699584960938,151.76300048828125,144.6510009765625,151.65049743652344,64244000,-6.8235015869140625,-3.5756246632876687,7.11199951171875,151.76222381591796,152.07579650878907,1.6683409104002547
2022-02-24,151.35800170898438,151.74899291992188,139.5,139.83749389648438,100786000,11.5205078125,4.509522427819257,12.248992919921875,152.3864990234375,150.7272979736328,3.1094860630509626
2022-02-25,153.7884979248047,153.99000549316406,149.2135009765625,150.5500030517578,62396000,3.238494873046875,1.605793012842116,4.7765045166015625,153.09404907226562,150.55449829101562,3.1588680307411905
2022-02-28,153.56300354003906,154.4499969482422,150.85000610351562,152.4250030517578,57684000,1.13800048828125,-0.14662630028149382,3.5999908447265625,153.57329940795898,150.74679870605468,3.085001991429824
2022-03-01,151.14199829101562,154.0989990234375,149.9770050048828,152.7324981689453,44874000,-1.5904998779296875,-1.5765550251120253,4.1219940185546875,153.65172424316407,150.93569946289062,3.0851719134399196
2022-03-02,152.05250549316406,152.99949645996094,148.75,150.8489990234375,47334000,1.2035064697265625,0.6024183962390905,4.2494964599609375,153.69467468261718,152.38080139160155,2.280086934325361
2022-03-03,147.89849853515625,153.9290008544922,146.8560028076172,153.531494140625,65198000,-5.63299560546875,-2.7319556126581324,7.072998046875,153.5589744567871,151.68890075683595,1.7249891844839575
2022-03-04,145.64100646972656,147.85000610351562,143.8070068359375,147.15899658203125,60934000,-1.5179901123046875,-1.52637929917393,4.042999267578125,153.89874954223632,150.0594024658203,1.3111454401750562
2022-03-07,137.4530029296875,146.09449768066406,137.41650390625,145.44349670410156,86934000,-7.9904937744140625,-5.622045424233624,8.677993774414062,152.88942489624023,146.83740234375,2.2740457311547404
2022-03-08,136.01449584960938,140.69949340820312,133.57249450683594,136.68350219726562,91662000,-0.66900634765625,-1.0465446730283379,7.1269989013671875,151.79337463378906,143.81190185546876,2.3205541527629463
2022-03-09,139.2790069580078,140.25,136.8280029296875,139.5,82656000,-0.2209930419921875,2.4001199930983708,3.4219970703125,150.68665008544923,141.2572021484375,2.903246500229527
2022-03-10,146.8175048828125,148.67449951171875,143.97799682617188,145.68499755859375,135062000,1.13250732421875,5.412515560997311,4.696502685546875,149.9680503845215,141.04100341796874,4.185067177347508
2022-03-11,145.52450561523438,149.6750030517578,145.36900329589844,149.57449340820312,68900000,-4.04998779296875,-0.8806846762653975,4.305999755859375,149.29410095214843,141.0177032470703,4.138849021858588
2022-03-14,141.85299682617188,147.4499969482422,140.88400268554688,145.9810028076172,74086000,-4.1280059814453125,-2.5229488143872714,6.5659942626953125,148.72207565307616,141.8977020263672,3.2027647708857945
2022-03-15,147.3665008544922,147.98500061035156,142.0,142.85000610351562,75584000,4.5164947509765625,3.8867730338306705,5.9850006103515625,148.33205032348633,144.16810302734376,3.29923493487276
2022-03-16,153.10400390625,153.14999389648438,147.35350036621094,148.5,84958000,4.60400390625,3.8933563723705156,5.7964935302734375,148.16172561645507,146.9331024169922,3.4473352113722235
2022-03-17,157.23899841308594,157.49850463867188,152.13999938964844,152.6405029296875,72934000,4.5984954833984375,2.7007748989816838,5.3585052490234375,148.1186508178711,149.01740112304688,2.9446025748964653
2022-03-18,161.25050354003906,161.593994140625,156.01100158691406,156.81300354003906,102962000,4.4375,2.5512151358369817,5.5829925537109375,148.44855117797852,152.1626007080078,2.6619940576176813
2022-03-21,161.4915008544922,163.08399963378906,159.55299377441406,161.12100219726562,66538000,0.3704986572265625,0.14945523217748669,3.531005859375,148.89305114746094,156.09030151367188,1.5280434284154345
2022-03-22,164.88900756835938,166.16700744628906,161.69900512695312,161.8054962158203,64086000,3.0835113525390625,2.103830044237709,4.4680023193359375,149.62762680053712,159.5948028564453,1.3623311304836956
2022-03-23,163.4080047607422,166.3699951171875,162.68699645996094,163.7050018310547,55812000,-0.2969970703125,-0.8981816492546923,3.6829986572265625,150.55667724609376,161.65560302734374,1.6068069570720496
2022-03-24,163.64950561523438,164.11849975585938,160.0500030517578,163.74949645996094,56798000,-0.0999908447265625,0.14779010051912955,4.0684967041015625,151.17125244140624,162.93770446777344,1.457613532817148
2022-03-25,164.77349853515625,165.36849975585938,162.25,164.0,49032000,0.77349853515625,0.6868294014676479,3.118499755859375,151.72050247192382,163.64230346679688,1.094276822904941
2022-03-28,168.99049377441406,169.03750610351562,164.89999389648438,164.97500610351562,59854000,4.0154876708984375,2.5592678900108856,4.13751220703125,152.49187698364258,165.14210205078126,1.4181955006560796
2022-03-29,169.31500244140625,170.8314971923828,167.86849975585938,170.38400268554688,66154000,-1.069000244140625,0.192027764251268,2.9629974365234375,153.4005271911621,166.0273010253906,1.2690795217154416
2022-03-30,166.30099487304688,168.95050048828125,165.5,168.50950622558594,56168000,-2.2085113525390625,-1.780118433038691,3.45050048828125,154.11295166015626,166.60589904785155,1.5489467881554841
2022-03-31,162.99749755859375,166.4949951171875,162.95350646972656,166.44500732421875,59966000,-3.447509765625,-1.9864567358571672,3.5414886474609375,154.86790161132814,166.47549743652343,1.880938431044011
2022-04-01,163.55999755859375,165.82699584960938,162.3195037841797,164.14950561523438,57090000,-0.589508056640625,0.3450973226124532,3.5074920654296875,155.76385116577148,166.23279724121093,1.852756198352496
2022-04-04,168.34649658203125,168.39450073242188,163.20550537109375,164.125,49882000,4.22149658203125,2.9264484561530857,5.188995361328125,157.30852584838868,166.10399780273437,1.9885005275871688
2022-04-05,164.05499267578125,168.11050415039062,163.26600646972656,167.7415008544922,53728000,-3.6865081787109375,-2.5492089193307588,4.8444976806640625,158.71055068969727,165.05199584960937,2.2606975397600695
2022-04-06,158.75599670410156,162.1999969482422,157.25450134277344,161.65049743652344,79056000,-2.894500732421875,-3.2300120131985244,4.94549560546875,159.68440017700195,163.54299621582032,2.525925697816948
2022-04-07,157.7845001220703,160.07899475097656,154.51150512695312,158.39999389648438,68136000,-0.6154937744140625,-0.6119432350275122,5.5674896240234375,160.23274993896484,162.50039672851562,2.451668166420386
2022-04-08,154.4604949951172,157.36849975585938,154.2310028076172,156.75,46002000,-2.2895050048828125,-2.1066740550443774,3.1374969482421875,160.67954940795897,160.6804962158203,2.4545884378791305
2022-04-11,151.1219940185547,154.13650512695312,150.5345001220703,152.71299743652344,52112000,-1.59100341796875,-2.1613947156313595,3.6020050048828125,161.14299926757812,157.235595703125,0.9606991682303883
2022-04-12,150.78750610351562,155.0989990234375,150.38299560546875,153.6925048828125,55178000,-2.904998779296875,-0.22133635624076442,4.71600341796875,161.3140495300293,154.58209838867188,1.233271205144464
2022-04-13,155.54100036621094,156.02499389648438,149.60000610351562,150.01849365234375,53390000,5.5225067138671875,3.152445706895657,6.42498779296875,161.43589935302734,153.93909912109376,2.1628359056803257
2022-04-14,151.7064971923828,155.89700317382812,151.4720001220703,155.38999938964844,51598000,-3.683502197265625,-2.4652684274885983,4.4250030517578125,161.15927429199218,152.72349853515624,2.3602313184925303
2022-04-18,152.78500366210938,154.0395050048828,150.25050354003906,151.52349853515625,46514000,1.261505126953125,0.7109164667870926,3.78900146484375,160.7359992980957,152.38840026855468,2.2938820449172774
2022-04-19,158.11549377441406,158.6490020751953,151.55050659179688,152.0294952392578,54926000,6.08599853515625,3.488883060861969,7.0984954833984375,160.56719894409179,153.78710021972657,2.469236684126932
2022-04-20,153.9980010986328,157.6024932861328,153.60350036621094,157.6024932861328,59630000,-3.6044921875,-2.6041044919075107,3.998992919921875,160.02264862060548,154.42919921875,2.9339490704907485
2022-04-21,148.29600524902344,156.73800659179688,147.58949279785156,154.71400451660156,63970000,-6.417999267578125,-3.7026427673936824,9.148513793945312,159.26704864501954,152.9802001953125,2.960791583395176
2022-04-22,144.35000610351562,149.61500549316406,143.69749450683594,148.25,73078000,-3.899993896484375,-2.6608937569704394,5.917510986328125,158.30207366943358,151.50890197753907,2.9875794548673675
2022-04-25,146.07400512695312,146.22149658203125,142.30650329589844,144.0229949951172,61874000,2.0510101318359375,1.1943186356370372,3.9149932861328125,157.36709899902343,150.1667022705078,3.0618089919370646
2022-04-26,139.39100646972656,144.8560028076172,138.92950439453125,144.8000030517578,77530000,-5.40899658203125,-4.57507730510871,5.9264984130859375,155.88712463378906,146.42180480957032,2.204110571464571
2022-04-27,138.16700744628906,141.94850158691406,135.7834930419922,140.19149780273438,71336000,-2.0244903564453125,-0.8781047317448887,6.165008544921875,154.3297248840332,143.25560607910157,2.3103917570449592
2022-04-28,144.59649658203125,145.9375,140.3000030517578,142.17799377441406,117316000,2.4185028076171875,4.653418536434306,5.6374969482421875,153.24449996948243,142.5157043457031,3.56497541304595
2022-04-29,124.28150177001952,130.76100158691406,121.625,129.8489990234375,272662000,-5.567497253417983,-14.049437774923412,9.136001586914062,151.3087001800537,138.50200347900392,7.156791165685075
2022-05-02,124.5,124.66799926757812,118.375,122.4010009765625,148788000,2.0989990234375,0.17580913238786078,6.292999267578125,149.35570030212403,134.18720245361328,7.0305161188413825
2022-05-03,124.25350189208984,126.22049713134766,122.8249969482422,124.05349731445312,79134000,0.20000457763671875,-0.19799044812061073,3.3955001831054545,147.15105056762695,131.15970153808593,7.04768405837692
2022-05-04,125.92849731445312,126.0,119.18299865722656,123.5999984741211,110746000,2.3284988403320312,1.348046853293483,6.8170013427734375,145.24472579956054,128.71199951171874,7.2094186503248325
2022-05-05,116.40699768066406,123.4990005493164,115.07250213623048,123.0,144392000,-6.5930023193359375,-7.561036490424522,8.426498413085923,143.12727584838868,123.07409973144532,6.598299851862302
2022-05-06,114.77249908447266,119.05049896240234,113.0814971923828,114.8499984741211,124260000,-0.0774993896484375,-1.4041240035030156,5.9690017700195455,140.9766757965088,121.17229919433593,3.5127058988734965
2022-05-09,108.78900146484376,114.0,107.95700073242188,111.3125,128124000,-2.523498535156236,-5.213354825727922,6.042999267578125,138.6931011199951,118.03009948730468,3.6819895357209522
2022-05-10,108.85900115966795,112.64250183105467,107.1709976196289,111.25,105434000,-2.3909988403320455,0.06434445934941913,5.471504211425767,136.57995147705077,114.95119934082031,3.7264759378440924
2022-05-11,105.37200164794922,110.15599822998048,104.42849731445312,108.10350036621094,109704000,-2.7314987182617188,-3.203225709010693,5.727500915527358,134.30917625427247,110.83990020751953,3.0251551997461426
2022-05-12,106.93049621582033,110.78050231933594,102.40550231933594,102.75,132026000,4.180496215820327,1.4790404884573505,8.375,131.87865104675294,108.94459991455078,2.641031273694366
2022-05-13,113.05500030517578,113.18399810791016,107.8000030517578,109.06900024414062,93684000,3.9860000610351562,5.727556035084902,5.383995056152358,129.9460762023926,108.60110015869141,4.247758956091995
2022-05-16,110.8105010986328,113.99250030517578,110.35399627685548,113.0999984741211,74566000,-2.2894973754882955,-1.985316173972207,3.6385040283202983,127.84735107421875,109.00540008544922,3.476041468474776
2022-05-17,115.36849975585938,115.8000030517578,111.27649688720705,113.2750015258789,76448000,2.0934982299804688,4.113327357999652,4.523506164550753,125.71000137329102,110.3072998046875,3.827377923156205
2022-05-18,107.1125030517578,112.85299682617188,106.2490005493164,111.4394989013672,108380000,-4.326995849609403,-7.156196640827228,6.603996276855469,123.36572647094727,110.65540008544922,5.1506178409314
2022-05-19,107.31900024414062,110.03399658203124,106.19300079345705,106.28050231933594,88142000,1.0384979248046875,0.19278532990965047,3.8409957885741903,121.31687622070312,110.73310089111328,5.117493735034059
2022-05-20,107.59100341796876,109.89800262451172,105.0094985961914,109.56849670410156,99500000,-1.9774932861327983,0.25345295167618076,4.8885040283203125,119.47892608642579,109.64030151367187,4.122336995738656
2022-05-23,107.55699920654295,108.81900024414062,103.9499969482422,108.46099853515624,107798000,-0.9039993286132812,-0.031605069518414464,4.869003295898423,117.55307579040527,108.9896011352539,4.0881380483689425
2022-05-24,104.0999984741211,105.4000015258789,101.26000213623048,104.0250015258789,102934000,0.0749969482421875,-3.214110432537587,4.139999389648423,115.788525390625,106.73590087890625,3.2334567915309598
2022-05-25,106.7750015258789,108.1750030517578,103.6500015258789,103.65550231933594,93120000,3.1194992065429688,2.5696475417555487,4.525001525878892,114.21892509460449,106.66840057373047,2.063094368158824
2022-05-26,111.07749938964844,112.66549682617188,107.45349884033205,107.97000122070312,93002000,3.1074981689453125,4.029499229486544,5.2119979858398295,112.54297523498535,107.42010040283203,2.7673892445959547
2022-05-27,115.14649963378906,115.18699645996094,112.62799835205078,113.5500030517578,93660000,1.5964965820312642,3.6632083603781895,2.5589981079101562,112.08622512817382,108.93119964599609,3.0308376084656623
2022-05-31,120.20950317382812,121.99449920654295,115.6750030517578,116.27999877929688,144634000,3.92950439453125,4.397010379074828,6.319496154785156,111.87170028686523,111.46170043945312,3.151368012714804
2022-06-01,121.68399810791016,125.1790008544922,120.62249755859376,122.25599670410156,127528000,-0.5719985961914062,1.2266042992872705,4.5565032958984375,111.74322509765625,114.97850036621094,1.2869051092461186
2022-06-02,125.51100158691406,125.61000061035156,120.04499816894533,121.68399810791016,100560000,3.8270034790039062,3.145034300738625,5.565002441406236,111.7223503112793,118.72570037841797,1.2440062949395696
2022-06-03,122.3499984741211,124.4000015258789,121.04650115966795,124.1999969482422,97604000,-1.849998474121108,-2.5185068024527135,3.3535003662109517,112.01950035095214,120.9802001953125,2.7765341419248726
2022-06-06,124.79000091552734,128.99000549316406,123.80999755859376,125.25,135269000,-0.45999908447265625,1.994280728922404,5.180007934570298,112.52037544250489,122.90890045166016,2.6198964418521045
2022-06-07,123.0,124.0999984741211,120.62999725341795,122.01000213623048,85156700,0.989997863769517,-1.4344105316090427,3.470001220703139,113.23092536926269,123.46699981689453,2.3774381615159825
2022-06-08,121.18000030517578,123.75,120.75,122.61000061035156,64926600,-1.4300003051757812,-1.4796745486375773,3.0,113.84697532653809,123.36620025634765,2.4718940598833044
2022-06-09,116.1500015258789,121.3000030517578,116.0999984741211,119.98999786376952,67029800,-3.839996337890611,-4.1508489574430545,5.2000045776367045,114.38587532043456,121.49400024414062,2.251526110862817
2022-06-10,109.6500015258789,114.5,109.0500030517578,113.41999816894533,87266000,-3.7699966430664205,-5.5962117215743294,5.449996948242202,114.5218505859375,118.9540008544922,2.9161128559228935
2022-06-13,103.66999816894533,106.54000091552734,101.86000061035156,104.19000244140624,99277700,-0.5200042724609091,-5.453719355874531,4.680000305175781,114.05260047912597,114.73000030517578,2.0559359321229245
2022-06-14,102.30999755859376,104.87999725341795,101.43000030517578,104.19000244140624,69728800,-1.8800048828124716,-1.3118555361940287,3.4499969482421733,113.62757530212403,110.59199981689453,2.089015590038771
2022-06-15,107.66999816894533,109.05999755859376,103.52999877929688,103.86000061035156,85011100,3.809997558593764,5.238980293477025,5.529998779296889,113.24265022277832,107.88999938964844,4.528769322687018
2022-06-16,103.66000366210938,104.58000183105467,102.01000213623048,104.47000122070312,82186300,-0.80999755859375,-3.7243378610853695,2.5699996948241903,113.0700252532959,105.39199981689453,4.487959030404394
2022-06-17,106.22000122070312,106.9800033569336,102.51000213623048,102.8000030517578,99772100,3.4199981689453267,2.469609751257895,4.470001220703111,113.01507530212402,104.70599975585938,4.396971909771331
2022-06-21,108.68000030517578,111.62999725341795,103.55999755859376,108.1999969482422,70901200,0.48000335693357954,2.3159471438541024,8.06999969482419,113.06952514648438,105.70800018310547,3.5186801754127943
2022-06-22,108.9499969482422,112.12999725341795,107.0199966430664,107.43000030517578,60040100,1.5199966430664205,0.24843268523027096,5.110000610351548,113.13917503356933,107.03600006103515,3.326597100154999
2022-06-23,112.44000244140624,113.0,107.93000030517578,110.38999938964844,64345300,2.0500030517577983,3.2033093996523876,5.069999694824219,113.5561752319336,107.99000091552735,2.8099298166049738
2022-06-24,116.45999908447266,116.70999908447266,111.43000030517578,112.37999725341795,69867600,4.080001831054702,3.575237064906056,5.279998779296875,114.04042510986328,110.55,1.2904080666099826
2022-06-27,113.22000122070312,117.9800033569336,112.6999969482422,117.08999633789062,62133200,-3.8699951171875,-2.782069284939148,5.280006408691392,114.14755020141601,111.95,2.6267747201114666
2022-06-28,107.4000015258789,114.8499984741211,107.04000091552734,113.5,74942900,-6.099998474121094,-5.140434227234392,7.80999755859375,113.76022529602051,111.69400024414062,3.77851858382587
2022-06-29,108.91999816894533,110.98999786376952,106.91000366210938,107.37999725341795,66375300,1.5400009155273722,1.4152668728781848,4.079994201660142,113.19575004577636,111.68800048828125,3.8469384986022845
2022-06-30,106.20999908447266,108.18000030517578,102.5199966430664,108.11000061035156,97679400,-1.9000015258789062,-2.488063835870802,5.660003662109375,112.42205009460449,110.44199981689454,3.5094272367292776
2022-07-01,109.55999755859376,109.75,105.8499984741211,106.29000091552734,73021200,3.2699966430664205,3.154127203651269,3.9000015258789062,111.62449989318847,109.06199951171875,3.372019902921695
2022-07-05,113.5,114.08000183105467,106.31999969482422,107.5999984741211,76583700,5.900001525878906,3.5962053023039564,7.7600021362304545,111.18199996948242,109.11799926757813,3.7894927578047306
2022-07-06,114.33000183105467,115.4800033569336,112.01000213623048,113.20999908447266,66958900,1.120002746582017,0.7312791463036872,3.470001220703111,110.65900001525878,110.50399932861328,2.418410687389247
2022-07-07,116.33000183105467,116.98999786376952,113.48999786376952,113.8499984741211,57872300,2.4800033569335795,1.749322109655349,3.5,110.32550010681152,111.98600006103516,2.4276176958975433
2022-07-08,115.54000091552734,116.58000183105467,113.69000244140624,114.5999984741211,45719700,0.94000244140625,-0.6791033294013427,2.8899993896484375,110.0435001373291,113.8520004272461,1.7543181445359972
2022-07-11,111.75,114.3000030517578,110.87000274658205,114.08000183105467,53487600,-2.3300018310546733,-3.280250030721621,3.430000305175753,109.82350006103516,114.29000091552734,2.590950095826686
2022-07-12,109.22000122070312,113.2300033569336,108.33999633789062,112.16000366210938,54280300,-2.94000244140625,-2.263981010556493,4.890007019042969,109.80200004577637,113.43400115966797,2.0700313048210335
2022-07-13,110.4000015258789,111.77999877929688,106.01000213623048,107.02999877929688,61353800,3.3700027465820312,1.0803884746268588,5.769996643066392,110.13850021362305,112.64800109863282,2.137221457344144
2022-07-14,110.62999725341795,111.18000030517578,107.58000183105467,110.23999786376952,51163100,0.3899993896484375,0.2083294604711794,3.599998474121108,110.55450019836425,111.50800018310547,1.7809677256451242
2022-07-15,113.5500030517578,115.58999633789062,111.58999633789062,112.5,84317800,1.0500030517577983,2.639434033114041,4.0,110.84850044250489,111.11000061035156,2.4259307699054697
2022-07-18,113.76000213623048,117.23999786376952,113.1500015258789,115.0,59115400,-1.239997863769517,0.18493974357443044,4.089996337890611,111.35350036621094,111.51200103759766,1.7785684610945178
2022-07-19,118.20999908447266,118.9499969482422,114.02999877929688,115.6999969482422,60990000,2.5100021362304545,3.9117412664190887,4.919998168945327,111.95300025939942,113.31000061035157,1.630458985524287
2022-07-20,122.7699966430664,123.4800033569336,118.31999969482422,118.62000274658205,71268300,4.149993896484361,3.857539627705431,5.160003662109375,112.65750007629394,115.78399963378907,1.8634628630747498
2022-07-21,124.62999725341795,124.8499984741211,121.26000213623048,123.1999969482422,60239900,1.4300003051757528,1.515028639903937,3.589996337890611,113.44150009155274,118.58399963378906,1.5932997139992218
2022-07-22,122.41999816894533,125.5,121.3499984741211,125.01000213623048,51463800,-2.5900039672851562,-1.7732481209791762,4.150001525878906,113.94049987792968,120.35799865722656,2.4398036981083013
2022-07-25,121.13999938964844,123.63999938964844,120.02999877929688,122.6999969482422,50221300,-1.5599975585937642,-1.0455798059483934,3.6100006103515625,114.17449989318848,121.83399810791016,2.6624612223121766
2022-07-26,114.80999755859376,118.1500015258789,114.52999877929688,115.79000091552734,67075100,-0.9800033569335795,-5.22536062650466,3.6200027465820312,114.25399971008301,121.15399780273438,3.4384026987436798
2022-07-27,120.97000122070312,121.9000015258789,117.16000366210938,117.30999755859376,61582000,3.660003662109361,5.365389594199388,4.739997863769531,114.93249969482422,120.79399871826172,3.9482238004015953
2022-07-28,122.27999877929688,122.83999633789062,118.08000183105467,121.56999969482422,82245500,0.7099990844726562,1.0829110898360028,4.759994506835952,115.60049972534179,120.3239990234375,3.9048934048794366
2022-07-29,134.9499969482422,137.64999389648438,132.41000366210938,134.89999389648438,148892900,0.0500030517578125,10.36146409505072,5.239990234375,117.03749961853028,122.82999877929687,5.98966416430949
2022-08-01,135.38999938964844,138.8300018310547,133.50999450683594,134.9600067138672,76846900,0.42999267578125,0.32604850044939404,5.32000732421875,118.32899971008301,125.67999877929688,5.838642071164978
2022-08-02,134.16000366210938,137.44000244140625,134.08999633789062,134.72000122070312,61922400,-0.55999755859375,-0.9084834427092181,3.350006103515625,119.36199989318848,129.55,4.6256470677827775
2022-08-03,139.52000427246094,140.49000549316406,136.0500030517578,136.2100067138672,71827800,3.30999755859375,3.9952299225118226,4.44000244140625,120.62150001525879,133.26000061035157,4.507744599087034
2022-08-04,142.57000732421875,143.55999755859375,139.5500030517578,140.5800018310547,70585000,1.9900054931640625,2.186068634144833,4.0099945068359375,121.93350028991699,137.31800231933593,4.418312292937234
2022-08-05,140.8000030517578,142.86000061035156,139.60000610351562,140.10000610351562,50686900,0.6999969482421875,-1.2414983387324718,3.2599945068359375,123.19650039672851,138.48800354003907,2.2032021975530363
2022-08-08,139.41000366210938,144.22999572753906,138.2899932861328,142.0500030517578,52229000,-2.6399993896484375,-0.9872154542052702,5.94000244140625,124.57950057983399,139.29200439453126,2.357366235875593
2022-08-09,137.8300018310547,138.9499969482422,136.2100067138672,138.0500030517578,40434700,-0.220001220703125,-1.1333489631663474,2.739990234375,126.01000061035157,140.0260040283203,2.3953878839088687
2022-08-10,142.69000244140625,144.60000610351562,141.00999450683594,142.89999389648438,54773800,-0.209991455078125,3.52608325167747,3.5900115966796875,127.62450065612794,140.66000366210938,2.2309172854364006
2022-08-11,140.63999938964844,144.49000549316406,139.75999450683594,143.86000061035156,44867300,-3.220001220703125,-1.4366830308238487,4.730010986328125,129.12500076293946,140.2740020751953,2.119774728213999
2022-08-12,143.5500030517578,143.57000732421875,140.1199951171875,142.0500030517578,47643500,1.5,2.0691152408548463,3.45001220703125,130.62500076293946,140.82400207519532,2.2476089763493423
2022-08-15,143.17999267578125,143.75999450683594,141.49000549316406,142.8000030517578,39014600,0.3799896240234375,-0.25775713556979163,2.269989013671875,132.096000289917,141.5779998779297,2.1562564090078276
2022-08-16,144.77999877929688,146.57000732421875,142.0,143.91000366210938,59102900,0.8699951171875,1.11747882760318,4.57000732421875,133.42450027465821,142.96799926757814,1.940181431825051
2022-08-17,142.10000610351562,143.3800048828125,140.77999877929688,142.69000244140625,48149800,-0.589996337890625,-1.851079360669594,2.600006103515625,134.39100074768066,142.85,1.6629208478309674
2022-08-18,142.3000030517578,142.77000427246094,140.3800048828125,141.32000732421875,37458700,0.9799957275390625,0.14074379989574837,2.3899993896484375,135.27450103759764,143.18200073242187,1.478664097162825
2022-08-19,138.22999572753906,141.11000061035156,137.91000366210938,140.47000122070312,47792800,-2.2400054931640625,-2.860159688639219,3.1999969482421875,136.06500091552735,142.1179992675781,1.5959359834805158
2022-08-22,133.22000122070312,136.32000732421875,132.85000610351562,135.72000122070312,50461500,-2.5,-3.6243902638259384,3.470001220703125,136.66900100708008,140.1260009765625,1.9996151940500895
2022-08-23,133.6199951171875,134.99000549316406,132.9499969482422,133.41000366210938,36252100,0.209991455078125,0.3002506326521548,2.040008544921875,137.60950088500977,137.8940002441406,1.7598380826507432
2022-08-24,133.8000030517578,135.47000122070312,132.10000610351562,132.75,38627000,1.0500030517578125,0.1347163157822573,3.3699951171875,138.2510009765625,136.23399963378907,1.9014435191666572
2022-08-25,137.27999877929688,137.4199981689453,134.27999877929688,135.25999450683594,37496300,2.0200042724609375,2.6008936084948253,3.1399993896484375,139.0010009765625,135.22999877929686,2.5402250397608395
2022-08-26,130.75,137.8300018310547,130.5,136.5500030517578,53322700,-5.8000030517578125,-4.7567007847917235,7.3300018310546875,138.7910011291504,133.73399963378907,3.038134947198465
2022-08-29,129.7899932861328,131.9499969482422,128.77000427246094,129.89999389648438,48101600,-0.1100006103515625,-0.7342307563037775,3.17999267578125,138.5110008239746,133.047998046875,2.6848076720193923
2022-08-30,128.72999572753906,132.07000732421875,126.8499984741211,131.25,49203000,-2.5200042724609375,-0.8167020675137082,5.220008850097656,138.2395004272461,132.06999816894532,2.6487367193995985
2022-08-31,126.7699966430664,130.58999633789062,126.73999786376952,129.4499969482422,53648700,-2.6800003051757812,-1.5225659516225343,3.849998474121108,137.60200004577638,130.66399688720702,2.6194477432751437
2022-09-01,127.81999969482422,128.02000427246094,123.66000366210938,126.0,56636100,1.8199996948242188,0.8282741023605045,4.3600006103515625,136.86449966430663,128.7719970703125,2.0634408441233543
2022-09-02,127.51000213623048,131.3800048828125,126.38999938964844,129.5,57429800,-1.989997863769517,-0.2425266463259801,4.9900054931640625,136.19999961853028,128.1239974975586,0.87054293188249
2022-09-06,126.11000061035156,128.6199951171875,124.73999786376952,127.91999816894533,43888600,-1.8099975585937642,-1.0979542799969266,3.879997253417983,135.53499946594238,127.38799896240235,0.9095862179776124
2022-09-07,129.47999572753906,129.82000732421875,125.4000015258789,126.12000274658205,47900300,3.359992980957017,2.6722663554652915,4.420005798339844,135.1174991607666,127.53799896240234,1.6828766816449303
2022-09-08,129.82000732421875,130.27999877929688,127.0999984741211,127.72000122070312,43988500,2.100006103515625,0.26259778181887405,3.1800003051757812,134.47399940490723,128.14800109863282,1.413017351432071
2022-09-09,133.27000427246094,133.69000244140625,130.75999450683594,130.91000366210938,49387600,2.3600006103515625,2.657523304266962,2.9300079345703125,134.10549964904786,129.23800201416014,1.7263383326120896
2022-09-12,136.4499969482422,136.49000549316406,134.0,134.10000610351562,53826900,2.3499908447265625,2.3861278411006825,2.4900054931640625,133.75049934387206,131.0260009765625,1.710488301266501
2022-09-13,126.81999969482422,131.39999389648438,126.2699966430664,131.00999450683594,72694000,-4.189994812011719,-7.05752837581286,5.129997253417969,132.93249969482423,131.16800079345703,4.171482489932556
2022-09-14,128.5500030517578,128.83999633789062,126.33000183105467,127.36000061035156,45316800,1.19000244140625,1.364140798846103,2.5099945068359517,132.12099990844726,130.98200225830078,4.014492664380625
2022-09-15,126.27999877929688,130.3699951171875,125.5,127.37999725341795,52887200,-1.0999984741210795,-1.76585314552421,4.8699951171875,131.32999954223632,130.2740005493164,4.0735993240565005
2022-09-16,123.52999877929688,123.87000274658205,120.6999969482422,122.77999877929688,115667800,0.75,-2.177700369483093,3.1700057983398438,130.3914993286133,128.32599945068358,3.6982749573129463
2022-09-19,124.66000366210938,124.70999908447266,121.8000030517578,122.16000366210938,47279700,2.5,0.9147615105472573,2.909996032714858,129.7129997253418,125.96800079345704,3.359751047932408
2022-09-20,122.19000244140624,124.4000015258789,121.13999938964844,123.3499984741211,47698400,-1.159996032714858,-1.9813903001303257,3.2600021362304688,129.16149978637696,125.04200134277343,1.7194089653270561
2022-09-21,118.54000091552734,123.76000213623048,118.4499969482422,122.48999786376952,58498900,-3.9499969482421733,-2.987152347123634,5.310005187988281,128.40750007629396,123.04000091552734,1.4794356366583552
2022-09-22,117.30999755859376,118.79000091552734,116.26000213623048,117.08000183105467,55229200,0.22999572753909092,-1.0376272544574183,2.529998779296861,127.58299980163574,121.24600067138672,1.4947270713387315
2022-09-23,113.77999877929688,116.0500030517578,112.05999755859376,116.0,65126700,-2.220001220703125,-3.00912015408894,3.990005493164034,126.40799980163574,119.29600067138672,1.6350487122713324
2022-09-26,115.1500015258789,117.33999633789062,113.12999725341795,113.3000030517578,62723300,1.849998474121108,1.2040804722097675,4.2099990844726705,125.62799987792968,117.39400024414063,1.7483758062209716
2022-09-27,114.41000366210938,118.31999969482422,113.0500030517578,117.1999969482422,60094700,-2.7899932861328267,-0.6426381710496365,5.2699966430664205,124.85900039672852,115.83800048828125,1.7705088299851914
2022-09-28,118.01000213623048,118.6999969482422,113.8000030517578,114.37999725341795,55763800,3.6300048828125284,3.1465766619089397,4.899993896484403,124.32300071716308,115.73200073242188,2.338389687407708
2022-09-29,114.8000030517578,116.06999969482422,113.05999755859376,115.5999984741211,58969700,-0.7999954223632955,-2.7201076403397306,3.0100021362304545,123.72450103759766,115.2300018310547,2.6172729577034226
2022-09-30,113.0,116.91999816894533,112.83999633789062,114.08000183105467,59479600,-1.0800018310546733,-1.5679468675155572,4.080001831054702,122.98350105285644,115.07400207519531,2.321308521042615
2022-10-03,115.87999725341795,116.91000366210938,112.4499969482422,113.58000183105467,50941900,2.2999954223632812,2.548670135768094,4.460006713867173,122.40200080871583,115.22000122070312,2.5763434516479107
2022-10-04,121.08999633789062,123.0,119.79000091552734,119.88999938964844,62812600,1.1999969482421875,4.496029692750958,3.2099990844726562,122.15100059509277,116.55599975585938,3.1424029081104834
2022-10-05,120.9499969482422,121.75,117.69000244140624,118.58000183105467,48217500,2.3699951171875284,-0.1156159830559167,4.059997558593764,121.72450065612793,117.14399871826171,2.965881204488715
2022-10-06,120.3000030517578,121.52999877929688,119.5,120.7699966430664,42253800,-0.46999359130860796,-0.5374071210291542,2.029998779296875,121.24850044250488,118.24399871826172,2.4908311545130783
2022-10-07,114.55999755859376,118.16999816894533,113.87999725341795,118.0,54678000,-3.440002441406236,-4.771409266460669,4.290000915527372,120.31300010681153,118.55599822998047,3.509040787356229
2022-10-10,113.66999816894533,116.25,112.43000030517578,115.0999984741211,42339700,-1.430000305175767,-0.7768849586377025,3.8199996948242188,119.17400016784669,118.11399841308594,3.290317306499458
2022-10-11,112.20999908447266,115.4800033569336,110.38999938964844,112.70999908447266,56432200,-0.5,-1.284419027000161,5.090003967285156,118.4435001373291,116.33799896240234,1.8784669663290106
2022-10-12,112.9000015258789,113.83000183105467,111.4000015258789,112.48999786376952,45728700,0.4100036621093892,0.6149206372302096,2.430000305175767,117.66100006103515,114.72799987792969,2.034700099117485
2022-10-13,112.52999877929688,113.44000244140624,105.3499984741211,107.87999725341795,86868100,4.6500015258789205,-0.327726077574253,8.090003967285142,116.97350006103515,113.1739990234375,2.057692739777674
2022-10-14,106.9000015258789,114.95999908447266,106.5999984741211,114.0999984741211,67737300,-7.1999969482421875,-5.003107895219994,8.360000610351562,116.14200019836426,111.64199981689453,2.155444729942299
2022-10-17,113.79000091552734,114.19000244140624,110.08999633789062,110.11000061035156,62782000,3.6800003051757812,6.4452752958852555,4.100006103515611,115.59850006103515,111.66600036621094,4.1433178558105075
2022-10-18,116.36000061035156,119.5199966430664,114.79000091552734,119.05999755859376,65607400,-2.6999969482422017,2.2585461588422673,4.7299957275390625,115.30699996948242,112.49600067138672,4.15266608762426
2022-10-19,115.06999969482422,116.58999633789062,113.22000122070312,114.70999908447266,47198100,0.3600006103515625,-1.108629175628062,3.3699951171875,115.13349990844726,112.93000030517578,4.242189656465508
2022-10-20,115.25,118.23999786376952,113.51000213623048,113.83000183105467,48795100,1.4199981689453267,0.15642678860967596,4.729995727539034,115.03050003051757,113.4740005493164,4.2254099877636575
2022-10-21,119.31999969482422,119.58999633789062,114.5,114.79000091552734,55660500,4.529998779296875,3.531453097461368,5.089996337890625,115.30750007629395,115.95800018310547,2.9540544114529603
2022-10-24,119.81999969482422,120.38999938964844,116.56999969482422,119.9800033569336,49531500,-0.160003662109375,0.4190412347291339,3.8199996948242188,115.5409999847412,117.16399993896485,1.8353777476638768
2022-10-25,120.5999984741211,121.31999969482422,118.9499969482422,119.6500015258789,50934600,0.9499969482421875,0.6509754475742646,2.370002746582017,115.85049972534179,118.01199951171876,1.7073827234844983
2022-10-26,115.66000366210938,119.3499984741211,114.76000213623048,116.0,68802300,-0.339996337890625,-4.096181487988792,4.589996337890611,115.73299980163574,118.13000030517578,2.7288332819417587
2022-10-27,110.95999908447266,114.12000274658205,109.7699966430664,113.91999816894533,129605400,-2.9599990844726705,-4.063638620803934,4.350006103515639,115.54099960327149,117.27200012207031,3.310212069472663
2022-10-28,103.41000366210938,103.95999908447266,97.66000366210938,97.91000366210938,223133400,5.5,-6.804249715805744,6.299995422363281,115.06149978637696,114.09000091552734,3.224131583218874
2022-10-31,102.44000244140624,104.87000274658205,100.73999786376952,103.55999755859376,99251400,-1.1199951171875284,-0.9380148789788323,4.130004882812528,114.38950004577637,110.61400146484375,2.931469343899733
2022-11-01,96.79000091552734,104.58000183105467,96.05999755859376,103.98999786376952,153370000,-7.199996948242173,-5.515425020719411,8.520004272460909,113.1745002746582,105.852001953125,2.187893754982653
2022-11-02,92.12000274658205,97.73999786376952,92.01000213623048,97.31999969482422,135761800,-5.199996948242173,-4.824876665742572,5.729995727539034,111.73300056457519,101.14400177001953,2.1965492616147526
2022-11-03,89.30000305175781,93.5,89.0199966430664,92.47000122070312,136683300,-3.1699981689453125,-3.0612240672440283,4.480003356933594,110.1830005645752,96.81200256347657,2.282331748274248
2022-11-04,90.9800033569336,92.44000244140624,88.04000091552734,91.48999786376952,129101300,-0.5099945068359233,1.8812992696115138,4.400001525878892,109.00400085449219,94.32600250244141,3.018610776151304
2022-11-07,90.52999877929688,92.0999984741211,89.04000091552734,91.9499969482422,77495700,-1.4199981689453267,-0.49461921414891696,3.05999755859375,107.84700088500976,91.94400177001953,3.081520422900249
2022-11-08,89.9800033569336,91.72000122070312,88.2300033569336,90.79000091552734,88703400,-0.80999755859375,-0.6075283660437414,3.4899978637695312,106.73550109863281,90.58200225830078,2.583689634627258
2022-11-09,86.13999938964844,89.4800033569336,85.87000274658203,89.47000122070312,90796200,-3.3300018310546875,-4.26761927542122,3.6100006103515625,105.39750099182129,89.38600158691406,2.4060860720105963
2022-11-10,96.62999725341795,98.69000244140624,91.6500015258789,92.94000244140624,173414900,3.6899948120117188,12.17784761794427,7.0400009155273295,104.60250091552734,90.8520004272461,6.236275082978406
2022-11-11,100.79000091552734,101.19000244140624,96.66000366210938,97.87999725341795,111590500,2.910003662109389,4.305085149903842,4.529998779296861,104.29700088500977,92.81399993896484,6.343491794700381
2022-11-14,98.48999786376952,100.12000274658205,97.29000091552734,98.7699966430664,99533100,-0.2799987792968892,-2.2819754250081536,2.8300018310547017,103.53200073242188,94.40599975585937,6.5808180014413304
2022-11-15,98.94000244140624,103.79000091552734,97.33999633789062,103.20999908447266,111336300,-4.2699966430664205,0.45690383531042933,6.450004577636719,102.6610008239746,96.1979995727539,6.497519769676674
2022-11-16,97.12000274658205,98.48999786376952,95.54000091552734,96.8499984741211,87958800,0.2700042724609517,-1.8394983322362668,2.9499969482421733,101.7635009765625,98.39400024414063,5.974352948505254
2022-11-17,94.8499984741211,96.97000122070312,94.02999877929688,95.37000274658205,82617900,-0.5200042724609517,-2.3373189953300733,2.94000244140625,100.74350090026856,98.03800048828126,2.838173563148942
2022-11-18,94.13999938964844,95.98999786376952,92.4800033569336,95.9499969482422,72428200,-1.8099975585937642,-0.7485493894513584,3.5099945068359233,99.48450088500977,96.70800018310547,1.1947415910132013
2022-11-21,92.45999908447266,95.0199966430664,90.58999633789062,93.97000122070312,84330300,-1.5100021362304688,-1.7845764989037338,4.430000305175781,98.11650085449219,95.50200042724609,1.1158533152642844
2022-11-22,93.1999969482422,93.3499984741211,90.87000274658205,92.62000274658205,62192000,0.5799942016601562,0.8003437930963697,2.4799957275390483,96.74650077819824,94.35399932861328,1.2497730582605016
2022-11-23,94.12999725341795,94.58000183105467,92.83000183105467,93.23999786376952,59414700,0.8899993896484375,0.9978544373689502,1.75,95.67000045776368,93.75599822998046,1.4963809107726282
2022-11-25,93.41000366210938,94.43000030517578,93.06999969482422,93.79000091552734,35088600,-0.37999725341796875,-0.7648928209040617,1.3600006103515625,94.79250068664551,93.46799926757812,1.1743585342603966
2022-11-28,93.9499969482422,96.4000015258789,93.43000030517578,93.93000030517578,74943100,0.01999664306642046,0.578089353348199,2.970001220703125,94.31950035095215,93.42999877929688,1.1973122912332566
2022-11-29,92.41999816894533,94.41000366210938,91.44000244140624,94.04000091552734,65567300,-1.620002746582017,-1.6285245651894598,2.970001220703139,93.8185001373291,93.4219985961914,1.1410023626892827
2022-11-30,96.54000091552734,96.54000091552734,91.52999877929688,92.47000122070312,102805800,4.069999694824219,4.457912603558567,5.010002136230469,93.80600013732911,94.08999938964844,2.3339601331232536
2022-12-01,95.5,97.2300033569336,94.91999816894533,96.98999786376952,68488000,-1.489997863769517,-1.0772746070691896,2.310005187988267,93.975,94.36399993896484,2.4553414676391583
2022-12-02,94.12999725341795,95.36000061035156,93.77999877929688,94.4800033569336,72496400,-0.3500061035156392,-1.4345578498241363,1.5800018310546875,94.21649971008301,94.50799865722657,2.545452080403364
2022-12-05,91.01000213623048,94.05999755859376,90.81999969482422,93.0500030517578,71535500,-2.0400009155273153,-3.3145598727553183,3.2399978637695455,94.21799964904785,93.91999969482421,2.9552264739614307
2022-12-06,88.25,91.04000091552734,87.9000015258789,90.5,75503600,-2.25,-3.032636052572668,3.1399993896484375,94.103999710083,93.08600006103515,3.1384982930734093
2022-12-07,88.45999908447266,89.88999938964844,87.4800033569336,88.33999633789062,68086900,0.12000274658203125,0.23795930251859776,2.4099960327148438,94.02799949645996,91.46999969482422,1.4657526731363324
2022-12-08,90.3499984741211,90.86000061035156,87.87999725341797,89.23999786376953,73305900,1.1100006103515625,2.1365582288144003,2.9800033569335938,94.23849945068359,90.43999938964843,2.2921065495200414
2022-12-09,89.08999633789062,90.3000030517578,88.62999725341797,88.9000015258789,67398500,0.18999481201171875,-1.394579034322141,1.6700057983398295,93.86149940490722,89.43199920654297,2.290636074042462
2022-12-12,90.5500030517578,90.58000183105467,87.87000274658203,89.20999908447266,61999800,1.340003967285142,1.638799835988114,2.709999084472642,93.34949951171875,89.33999938964844,2.1456141570122176
2022-12-13,92.48999786376952,96.25,90.5199966430664,95.2300033569336,100212000,-2.7400054931640767,2.142456926150338,5.730003356933594,93.04949951171875,90.18799896240235,1.525479178933255
2022-12-14,91.58000183105467,93.45999908447266,89.87000274658203,92.5,70298000,-0.9199981689453267,-0.9838858835905628,3.589996337890625,92.68149948120117,90.81199951171875,1.7498678503641685
2022-12-15,88.44999694824219,89.97000122070312,87.47000122070312,89.88999938964844,84802900,-1.44000244140625,-3.417782070573294,2.5,92.24799919128418,90.43199920654297,2.2944425171063254
2022-12-16,87.86000061035156,89.3499984741211,86.7300033569336,88.2699966430664,146144100,-0.40999603271484375,-0.6670394101153776,2.6199951171875,91.8984992980957,90.18600006103516,2.2382184913878342
2022-12-19,84.91999816894531,87.62999725341797,84.51000213623047,87.51000213623047,83531500,-2.5900039672851562,-3.3462353983410575,3.1199951171875,91.43749923706055,89.05999908447265,2.2919862890234035
2022-12-20,85.19000244140625,86.61000061035156,84.33000183105469,85.33000183105469,74348300,-0.1399993896484375,0.31795134041781026,2.279998779296875,91.07399940490723,87.6,1.6793106968521443
2022-12-21,86.7699966430664,87.2300033569336,85.20999908447266,86.18000030517578,59267200,0.589996337890625,1.8546709195681466,2.0200042724609375,90.75249938964843,86.63799896240235,2.3094446055222684
2022-12-22,83.79000091552734,85.68000030517578,82.25,85.5199966430664,81431300,-1.7299957275390625,-3.4343619255829294,3.4300003051757812,90.23549957275391,85.70599975585938,2.313699228839071
2022-12-23,85.25,85.77999877929688,82.93000030517578,83.25,57433700,2.0,1.7424502548275989,2.8499984741210938,89.82749938964844,85.18399963378906,2.6422962010339064
2022-12-27,83.04000091552734,85.3499984741211,83.0,84.97000122070312,57284000,-1.9300003051757812,-2.5923742926365456,2.3499984741210938,89.2819995880127,84.80800018310546,2.459697733212052
2022-12-28,81.81999969482422,83.4800033569336,81.69000244140625,82.80000305175781,58228600,-0.9800033569335938,-1.469172937442731,1.7900009155273438,88.75199966430664,84.13399963378906,2.4550734711509903
2022-12-29,84.18000030517578,84.55000305175781,82.55000305175781,82.87000274658203,54995900,1.30999755859375,2.884381103830358,2.0,88.13399963378906,83.61600036621094,2.756047041995128
2022-12-30,84.0,84.05000305175781,82.47000122070312,83.12000274658203,62401200,0.8799972534179688,-0.21382787422574712,1.5800018310546875,87.55899963378906,83.65800018310547,2.250315472104433
2023-01-03,85.81999969482422,86.95999908447266,84.20999908447266,85.45999908447266,76706000,0.3600006103515625,2.1666663033621747,2.75,87.14349975585938,83.77200012207031,2.335506351468463
2023-01-04,85.13999938964844,86.9800033569336,83.36000061035156,86.55000305175781,68885100,-1.410003662109375,-0.7923564525679994,3.6200027465820312,86.84999961853028,84.19199981689454,1.9052087489032934
2023-01-05,83.12000274658203,85.41999816894531,83.06999969482422,85.33000183105469,67930800,-2.2099990844726562,-2.372558911847966,2.3499984741210938,86.59349975585937,84.45200042724609,2.165488621174181
2023-01-06,86.08000183105469,86.4000015258789,81.43000030517578,83.02999877929688,83303400,3.0500030517578125,3.5611152390083056,4.970001220703125,86.47449989318848,84.83200073242188,2.375656505213689
2023-01-09,87.36000061035156,89.4800033569336,87.08000183105469,87.45999908447266,65266100,-0.09999847412109375,1.486987397850048,2.4000015258789062,86.325,85.50400085449219,2.375064097977727
2023-01-10,89.87000274658203,90.19000244140624,87.29000091552734,87.56999969482422,67756600,2.3000030517578125,2.8731709234134817,2.900001525878892,86.36400032043457,86.31400146484376,2.4939958050620756
2023-01-11,95.08999633789062,95.26000213623048,90.93000030517578,90.93000030517578,103126200,4.159996032714844,5.8083825879343465,4.330001831054702,86.59099998474122,88.30400085449219,3.0297440887309137
2023-01-12,95.2699966430664,97.19000244140624,93.5,96.93000030517578,85254800,-1.660003662109375,0.18929468094222024,3.690002441406236,86.72999992370606,90.73399963378907,2.1315186340501664
2023-01-13,98.12000274658205,98.37000274658205,94.12000274658205,94.18000030517578,85549400,3.940002441406264,2.9915043601747238,4.25,87.05699996948242,93.14199981689453,2.0944871899641386
2023-01-17,96.0500030517578,98.88999938964844,95.7300033569336,98.68000030517578,72755000,-2.629997253417983,-2.109661268732843,3.1599960327148438,87.4370002746582,94.88000030517578,3.016828776620419
2023-01-18,95.45999908447266,99.31999969482422,95.37999725341795,97.25,79570400,-1.7900009155273438,-0.614267515397382,3.940002441406264,87.81700019836425,95.99799957275391,3.150379171945095
2023-01-19,93.68000030517578,95.44000244140624,92.86000061035156,94.73999786376952,69002700,-1.0599975585937358,-1.864654092151996,2.5800018310546733,88.25500030517578,95.71600036621093,2.055084540871124
2023-01-20,97.25,97.3499984741211,93.1999969482422,93.86000061035156,67481500,3.3899993896484375,3.810845093076898,4.150001525878892,88.85800018310547,96.11200103759765,2.7747259459969342
2023-01-23,97.5199966430664,97.77999877929688,95.86000061035156,97.55999755859376,76501100,-0.04000091552735796,0.2776315095798454,1.9199981689453125,89.39550018310547,95.99199981689453,2.390320504357051
2023-01-24,96.31999969482422,98.08999633789062,96.0,96.93000030517578,66929500,-0.6100006103515625,-1.2305137300550828,2.089996337890625,90.02200012207031,96.0459991455078,2.2326726487621853
2023-01-25,97.18000030517578,97.23999786376952,91.5199966430664,92.55999755859376,94261600,4.620002746582017,0.8928577793566816,5.720001220703111,90.61850013732911,96.38999938964844,2.2179037770868484
2023-01-26,99.22000122070312,99.48999786376952,96.91999816894533,98.23999786376952,68523600,0.980003356933608,2.099198301215366,2.5699996948241903,91.4275001525879,97.49799957275391,1.9021742684280238
2023-01-27,102.23999786376952,103.48999786376952,99.52999877929688,99.52999877929688,87775600,2.709999084472642,3.043737760442844,3.959999084472642,92.44850006103516,98.4959991455078,1.6501676629096669
2023-01-30,100.5500030517578,101.73999786376952,99.01000213623048,101.08999633789062,70691900,-0.5399932861328267,-1.652968356145279,2.729995727539034,93.26700019836426,99.1020004272461,2.044946369876976
2023-01-31,103.12999725341795,103.3499984741211,101.13999938964844,101.16000366210938,66527300,1.9699935913085795,2.5658817736008643,2.2099990844726562,94.22350006103515,100.46399993896485,1.8793160475329482
2023-02-01,105.1500015258789,106.23999786376952,101.23999786376952,102.52999877929688,80450100,2.6200027465820312,1.9586971068148662,5.0,95.19000015258788,102.05800018310546,1.869286607594361
2023-02-02,112.91000366210938,114.0,108.87999725341795,110.25,158154200,2.660003662109375,7.379935352944922,5.1200027465820455,96.57850036621093,104.79600067138672,3.2220886077820334
2023-02-03,103.38999938964844,108.77999877929688,102.5199966430664,105.26000213623048,144374800,-1.8700027465820455,-8.431497620839846,6.260002136230469,97.59200019836426,105.0260009765625,5.874598514612014
2023-02-06,102.18000030517578,103.9499969482422,100.6500015258789,102.93000030517578,81945200,-0.75,-1.1703250716856073,3.2999954223632955,98.39700012207031,105.3520004272461,5.837016033111126
2023-02-07,102.11000061035156,102.41000366210938,98.08000183105467,101.16999816894533,119501300,0.9400024414062358,-0.06850625818668465,4.330001831054702,99.1345001220703,105.14800109863282,5.717133059246648
2023-02-08,100.0500030517578,102.66999816894533,98.77999877929688,102.04000091552734,75878300,-1.9899978637695455,-2.017429777965285,3.8899993896484517,99.6435001373291,104.1280014038086,5.641066084669201
2023-02-09,98.23999786376952,101.77999877929688,97.56999969482422,101.31999969482422,64622500,-3.0800018310547017,-1.809100582487666,4.209999084472656,99.80100021362304,101.19400024414061,3.292959595278845
2023-02-10,97.61000061035156,98.81999969482422,96.2300033569336,97.55999755859376,52740100,0.05000305175779829,-0.6412838631079554,2.589996337890625,99.91800041198731,100.03800048828124,0.8085953880006563
2023-02-13,99.54000091552734,99.68000030517578,96.91000366210938,97.8499984741211,52841500,1.69000244140625,1.9772567289289666,2.7699966430664062,99.98900032043457,99.51000061035155,1.6092380682304621
2023-02-14,99.6999969482422,100.91999816894533,97.5199966430664,98.41000366210938,56202900,1.2899932861328267,0.1607354141483608,3.4000015258789205,100.17150001525879,99.02799987792969,1.6281798641255367
2023-02-15,101.16000366210938,101.16999816894533,98.4499969482422,99.08999633789062,47957600,2.07000732421875,1.4643999584324163,2.720001220703125,100.45650024414063,99.25,1.5409828735660909
2023-02-16,98.1500015258789,100.62999725341795,98.0999984741211,99.20999908447266,56339200,-1.05999755859375,-2.975486385196624,2.529998779296861,100.68000030517578,99.23200073242188,1.958607295954525
2023-02-17,97.1999969482422,97.94000244140624,95.6500015258789,97.8000030517578,60029400,-0.6000061035155966,-0.9679109147911924,2.2900009155273295,100.6775001525879,99.15,1.99041208937356
2023-02-21,94.58000183105467,95.61000061035156,94.2699966430664,95.33999633789062,56580400,-0.7599945068359517,-2.695468312187954,1.3400039672851562,100.5305004119873,98.15800018310547,1.884059786604723
2023-02-22,95.79000091552734,97.01000213623048,94.8000030517578,95.0999984741211,59534100,0.69000244140625,1.2793392483054333,2.2099990844726847,100.50400047302246,97.3760009765625,2.1096619632725115
2023-02-23,95.81999969482422,96.43000030517578,93.66999816894533,96.12000274658205,48467000,-0.3000030517578267,0.0313172345862478,2.7600021362304545,100.43600044250488,96.30800018310546,1.8038602610673078
2023-02-24,93.5,94.13999938964844,92.31999969482422,93.52999877929688,57053800,-0.029998779296875,-2.4212061179431754,1.8199996948242188,100.15000038146972,95.37799987792968,1.6691502592664988
2023-02-27,93.76000213623048,94.77999877929688,93.13999938964844,94.27999877929688,47470300,-0.519996643066392,0.27807715104863906,1.6399993896484375,99.72600059509277,94.69000091552735,1.75737957045863
2023-02-28,94.2300033569336,94.69000244140624,92.91999816894533,93.13999938964844,43959300,1.0900039672851562,0.5012811540044737,1.770004272460909,99.41000061035156,94.62000122070313,1.397014755190902
2023-03-01,92.16999816894533,94.68000030517578,91.58999633789062,93.87000274658205,52299500,-1.7000045776367188,-2.186145722806754,3.0900039672851562,98.86200065612793,93.89600067138672,1.4219803502779345
2023-03-02,92.12999725341795,92.2300033569336,90.38999938964844,91.41000366210938,55509400,0.7199935913085795,-0.04339906295109941,1.8400039672851562,98.21100044250488,93.15800018310547,1.4119515955140676
2023-03-03,94.9000015258789,94.94000244140624,92.66000366210938,92.73999786376952,55759600,2.160003662109389,3.0066258059702644,2.279998779296861,97.31050033569336,93.43800048828125,1.8483116863631484
2023-03-06,93.75,96.5500030517578,93.73999786376952,95.19000244140624,52112400,-1.4400024414062358,-1.211803485129881,2.8100051879882812,96.82850036621093,93.43600006103516,1.9710263701465247
2023-03-07,93.5500030517578,95.08999633789062,92.77999877929688,94.05999755859376,49100700,-0.5099945068359659,-0.21333007812501803,2.30999755859375,96.39700050354004,93.3,1.9526199275738827
2023-03-08,93.91999816894533,94.16999816894533,92.18000030517578,93.5999984741211,44899100,0.31999969482423296,0.3955051898638873,1.9899978637695455,95.98750038146973,93.65,1.5783158309413694
2023-03-09,92.25,96.20999908447266,92.18000030517578,93.68000030517578,56218700,-1.4300003051757812,-1.7781071140368865,4.029998779296875,95.59750022888184,93.6740005493164,1.8617165424929683
2023-03-10,90.7300033569336,93.56999969482422,90.25,92.66999816894533,69827500,-1.939994812011733,-1.64769283801236,3.3199996948242188,95.22200050354004,92.84000091552734,0.9456201733272281
2023-03-13,92.43000030517578,94.0199966430664,88.12000274658203,89.97000122070312,72397100,2.4599990844726562,1.8736877387233841,5.899993896484375,94.96300048828125,92.5760009765625,1.5177162848050072
2023-03-14,94.87999725341795,95.06999969482422,92.70999908447266,93.83000183105467,60912700,1.0499954223632812,2.65065123894086,2.3600006103515625,94.73000030517578,92.84199981689453,2.007685549445859
2023-03-15,96.1999969482422,96.66999816894533,93.06999969482422,93.22000122070312,70731800,2.9799957275390767,1.3912307472971452,3.599998474121108,94.55500030517578,93.29799957275391,2.068148121990442
2023-03-16,100.04000091552734,100.98999786376952,95.61000061035156,95.75,84446900,4.290000915527344,3.9916882423095545,5.3799972534179545,94.49900016784667,94.85599975585937,2.0902490409220773
2023-03-17,98.9499969482422,100.66000366210938,97.45999908447266,99.79000091552734,87300200,-0.840003967285142,-1.0895681300578275,3.2000045776367188,94.53899993896485,96.4999984741211,1.8736717725990404
2023-03-20,97.70999908447266,98.4800033569336,95.6999969482422,98.41000366210938,62388900,-0.7000045776367188,-1.253156040437431,2.780006408691392,94.56450004577637,97.55599822998047,2.3008402273380804
2023-03-21,100.61000061035156,100.8499984741211,98.0,98.13999938964844,58597300,2.470001220703125,2.9679680207260972,2.8499984741210938,94.86599998474121,98.70199890136719,2.356686594447362
2023-03-22,98.6999969482422,102.0999984741211,98.61000061035156,100.4499969482422,57475400,-1.75,-1.8984232685839375,3.4899978637695312,95.01149978637696,99.20199890136719,2.721484926886546
2023-03-23,98.70999908447266,101.05999755859376,97.62000274658205,100.43000030517578,57559300,-1.720001220703125,0.01013387693993284,3.4399948120117188,95.15599975585937,98.93599853515624,1.9268789361296972
2023-03-24,98.12999725341795,98.3000030517578,96.4000015258789,98.06999969482422,56095400,0.05999755859373579,-0.587581639584811,1.900001525878892,95.38749961853027,98.77199859619141,1.8849905731378256
2023-03-27,98.04000091552734,99.33999633789062,97.08000183105467,99.06999969482422,46721300,-1.029998779296875,-0.09171134251455548,2.2599945068359517,95.60149955749512,98.83799896240234,1.7842750064435486
2023-03-28,97.23999786376952,98.44000244140624,96.29000091552734,98.11000061035156,38720100,-0.8700027465820455,-0.8159965772002842,2.150001525878892,95.75199928283692,98.16399841308593,0.763856312770022
2023-03-29,100.25,100.41999816894533,98.55999755859376,98.69000244140624,49783300,1.5599975585937642,3.09543624265336,1.8600006103515625,96.15599937438965,98.4739990234375,1.5876666132053163
2023-03-30,102.0,103.04000091552734,101.01000213623048,101.5500030517578,53633400,0.4499969482422017,1.74563591022443,2.029998779296861,96.64949951171874,99.13199920654297,1.6889073093441533
2023-03-31,103.29000091552734,103.48999786376952,101.9499969482422,102.16000366210938,56750300,1.1299972534179688,1.2647067799287592,1.5400009155273153,97.06899948120117,100.16399993896485,1.541000197559548
2023-04-03,102.41000366210938,103.29000091552734,101.43000030517578,102.3000030517578,41135700,0.11000061035157671,-0.8519675143944028,1.8600006103515625,97.50199966430664,101.03800048828126,1.7088967529669996
2023-04-04,103.9499969482422,104.1999969482422,102.11000061035156,102.75,48662500,1.1999969482422017,1.5037527888524194,2.089996337890639,98.02199935913086,102.38000030517578,1.421499190564216
2023-04-05,101.0999984741211,103.91000366210938,100.75,103.91000366210938,45175400,-2.8100051879882812,-2.7417013542964774,3.160003662109375,98.38099937438965,102.55,1.935286694070391
2023-04-06,102.05999755859376,102.37999725341795,99.8000030517578,100.75,43808000,1.3099975585937642,0.9495540049077267,2.5799942016601562,98.87149925231934,102.56199951171875,1.802920626235229
2023-04-10,102.16999816894533,102.1999969482422,99.56999969482422,100.95999908447266,37261200,1.2099990844726705,0.10778033801970288,2.629997253417983,99.44349899291993,102.33799896240234,1.6736241971045474
2023-04-11,99.91999816894533,101.0,99.01000213623048,100.8000030517578,60417800,-0.8800048828124716,-2.202212039075757,1.989997863769517,99.8179988861084,101.83999786376954,1.897737721742375
2023-04-12,97.83000183105467,100.51000213623048,97.70999908447266,100.4000015258789,56735000,-2.569999694824233,-2.0916697119598426,2.8000030517578267,99.96549911499024,100.61599884033203,1.620734719316584
2023-04-13,102.4000015258789,102.56999969482422,98.70999908447266,98.9499969482422,67925100,3.4500045776367045,4.671368301429957,3.8600006103515625,100.27549934387207,100.8759994506836,2.808381609882384
2023-04-14,102.51000213623048,103.1999969482422,101.11000061035156,102.06999969482422,51450500,0.4400024414062642,0.1074224694457504,2.089996337890639,100.39899940490723,100.96600036621095,2.7838553262430095
2023-04-17,102.73999786376952,103.7300033569336,101.58999633789062,103.16000366210938,39919500,-0.42000579833985796,0.22436418178333195,2.1400070190429688,100.5884994506836,101.08000030517579,2.7842309097256
2023-04-18,102.3000030517578,104.1999969482422,101.5199966430664,103.9499969482422,39790500,-1.6499938964844034,-0.42826048390145477,2.6800003051757955,100.81799964904785,101.55600128173828,2.5104167417014986
2023-04-19,104.3000030517578,105.12000274658205,101.38999938964844,101.58000183105467,58398900,2.720001220703125,1.9550341547772243,3.730003356933608,101.00249977111817,102.85000152587891,2.083334628866592
2023-04-20,103.80999755859376,105.25,103.20999908447266,103.52999877929688,57696900,0.2799987792968892,-0.46980391066803184,2.0400009155273438,101.25799980163575,103.13200073242187,0.987728619338789
2023-04-21,106.95999908447266,108.1500015258789,105.08000183105467,106.0999984741211,86774200,0.8600006103515625,3.0343912917452087,3.069999694824233,101.67049980163574,104.02200012207031,1.5619742508889782
2023-04-24,106.20999908447266,109.2300033569336,105.06999969482422,107.66000366210938,69575600,-1.4500045776367188,-0.7011967150520215,4.160003662109375,102.07449989318847,104.71600036621093,1.7049080474673564
2023-04-25,102.56999969482422,105.4499969482422,102.4499969482422,104.91000366210938,65026800,-2.3400039672851562,-3.4271720374965953,3.0,102.30099983215332,104.76999969482422,2.5227452324775554
2023-04-26,104.9800033569336,106.62000274658205,104.0999984741211,105.04000091552734,73803800,-0.05999755859375,2.3496184744855597,2.5200042724609517,102.68800010681153,104.90599975585937,2.601087763746423
2023-04-27,109.81999969482422,110.86000061035156,106.8000030517578,108.16000366210938,149961200,1.6599960327148438,4.610398345515931,4.059997558593764,103.16650009155273,106.10800018310547,3.214774947273333
2023-04-28,105.4499969482422,109.4800033569336,104.33000183105467,107.7300033569336,130715900,-2.280006408691392,-3.9792412663683274,5.1500015258789205,103.33899993896485,105.80599975585938,3.6940706515207347
2023-05-01,102.0500030517578,105.2300033569336,101.81999969482422,104.9499969482422,74728100,-2.8999938964844034,-3.22427121373291,3.410003662109375,103.27700004577636,104.9740005493164,3.9388295755534477
2023-05-02,103.62999725341795,103.9000015258789,101.1500015258789,101.47000122070312,73469400,2.1599960327148295,1.5482549283793778,2.75,103.3379997253418,105.18600006103516,3.7102351599755035
2023-05-03,103.6500015258789,105.95999908447266,103.27999877929688,103.73999786376952,65051900,-0.08999633789061079,0.01930355398160888,2.6800003051757812,103.32299995422363,104.91999969482421,3.523959842680416
2023-05-04,104.0,105.38999938964844,103.30999755859376,104.04000091552734,45345500,-0.04000091552734375,0.33767339022539034,2.0800018310546733,103.46800003051757,103.75599975585938,2.4045487989119314
2023-05-05,105.66000366210938,105.76000213623048,103.5500030517578,104.2699966430664,56951700,1.3900070190429688,1.5961573674128537,2.2099990844726847,103.64800033569335,103.79800109863281,1.9646738654335378
2023-05-08,105.83000183105467,106.0999984741211,104.6999969482422,105.04000091552734,49430900,0.7900009155273295,0.16089169321718,1.400001525878892,103.83100051879883,104.55400085449219,0.7750215191602897
2023-05-09,106.62000274658205,106.79000091552734,105.16000366210938,105.4800033569336,44089400,1.1399993896484517,0.7464810562779034,1.6299972534179688,104.16600074768067,105.152001953125,0.6341794427051475
2023-05-10,110.19000244140624,110.66999816894533,108.0500030517578,108.0999984741211,78627600,2.090003967285142,3.3483395262233095,2.6199951171875284,104.78400077819825,106.46000213623047,1.3032795896175935
2023-05-11,112.18000030517578,113.27999877929688,110.48999786376952,111.02999877929688,74924800,1.1500015258789062,1.805969525073503,2.790000915527358,105.27300071716309,108.09600219726562,1.2119449047934987
2023-05-12,110.26000213623048,112.63999938964844,109.31999969482422,112.16000366210938,49852700,-1.900001525878892,-1.711533396079612,3.3199996948242188,105.66050071716309,109.01600189208985,1.8841849663702845
2023-05-15,111.1999969482422,112.29000091552734,109.25,111.1500015258789,53011100,0.04999542236329546,0.8525256609829501,3.0400009155273438,106.08350067138672,110.09000091552734,1.8440695584758569
2023-05-16,113.4000015258789,114.79000091552734,111.0500030517578,111.0500030517578,71472900,2.349998474121108,1.9784214370623499,3.7399978637695455,106.63850059509278,111.44600067138671,1.8822381638996175
2023-05-17,115.5,115.83000183105467,114.22000122070312,114.88999938964844,65655200,0.6100006103515625,1.8518504813616277,1.6100006103515483,107.19850044250488,112.50800018310547,1.55698279542801
2023-05-18,118.1500015258789,118.5999984741211,116.33999633789062,116.69000244140624,73174100,1.4599990844726705,2.2943736154795724,2.2600021362304688,107.91550064086914,113.70200042724609,1.6369491560706237
2023-05-19,116.25,118.30999755859376,115.6999969482422,118.16000366210938,55056300,-1.910003662109375,-1.608126535201726,2.6100006103515625,108.3800006866455,114.9,1.5933608128475059
2023-05-22,115.01000213623048,116.7699966430664,114.25,116.7699966430664,70741100,-1.7599945068359233,-1.0666648290490466,2.5199966430664062,108.8200008392334,115.66200103759766,1.8675651212027293
2023-05-23,114.98999786376952,117.13999938964844,113.77999877929688,114.2699966430664,67576300,0.7200012207031108,-0.01739350672932405,3.3600006103515625,109.44100074768066,115.98000030517578,1.7316756208572903
2023-05-24,116.75,117.33999633789062,115.0199966430664,115.3499984741211,63487900,1.4000015258789062,1.5305697616549097,2.3199996948242188,110.02950057983398,116.23000030517578,1.6639045240694048
2023-05-25,115.0,116.87000274658205,114.30999755859376,116.62999725341795,66496700,-1.6299972534179545,-1.498929336188437,2.5600051879882812,110.28850059509277,115.6,1.3131908606229308
2023-05-26,120.11000061035156,121.5,116.0199966430664,116.04000091552734,96779900,4.069999694824219,4.443478791610045,5.480003356933594,111.02150077819825,116.37200012207032,2.406873196345172
2023-05-30,121.66000366210938,122.91999816894533,119.86000061035156,122.37000274658205,64314800,-0.7099990844726705,1.290486257498391,3.059997558593764,112.00200080871582,117.70200042724609,2.2017723469445443
2023-05-31,120.58000183105467,122.04000091552734,119.16999816894533,121.4499969482422,72800800,-0.8699951171875284,-0.887721353399129,2.870002746582017,112.84950103759766,118.82000122070312,2.346731237477785
2023-06-01,122.7699966430664,123.48999786376952,119.93000030517578,120.69000244140624,54375100,2.0799942016601705,1.816217265513198,3.559997558593736,113.80550079345703,120.02400054931641,2.3670092044313167
2023-06-02,124.25,126.38999938964844,124.0199966430664,124.91999816894533,61264400,-0.6699981689453267,1.205508998453797,2.3700027465820312,114.81800079345703,121.8740005493164,1.908455828489929
2023-06-05,125.3000030517578,125.8000030517578,123.02999877929688,123.36000061035156,47950100,1.9400024414062358,0.845072878678299,2.7700042724609233,115.80000076293945,122.91200103759766,1.0336360364510657
2023-06-06,126.61000061035156,127.4000015258789,125.0,125.06999969482422,45695200,1.5400009155273438,1.045488848114906,2.4000015258789062,116.8390007019043,123.9020004272461,1.0133748171678993
2023-06-07,121.2300033569336,127.37000274658205,120.62999725341795,127.01000213623048,95663300,-5.779998779296889,-4.249267220189957,6.740005493164091,117.56950073242187,124.03200073242188,2.476259518045859
2023-06-08,124.25,125.62999725341795,122.26000213623048,123.01000213623048,62159300,1.239997863769517,2.491129719904994,3.3699951171874716,118.27250061035156,124.3280014038086,2.6059754974983256
2023-06-09,123.43000030517578,125.8000030517578,123.19000244140624,124.08000183105467,51396000,-0.650001525878892,-0.6599595129369917,2.6100006103515625,118.83500061035156,124.16400146484375,2.571433557124095
2023-06-12,126.56999969482422,126.77999877929688,123.52999877929688,124.0199966430664,51338000,2.5500030517578125,2.5439515368102628,3.25,119.65050048828125,124.41800079345703,2.8278911331138645
2023-06-13,126.66000366210938,128.41000366210938,125.18000030517578,128.1199951171875,50564800,-1.459991455078125,0.07111003199982147,3.2300033569335938,120.4235008239746,124.4280014038086,2.791349709358783
2023-06-14,126.41999816894533,126.9499969482422,124.12000274658205,126.6999969482422,52422500,-0.279998779296875,-0.1894879884926537,2.8299942016601562,121.07450065612792,125.46600036621093,1.5435310218833103
2023-06-15,127.11000061035156,127.69000244140624,124.31999969482422,125.20999908447266,60458500,1.9000015258789062,0.5458016543269828,3.370002746582017,121.65500068664551,126.03800048828126,1.2427358159464201
2023-06-16,125.48999786376952,127.9000015258789,125.3000030517578,127.70999908447266,84247100,-2.220001220703139,-1.2744888197649185,2.599998474121108,122.02200050354004,126.45,1.401694354401534
2023-06-20,125.77999877929688,127.25,124.5,124.97000122070312,56930100,0.80999755859375,0.2310948445805039,2.75,122.49850044250488,126.29199981689453,0.6965458496541425
2023-06-21,124.83000183105467,126.7300033569336,123.8499984741211,125.63999938964844,52137700,-0.8099975585937642,-0.7552845901271921,2.8800048828125,122.9895004272461,125.92599945068359,0.7358503981756757
2023-06-22,130.14999389648438,130.3300018310547,125.13999938964844,125.30999755859376,90354600,4.839996337890611,4.261789623803569,5.19000244140625,123.74750022888183,126.6719985961914,2.1736041780723387
2023-06-23,129.3300018310547,130.83999633789062,128.27999877929688,129.11000061035156,71927800,0.220001220703125,-0.6300361919969633,2.55999755859375,124.37650032043457,127.11599884033203,2.2436546692022166
2023-06-26,127.33000183105467,131.49000549316406,127.0999984741211,129.3300018310547,59989300,-2.000000000000014,-1.5464315871677181,4.390007019042969,124.99300041198731,127.48399963378907,2.2960662015547295
2023-06-27,129.17999267578125,130.08999633789062,127.5500030517578,128.6300048828125,46801000,0.54998779296875,1.4529104045574393,2.5399932861328267,125.44650001525879,128.16399841308595,2.349664389636686
2023-06-28,129.0399932861328,131.47999572753906,128.44000244140625,128.94000244140625,52149500,0.0999908447265625,-0.1083754432466999,3.0399932861328125,125.81549949645996,129.00599670410156,2.276024900626208
2023-06-29,127.9000015258789,129.25999450683594,127.26000213623048,128.77000427246094,40761000,-0.8700027465820312,-0.8834406537251538,1.9999923706054545,126.18149948120117,128.55599822998047,1.1294972661145586
2023-06-30,130.36000061035156,131.25,128.9499969482422,129.47000122070312,54350700,0.8899993896484375,1.9233769000189582,2.3000030517578125,126.56099967956543,128.76199798583986,1.4877439750555737
2023-07-03,130.22000122070312,131.85000610351562,130.07000732421875,130.82000732421875,28264800,-0.600006103515625,-0.10739443770555468,1.779998779296875,126.85949974060058,129.33999786376953,1.180789758021969
2023-07-05,130.3800048828125,131.39999389648438,129.63999938964844,130.24000549316406,35895400,0.1399993896484375,0.12287180203460757,1.7599945068359375,127.11349983215332,129.5800003051758,1.041494852576283
2023-07-06,128.36000061035156,128.72999572753906,127.37000274658205,128.25,40639900,0.1100006103515625,-1.5493205988729275,1.359992980957017,127.20099983215331,129.44400177001953,1.3093970586351573
2023-07-07,129.77999877929688,130.97000122070312,128.1300048828125,128.58999633789062,41992300,1.19000244140625,1.106262201770969,2.839996337890625,127.62849960327148,129.82000122070312,1.3136532139777997
2023-07-10,127.12999725341795,129.27999877929688,125.91999816894533,129.07000732421875,61889300,-1.9400100708007955,-2.041918285409683,3.3600006103515483,127.77249946594239,129.1740005493164,1.28458031375367
2023-07-11,128.77999877929688,129.77000427246094,127.3499984741211,127.75,49951500,1.029998779296875,1.2978852839820698,2.4200057983398438,128.03999938964844,128.88600006103516,1.5220653469586243
2023-07-12,130.8000030517578,131.25999450683594,128.8300018310547,130.30999755859375,54022800,0.4900054931640625,1.568569880112225,2.42999267578125,128.25149955749512,128.96999969482422,1.7255037796423265
2023-07-13,134.3000030517578,134.6699981689453,132.7100067138672,134.0399932861328,61170900,0.260009765625,2.675840916161931,1.959991455078125,128.63349952697754,130.15800018310546,1.764515671469728
2023-07-14,134.67999267578125,136.64999389648438,134.05999755859375,134.05999755859375,54487100,0.6199951171875,0.2829408900884234,2.589996337890625,129.04649925231934,131.13799896240235,1.7812796008065077
2023-07-17,133.55999755859375,135.6199951171875,133.2100067138672,134.55999755859375,48450200,-1.0,-0.8315972513331604,2.4099884033203125,129.36899909973144,132.4239990234375,1.331293008209481
2023-07-18,132.8300018310547,133.86000061035156,131.35000610351562,132.7100067138672,54882900,0.1199951171875,-0.5465676406731013,2.5099945068359375,129.7359992980957,133.23399963378907,1.4754157300394795
2023-07-19,135.36000061035156,135.99000549316406,132.52999877929688,133.38999938964844,54531000,1.970001220703125,1.9046892602732513,3.4600067138671875,130.21499938964843,134.1459991455078,1.5353207875164563
2023-07-20,129.9600067138672,134.7899932861328,129.3300018310547,134.07000732421875,59820600,-4.1100006103515625,-3.9893571750408308,5.459991455078125,130.47149963378905,133.2779998779297,2.1558533721840596
2023-07-21,130.0,131.3699951171875,128.4199981689453,131.33999633789062,133307300,-1.339996337890625,0.030773533446226686,2.9499969482421875,130.46399993896483,132.34200134277344,2.1317975315294193
2023-07-24,128.8000030517578,131.66000366210938,128.35000610351562,130.30999755859375,45591100,-1.5099945068359375,-0.9230745755709147,3.30999755859375,130.4375,131.39000244140624,2.133746686326107
2023-07-25,129.1300048828125,129.5800018310547,128.52999877929688,129.30999755859375,39236700,-0.17999267578125,0.2562125956798944,1.0500030517578125,130.5275001525879,130.6500030517578,2.1783576031867233
2023-07-26,128.14999389648438,129.0800018310547,126.11000061035156,126.51000213623048,53910100,1.639991760253892,-0.7589335934878205,2.970001220703125,130.47600021362305,129.20800170898437,1.7037679962261294
2023-07-27,128.25,132.6300048828125,127.79000091552734,131.0,52610700,-2.75,0.07803832093540297,4.840003967285156,130.4365005493164,128.86600036621093,0.5370846144345248
2023-07-28,132.2100067138672,133.00999450683594,129.3300018310547,129.69000244140625,46317400,2.5200042724609375,3.0877245332297854,3.67999267578125,130.65200080871583,129.30800170898436,1.6146460378808105
2023-07-31,133.67999267578125,133.8699951171875,132.3800048828125,133.1999969482422,41901500,0.4799957275390625,1.1118568090654923,1.489990234375,130.8180004119873,130.28399963378905,1.4635582874603923
2023-08-01,131.69000244140625,133.69000244140625,131.6199951171875,133.5500030517578,42098500,-1.8600006103515625,-1.4886223394710907,2.07000732421875,130.89150047302246,130.7959991455078,1.7849442047030806
2023-08-02,128.2100067138672,130.22999572753906,126.81999969482422,130.14999389648438,51027600,-1.9399871826171875,-2.6425663778747666,3.4099960327148438,130.7830005645752,130.80800170898436,2.2344587411257297
2023-08-03,128.91000366210938,129.83999633789062,126.41000366210938,127.4800033569336,88585200,1.4300003051757812,0.5459768439170398,3.42999267578125,130.81050071716308,130.94000244140625,2.2467767264049296
2023-08-04,139.57000732421875,143.6300048828125,139.32000732421875,141.05999755859375,153128500,-1.489990234375,8.269337801006271,4.30999755859375,131.30000114440918,132.41200256347656,4.254313525689661
2023-08-07,142.22000122070312,142.5399932861328,138.9499969482422,140.99000549316406,71213100,1.2299957275390625,1.8986843572548429,3.589996337890625,132.05450134277345,134.12000427246093,4.266658995969703
2023-08-08,139.94000244140625,140.83999633789062,138.4199981689453,140.6199951171875,51710500,-0.67999267578125,-1.6031491771390738,2.4199981689453125,132.6125015258789,135.77000427246094,4.2857480929469265
2023-08-09,137.85000610351562,140.32000732421875,137.10000610351562,139.97000122070312,50017300,-2.1199951171875,-1.493494570121734,3.220001220703125,132.9650016784668,137.69800415039063,4.046011423888667
2023-08-10,138.55999755859375,140.41000366210938,137.49000549316406,139.07000732421875,58928400,-0.510009765625,0.5150463718840648,2.9199981689453125,133.1780014038086,139.6280029296875,4.047902785353753
2023-08-11,138.41000366210938,139.3300018310547,137.0,137.39999389648438,42905800,1.010009765625,-0.10825194798443905,2.3300018310546875,133.364501953125,139.39600219726563,1.4626532784928485
2023-08-14,140.57000732421875,140.58999633789062,137.75,138.3000030517578,47148700,2.2700042724609375,1.5605834874352187,2.839996337890625,133.71500244140626,139.06600341796874,1.3470316551770083
2023-08-15,137.6699981689453,141.27999877929688,137.22999572753906,140.0500030517578,42781500,-2.3800048828125,-2.0630355012962953,4.0500030517578125,133.95700225830078,138.61200256347655,1.4742771672671757
2023-08-16,135.07000732421875,137.27000427246094,135.00999450683594,137.19000244140625,41675900,-2.1199951171875,-1.8885675014943426,2.260009765625,133.94250259399413,138.05600280761718,1.5610721408126573
2023-08-17,133.97999572753906,136.08999633789062,133.52999877929688,135.4600067138672,48354100,-1.480010986328125,-0.8069975106044458,2.55999755859375,134.14350204467775,137.14000244140624,1.4777435560099468
2023-08-18,133.22000122070312,134.07000732421875,131.14999389648438,131.6199951171875,48497700,1.600006103515625,-0.5672447612115605,2.920013427734375,134.30450210571288,136.102001953125,1.4487749863783108
2023-08-21,134.67999267578125,135.19000244140625,132.7100067138672,133.74000549316406,41442500,0.9399871826171875,1.095925117625085,2.4799957275390625,134.59850158691407,134.9239990234375,1.2667301651404372
2023-08-22,134.25,135.64999389648438,133.72999572753906,135.0800018310547,32905400,-0.8300018310546875,-0.31926989840012077,1.9199981689453125,134.85450134277343,134.23999938964843,1.0731368793227554
2023-08-23,135.52000427246094,135.9499969482422,133.22000122070312,134.5,42801000,1.0200042724609375,0.9459994580714559,2.7299957275390625,135.22300186157227,134.3299987792969,0.8869376340141684
2023-08-24,131.83999633789062,136.77999877929688,131.8300018310547,136.39999389648438,43646300,-4.55999755859375,-2.715472121128115,4.9499969482421875,135.4025016784668,133.9019989013672,1.5335169341388522
2023-08-25,133.25999450683594,133.8699951171875,130.5800018310547,132.47000122070312,44147500,0.7899932861328125,1.0770617478674804,3.2899932861328125,135.45500106811522,133.90999755859374,1.6378592380702532
2023-08-28,133.13999938964844,133.9499969482422,131.85000610351562,133.77999877929688,34108400,-0.6399993896484375,-0.09004586682715976,2.0999908447265625,135.4280014038086,133.60199890136718,1.5244709750027696
2023-08-29,134.91000366210938,135.13999938964844,133.25,133.3800048828125,38646100,1.529998779296875,1.3294308852149106,1.8899993896484375,135.58900146484376,133.73399963378907,1.6691632953965871
2023-08-30,135.07000732421875,135.67999267578125,133.9199981689453,134.92999267578125,36137000,0.1400146484375,0.11860029483812262,1.7599945068359375,135.93200149536133,133.6440002441406,1.6052791013649195
2023-08-31,138.00999450683594,138.7899932861328,135.0,135.05999755859375,58781300,2.9499969482421875,2.1766395374215985,3.7899932861328125,136.38700103759766,134.87799987792968,0.926532756387134
2023-09-01,138.1199951171875,139.9600067138672,136.8800048828125,139.4600067138672,40991500,-1.3400115966796875,0.07970481467276525,3.0800018310546875,136.3145004272461,135.85,0.9900754408197552
2023-09-05,137.27000427246094,137.8000030517578,135.82000732421875,137.72999572753906,40636700,-0.459991455078125,-0.6154002858205887,1.9799957275390625,136.06700057983397,136.6760009765625,1.1175787376234352
2023-09-06,135.36000061035156,137.4499969482422,134.61000061035156,136.32000732421875,41785500,-0.9600067138671875,-1.3914209970579572,2.839996337890625,135.83800048828124,136.76600036621093,1.3272005786517251
2023-09-07,137.85000610351562,138.02999877929688,133.16000366210938,133.89999389648438,48498900,3.95001220703125,1.8395430569861038,4.8699951171875,135.83800048828124,137.3220001220703,1.5467677297163596
2023-09-08,138.22999572753906,138.85000610351562,136.75,136.86000061035156,38348200,1.3699951171875,0.27565441218631026,2.100006103515625,135.8215003967285,137.36600036621093,1.2014524419637271
2023-09-11,143.10000610351562,143.6199951171875,138.63999938964844,138.75,56764500,4.350006103515625,3.5231212663680456,4.9799957275390625,136.05600051879884,138.36200256347655,1.9716428824778403
2023-09-12,141.22999572753906,143.0,140.61000061035156,142.32000732421875,42668500,-1.0900115966796875,-1.3067856717097759,2.3899993896484375,136.08899993896483,139.15400085449218,2.108742330205464
2023-09-13,144.85000610351562,144.97999572753906,140.8699951171875,140.9499969482422,60465200,3.9000091552734375,2.5632022130484877,4.1100006103515625,136.44800033569337,141.052001953125,1.9132764397828463
2023-09-14,144.72000122070312,145.86000061035156,142.9499969482422,145.0800018310547,64033600,-0.3600006103515625,-0.08975138235036706,2.910003662109375,136.93050003051758,142.4260009765625,1.990163181604814
2023-09-15,140.38999938964844,143.57000732421875,140.08999633789062,142.69000244140625,102909300,-2.3000030517578125,-2.9919857618376344,3.480010986328125,137.25100021362306,142.85800170898438,2.695997335187914
2023-09-18,139.97999572753906,141.75,139.22000122070312,140.47999572753906,42823500,-0.5,-0.29204620264398073,2.529998779296875,137.58899993896483,142.23399963378907,2.026472984838023
2023-09-19,137.6300048828125,138.83999633789062,135.55999755859375,138.6999969482422,61482500,-1.0699920654296875,-1.6788047695762587,3.279998779296875,137.73650054931642,141.51400146484374,2.0733009729843275
2023-09-20,135.2899932861328,139.3699951171875,135.1999969482422,138.5500030517578,46263700,-3.260009765625,-1.700219075536713,4.1699981689453125,137.78850021362305,139.60199890136718,1.1868418659414819
2023-09-21,129.3300018310547,132.24000549316406,129.30999755859375,131.94000244140625,70343300,-2.6100006103515625,-4.40534536983307,2.9300079345703125,137.47900009155273,136.5239990234375,1.5533485633018178
2023-09-22,129.1199951171875,132.02999877929688,128.52000427246094,131.11000061035156,59904300,-1.9900054931640625,-0.1623805079207563,3.5099945068359375,137.34300003051757,134.2699981689453,1.706773633208961
2023-09-25,131.27000427246094,131.77999877929688,128.77000427246094,129.36000061035156,46017800,1.910003662109375,1.6651248734342872,3.0099945068359375,137.24350051879884,132.5279998779297,2.2373781704464406
2023-09-26,125.9800033569336,130.38999938964844,125.27999877929688,130.1199951171875,73048200,-4.139991760253906,-4.029862682526875,5.1100006103515625,136.8855007171631,130.1979995727539,2.5706016761958668
2023-09-27,125.9800033569336,127.4800033569336,124.12999725341795,125.76000213623048,66553400,0.2200012207031108,0.0,3.350006103515639,136.4390007019043,128.33600158691405,2.6848677242615513
2023-09-28,125.9800033569336,126.58000183105467,123.04000091552734,124.04000091552734,54555000,1.94000244140625,0.0,3.5400009155273295,135.98450050354003,127.66600189208984,2.107221874641343
2023-09-29,127.12000274658205,129.14999389648438,126.31999969482422,128.1999969482422,62411700,-1.079994201660142,0.9049050319664964,2.8299942016601562,135.44000091552735,127.26600341796875,2.202559014736956
2023-10-02,129.4600067138672,130.47000122070312,126.54000091552734,127.27999877929688,48029700,2.1800079345703125,1.8407834461347639,3.9300003051757812,135.00700149536132,126.90400390625,2.2426161828878706
2023-10-03,124.72000122070312,128.52000427246094,124.25,128.05999755859375,51565000,-3.339996337890625,-3.6613666362928843,4.2700042724609375,134.37950134277344,126.65200347900391,2.0883755145999734
2023-10-04,127.0,127.36000061035156,125.68000030517578,126.05999755859376,44203900,0.9400024414062358,1.8280939360016735,1.6800003051757812,133.96150131225585,126.85600280761719,2.2797132158633135
2023-10-05,125.95999908447266,126.7300033569336,124.33000183105467,126.70999908447266,39660600,-0.75,-0.8188983586829512,2.4000015258789205,133.36700096130372,126.852001953125,2.325065338703643
2023-10-06,127.95999908447266,128.4499969482422,124.12999725341795,124.16000366210938,46836700,3.7999954223632812,1.5878056641289273,4.319999694824233,132.8535011291504,127.02000122070312,2.4086911970294342
2023-10-09,128.25999450683594,128.7899932861328,124.76000213623048,126.22000122070312,38773700,2.0399932861328125,0.23444468936362206,4.0299911499023295,132.11150054931642,126.77999877929688,2.2280296828134722
2023-10-10,129.47999572753906,130.74000549316406,128.0500030517578,128.82000732421875,42178600,0.6599884033203125,0.9511938819224852,2.69000244140625,131.5240005493164,127.73199768066407,1.0760704101662482
2023-10-11,131.8300018310547,132.0500030517578,129.61000061035156,129.74000549316406,40741800,2.089996337890625,1.8149568899126889,2.44000244140625,130.87300033569335,128.697998046875,1.0728109983780991
2023-10-12,132.3300018310547,134.47999572753906,131.22999572753906,132.1699981689453,55528600,0.160003662109375,0.3792763354738993,3.25,130.25350036621094,129.9719985961914,0.7041335314409763
2023-10-13,129.7899932861328,133.30999755859375,128.9499969482422,132.97999572753906,45786600,-3.19000244140625,-1.9194502454286222,4.3600006103515625,129.72350006103517,130.33799743652344,1.3834175244189582
2023-10-16,132.5500030517578,133.07000732421875,130.42999267578125,130.69000244140625,42832900,1.8600006103515625,2.1265196921155027,2.6400146484375,129.35200042724608,131.1959991455078,1.6047754880838319
2023-10-17,131.47000122070312,132.5800018310547,128.7100067138672,130.38999938964844,49344600,1.0800018310546875,-0.8147882355257097,3.8699951171875,129.04400024414062,131.59400024414063,1.7179034135974578
2023-10-18,128.1300048828125,130.6699981689453,127.51000213623048,129.89999389648438,42699500,-1.769989013671875,-2.5405007278304192,3.1599960327148295,128.6860008239746,130.8540008544922,1.8664699524102835
2023-10-19,128.39999389648438,132.24000549316406,127.47000122070312,130.57000732421875,60961400,-2.170013427734375,0.2107149015711185,4.7700042724609375,128.6395004272461,130.06799926757813,1.8468224846671433
2023-10-20,125.16999816894533,128.1699981689453,124.97000122070312,128.0500030517578,56406400,-2.880004882812486,-2.5155731161039308,3.1999969482421875,128.44200057983397,129.1440002441406,1.9694741714718669
2023-10-23,126.55999755859376,127.87999725341795,123.9800033569336,124.62999725341795,48260000,1.9300003051758097,1.1104892625885654,3.899993896484361,128.2065002441406,127.94599914550781,1.6266408379033999
2023-10-24,128.55999755859375,128.8000030517578,126.33999633789062,127.73999786376952,46477400,0.819999694824233,1.5802781594350446,2.4600067138671875,128.33549995422362,127.36399841308594,1.9766553417277761
2023-10-25,121.38999938964844,126.33999633789062,120.79000091552734,126.04000091552734,74577500,-4.650001525878906,-5.577161096069128,5.549995422363281,128.1059997558594,126.01599731445313,2.9924020866644145
2023-10-26,119.56999969482422,121.63999938964844,118.3499984741211,120.62999725341795,100419500,-1.0599975585937358,-1.499299533713827,3.2900009155273438,127.7854995727539,124.2499984741211,2.9105713861156324
2023-10-27,127.73999786376952,130.02000427246094,125.5199966430664,126.1999969482422,125309300,1.5400009155273153,6.83281608245998,4.500007629394531,127.81649932861328,124.76399841308594,4.543478402907855
2023-10-30,132.7100067138672,133.0,128.55999755859375,129.72000122070312,72485500,2.9900054931640625,3.890722509168998,4.44000244140625,127.97899932861328,125.99400024414062,4.801300628497136
2023-10-31,133.08999633789062,133.57000732421875,131.7100067138672,132.75,51589400,0.339996337890625,0.2863308000901066,1.8600006103515625,128.39749908447266,126.9,4.800139755068714
2023-11-01,137.0,137.35000610351562,133.7100067138672,133.9600067138672,61529400,3.0399932861328125,2.937864429857373,3.6399993896484375,128.89749908447266,130.02200012207032,3.2323878883623762
2023-11-02,138.07000732421875,138.80999755859375,136.47000122070312,138.72999572753906,52236700,-0.6599884033203125,0.7810272439553012,2.339996337890625,129.50299949645995,133.7220016479492,2.634428450635687
2023-11-03,138.60000610351562,139.49000549316406,137.4499969482422,138.99000549316406,44059800,-0.3899993896484375,0.38386235328597973,2.040008544921875,130.0349998474121,135.89400329589844,1.6505352416175165
2023-11-06,139.74000549316406,140.72999572753906,138.36000061035156,138.75999450683594,44970400,0.980010986328125,0.8225103459209127,2.3699951171875,130.6090003967285,137.3000030517578,1.0856754829186934
2023-11-07,142.7100067138672,143.3699951171875,140.5,140.5500030517578,53553500,2.160003662109375,2.125376487729147,2.8699951171875,131.27050094604493,139.22400512695313,1.0770146754546495
2023-11-08,142.0800018310547,143.1199951171875,141.22000122070312,142.97000122070312,44521700,-0.8899993896484375,-0.44145809906355193,1.899993896484375,131.78300094604492,140.24000549316406,0.9287453822651377
2023-11-09,140.60000610351562,142.64999389648438,139.83999633789062,142.02000427246094,36235400,-1.4199981689453125,-1.0416636461610618,2.80999755859375,132.19650115966797,140.74600524902343,1.2183557066105182
2023-11-10,143.55999755859375,143.64999389648438,139.91000366210938,140.4600067138672,49287800,3.0999908447265625,2.1052569890351647,3.739990234375,132.885001373291,141.73800354003907,1.4454058557954657
2023-11-13,142.58999633789062,143.22999572753906,140.6699981689453,142.0800018310547,35680600,0.5099945068359375,-0.6756765374750118,2.55999755859375,133.38700103759766,142.30800170898436,1.5674277637627192
2023-11-14,145.8000030517578,147.25999450683594,144.67999267578125,145.0,56674600,0.8000030517578125,2.251214528584833,2.5800018310546875,134.1035011291504,142.9260009765625,1.6023894269459185
2023-11-15,143.1999969482422,147.2899932861328,142.58999633789062,147.05999755859375,63875700,-3.8600006103515625,-1.7832688951265996,4.6999969482421875,134.85700073242188,143.15,1.8758480500894275
2023-11-16,142.8300018310547,143.32000732421875,139.52000427246094,140.91000366210938,49653500,1.9199981689453125,-0.25837648398919777,3.8000030517578125,135.5785011291504,143.59599914550782,1.7794701952955563
2023-11-17,145.17999267578125,145.22999572753906,142.5399932861328,142.66000366210938,49636700,2.519989013671875,1.6453061783939793,2.69000244140625,136.5790008544922,143.9199981689453,1.6733381651672457
2023-11-20,146.1300048828125,146.6300048828125,144.72999572753906,145.1300048828125,41951200,1.0,0.6543685459144744,1.9000091552734375,137.55750122070313,144.62799987792968,1.5961471473866118
2023-11-21,143.89999389648438,144.0500030517578,141.5,143.91000366210938,71226000,-0.010009765625,-1.5260459261028925,2.5500030517578125,138.32450103759766,144.247998046875,1.4482126857812347
2023-11-22,146.7100067138672,147.74000549316406,144.57000732421875,144.57000732421875,45669100,2.1399993896484375,1.9527539517508297,3.1699981689453125,139.5905014038086,144.95,1.4252931453656492
2023-11-24,146.74000549316406,147.1999969482422,145.32000732421875,146.6999969482422,22378400,0.040008544921875,0.02044767086364363,1.8799896240234375,140.9490016937256,145.73200073242188,1.393619156575115
2023-11-27,147.72999572753906,149.25999450683594,146.8800048828125,147.52999877929688,53762400,0.1999969482421875,0.6746559883569869,2.3799896240234375,141.94850158691406,146.24200134277345,1.264404793367284
2023-11-28,147.02999877929688,147.60000610351562,145.52999877929688,146.97999572753906,42711700,0.0500030517578125,-0.47383535401517296,2.07000732421875,142.66450119018555,146.4220001220703,1.2979010220514478
2023-11-29,146.32000732421875,148.5399932861328,145.97000122070312,147.85000610351562,40610900,-1.529998779296875,-0.48288883967405605,2.5699920654296875,143.32600173950195,146.9060028076172,1.0191346737716762
2023-11-30,146.08999633789062,146.92999267578125,144.3300018310547,144.75999450683594,65814000,1.3300018310546875,-0.1571972217158657,2.5999908447265625,143.78050155639647,146.78200073242186,0.4751078003995946
2023-12-01,147.02999877929688,147.25,145.5500030517578,146.0,39951800,1.029998779296875,0.6434406632690459,1.6999969482421875,144.2285011291504,146.83999938964843,0.5794936636988426
2023-12-04,144.83999633789062,145.35000610351562,142.80999755859375,145.25,48294200,-0.410003662109375,-1.4894936132684111,2.540008544921875,144.54050064086914,146.26199951171876,0.765950349111893
2023-12-05,146.8800048828125,148.57000732421875,143.1300048828125,143.5500030517578,46822400,3.3300018310546875,1.4084566393959497,5.44000244140625,144.89750061035156,146.23200073242188,1.1037484885592361
2023-12-06,144.52000427246094,147.85000610351562,144.27999877929688,147.5800018310547,39679000,-3.05999755859375,-1.6067541747663228,3.57000732421875,144.98800048828124,145.87200012207032,1.3166229321960037
2023-12-07,146.8800048828125,147.9199981689453,145.33999633789062,146.14999389648438,52352800,0.730010986328125,1.6329923474831087,2.5800018310546875,145.22800064086914,146.03000183105468,1.5648786177268585
2023-12-08,147.4199981689453,147.83999633789062,145.39999389648438,145.47999572753906,41906000,1.94000244140625,0.36764247561378305,2.44000244140625,145.56900024414062,146.10800170898438,1.546467835992636
2023-12-11,145.88999938964844,146.19000244140625,143.63999938964844,145.66000366210938,50907300,0.2299957275390625,-1.0378502226973785,2.5500030517578125,145.68550033569335,146.31800231933593,1.4428685898441092
2023-12-12,147.47999572753906,147.5,145.3000030517578,145.52000427246094,44944300,1.959991455078125,1.0898597193382598,2.1999969482421875,145.93000030517578,146.43800048828126,1.379188861546461
2023-12-13,148.83999633789062,149.4600067138672,146.82000732421875,148.1199951171875,52766200,0.720001220703125,0.9221593773735215,2.6399993896484375,146.0819999694824,147.3019989013672,1.0182385279750683
2023-12-14,147.4199981689453,150.5399932861328,145.52000427246094,149.92999267578125,58400800,-2.5099945068359375,-0.954043404920335,5.019989013671875,146.2930000305176,147.40999755859374,1.0161929224347293
2023-12-15,149.97000122070312,150.57000732421875,147.8800048828125,148.3800048828125,110089300,1.589996337890625,1.729753821347546,2.69000244140625,146.65,147.9199981689453,1.265418587324176
2023-12-18,154.07000732421875,154.85000610351562,150.0500030517578,150.55999755859375,62512800,3.510009765625,2.7338841569267247,4.8000030517578125,147.09450073242186,149.55599975585938,1.3524882906384046
2023-12-19,153.7899932861328,155.1199951171875,152.69000244140625,154.39999389648438,43171300,-0.6100006103515625,-0.18174467759756174,2.42999267578125,147.47750015258788,150.81799926757813,1.470311443641129
2023-12-20,152.1199951171875,155.6300048828125,151.55999755859375,152.89999389648438,50322100,-0.779998779296875,-1.085895208954335,4.07000732421875,147.88850021362305,151.4739990234375,1.701712156444473
2023-12-21,153.83999633789062,153.97000122070312,152.10000610351562,153.3000030517578,36305700,0.5399932861328125,1.1306871390431628,1.8699951171875,148.24499969482423,152.75799865722655,1.5176283131747892
2023-12-22,153.4199981689453,154.35000610351562,152.7100067138672,153.77000427246094,29514100,-0.350006103515625,-0.27300973670256745,1.6399993896484375,148.5789993286133,153.447998046875,1.4965950897544587
2023-12-26,153.41000366210938,153.97999572753906,153.02999877929688,153.55999755859375,25067200,-0.149993896484375,-0.006514474615582078,0.9499969482421875,148.8629997253418,153.3159973144531,0.7953834110555963
2023-12-27,153.33999633789062,154.77999877929688,153.1199951171875,153.55999755859375,31434700,-0.220001220703125,-0.04563413242133496,1.660003662109375,149.1784996032715,153.2259979248047,0.7934985782600087
2023-12-28,153.3800048828125,154.0800018310547,152.9499969482422,153.72000122070312,27057000,-0.339996337890625,0.02609139551152939,1.1300048828125,149.53149948120117,153.47799987792968,0.5516962406339977
2023-12-29,151.94000244140625,153.88999938964844,151.02999877929688,153.10000610351562,39823200,-1.160003662109375,-0.9388462612883952,2.8600006103515625,149.82399978637696,153.0980010986328,0.40382126898902226
2024-01-02,149.92999267578125,152.3800048828125,148.38999938964844,151.5399932861328,47339400,-1.6100006103515625,-1.3228970207501023,3.9900054931640625,149.96899948120117,152.4,0.629977833640893
2024-01-03,148.47000122070312,151.0500030517578,148.3300018310547,149.1999969482422,49425500,-0.7299957275390625,-0.973782115920796,2.720001220703125,150.1504997253418,151.41199951171876,0.6048574132730266
2024-01-04,144.57000732421875,147.3800048828125,144.0500030517578,145.58999633789062,56039800,-1.019989013671875,-2.62678915903487,3.3300018310546875,150.0349998474121,149.6580017089844,0.9576197481189214
2024-01-05,145.24000549316406,146.58999633789062,144.52999877929688,144.69000244140625,45153100,0.5500030517578125,0.46344202462600403,2.05999755859375,150.07099990844728,148.03000183105468,1.1028344516735604
2024-01-08,149.10000610351562,149.39999389648438,146.14999389648438,146.74000549316406,46757100,2.3600006103515625,2.6576703830634596,3.25,150.18199996948243,147.46200256347657,2.0141141010757333
2024-01-09,151.3699951171875,151.7100067138672,148.2100067138672,148.3300018310547,43812600,3.0399932861328125,1.5224607114340927,3.5,150.37949981689454,147.7500030517578,2.075245727557657
2024-01-10,153.72999572753906,154.4199981689453,151.8800048828125,152.05999755859375,44421800,1.6699981689453125,1.5590940651907248,2.5399932861328125,150.77149963378906,148.802001953125,2.0229490757841186
2024-01-11,155.17999267578125,157.1699981689453,153.1199951171875,155.0399932861328,49072700,0.1399993896484375,0.9432101662268044,4.0500030517578125,151.15649948120117,150.9239990234375,0.822128957806161
2024-01-12,154.6199951171875,156.1999969482422,154.00999450683594,155.38999938964844,40484200,-0.7700042724609375,-0.360869690053256,2.19000244140625,151.44549942016602,152.79999694824218,1.0999212153782711
2024-01-16,153.16000366210938,154.99000549316406,152.14999389648438,153.52999877929688,41384600,-0.3699951171875,-0.9442449238027617,2.8400115966796875,151.7324996948242,153.61199645996095,1.1380720722533462
2024-01-17,151.7100067138672,152.14999389648438,149.91000366210938,151.49000549316406,34953400,0.220001220703125,-0.9467203666572499,2.239990234375,151.81949996948242,153.67999877929688,1.1430198614445426
2024-01-18,153.5,153.77999877929688,151.82000732421875,152.77000427246094,37850200,0.7299957275390625,1.1798781932089941,1.959991455078125,151.79099960327147,153.63399963378907,1.0242738515609386
2024-01-19,155.33999633789062,155.75999450683594,152.74000549316406,153.8300018310547,51651600,1.5099945068359375,1.1986946826648914,3.019989013671875,151.86849975585938,153.66600036621094,1.089021792275652
2024-01-22,154.77999877929688,157.0500030517578,153.89999389648438,156.88999938964844,43687500,-2.1100006103515625,-0.3604979862209201,3.1500091552734375,152.00149993896486,153.6980010986328,1.0889888486410213
2024-01-23,156.02000427246094,156.2100067138672,153.92999267578125,154.85000610351562,37986000,1.1699981689453125,0.8011406531487353,2.2800140380859375,152.11050033569336,154.27000122070314,0.9741404484163
2024-01-24,156.8699951171875,158.50999450683594,156.47999572753906,157.8000030517578,48547300,-0.9300079345703125,0.5447960655367012,2.029998779296875,152.28300018310546,155.3019989013672,0.6391898329278276
2024-01-25,157.75,158.50999450683594,154.5500030517578,156.9499969482422,43638600,0.8000030517578125,0.5609771850602074,3.959991455078125,152.5,156.1519989013672,0.5729366893849608
2024-01-26,159.1199951171875,160.72000122070312,157.91000366210938,158.4199981689453,51047400,0.6999969482421875,0.8684596622424712,2.80999755859375,152.78899993896485,156.90799865722656,0.4927424964345745
2024-01-29,161.25999450683594,161.2899932861328,158.89999389648438,159.33999633789062,45270400,1.9199981689453125,1.344896590822775,2.3899993896484375,153.18299942016603,158.20399780273436,0.32441034710594313
2024-01-30,159.0,161.72999572753906,158.49000549316406,160.6999969482422,45207400,-1.6999969482421875,-1.4014601164705653,3.239990234375,153.5359992980957,158.79999694824218,1.049174254172613
2024-01-31,155.1999969482422,159.00999450683594,154.80999755859375,157.0,50284400,-1.8000030517578125,-2.3899390262627773,4.1999969482421875,153.79949951171875,158.46599731445312,1.6083126954141007
2024-02-01,159.27999877929688,159.75999450683594,155.6199951171875,155.8699951171875,76542400,3.410003662109375,2.6288672108771616,4.1399993896484375,154.33999938964843,158.7719970703125,2.057241143733318
2024-02-02,171.80999755859375,172.5,167.3300018310547,169.19000244140625,117218300,2.6199951171875,7.866649218561839,5.1699981689453125,155.70199890136718,161.30999755859375,4.0411147505210065
2024-02-05,170.30999755859375,170.5500030517578,167.6999969482422,170.1999969482422,55081300,0.1100006103515625,-0.8730574595861018,2.850006103515625,156.95549850463868,163.1199981689453,4.196218218047221
2024-02-06,169.14999389648438,170.7100067138672,167.64999389648438,169.38999938964844,42505500,-0.2400054931640625,-0.681113075414308,3.0600128173828125,157.9579978942871,165.14999694824218,4.097220986484055
2024-02-07,170.52999877929688,170.8800048828125,168.94000244140625,169.47999572753906,47174100,1.0500030517578125,0.8158468416245013,1.94000244140625,158.91599807739257,168.21599731445312,3.5932680508423
2024-02-08,169.83999633789062,171.42999267578125,168.8800048828125,169.64999389648438,42316500,0.19000244140625,-0.4046223223746481,2.54998779296875,159.72149810791015,170.32799682617187,3.70465931692755
2024-02-09,174.4499969482422,175.0,170.5800018310547,170.89999389648438,56986000,3.5500030517578125,2.714319777292107,4.4199981689453125,160.68499832153321,170.85599670410156,1.4940848700541218
2024-02-12,172.33999633789062,175.38999938964844,171.5399932861328,174.8000030517578,51050400,-2.4600067138671875,-1.2095159915523457,3.850006103515625,161.57099838256835,171.26199645996093,1.5667400850671853
2024-02-13,168.63999938964844,170.9499969482422,165.75,167.72999572753906,56345100,0.910003662109375,-2.146917156124317,5.1999969482421875,162.34499816894532,171.15999755859374,1.8880133356863278
2024-02-14,170.97999572753906,171.2100067138672,168.27999877929688,169.2100067138672,42815500,1.769989013671875,1.3875689909627953,2.9300079345703125,163.3084976196289,171.2499969482422,1.9688542050830788
2024-02-15,169.8000030517578,171.1699981689453,167.58999633789062,170.5800018310547,49855200,-0.779998779296875,-0.6901349311422389,3.5800018310546875,164.1234977722168,171.24199829101562,1.990021100052024
2024-02-16,169.50999450683594,170.4199981689453,167.1699981689453,168.74000549316406,48107700,0.769989013671875,-0.1707941929974366,3.25,164.83199768066407,170.25399780273438,1.3135296714230327
2024-02-20,167.0800018310547,168.7100067138672,165.74000549316406,167.8300018310547,41980300,-0.75,-1.433539469369316,2.970001220703125,165.44699783325194,169.20199890136718,1.344426821234518
2024-02-21,168.58999633789062,170.22999572753906,167.13999938964844,168.94000244140625,44420100,-0.350006103515625,0.903755380828164,3.089996337890625,166.07549743652345,169.19199829101564,1.1513700323544205
2024-02-22,174.5800018310547,174.8000030517578,171.77000427246094,173.10000610351562,55392400,1.4799957275390625,3.5530017339574504,3.029998779296875,166.96099777221679,169.91199951171876,1.9407465747628885
2024-02-23,174.99000549316406,175.75,173.6999969482422,174.27999877929688,59715200,0.7100067138671875,0.23485144793740087,2.0500030517578125,167.822998046875,170.95,1.8488985313563113
2024-02-26,174.72999572753906,176.3699951171875,174.25999450683594,175.6999969482422,44368600,-0.970001220703125,-0.14858549486425066,2.1100006103515625,168.60349807739257,171.99400024414064,1.8465566415728687
2024-02-27,173.5399932861328,174.6199951171875,172.86000061035156,174.0800018310547,31141700,-0.540008544921875,-0.6810521779339163,1.7599945068359375,169.2174980163574,173.28599853515624,1.658214114635528
2024-02-28,173.16000366210938,174.0500030517578,172.27000427246094,172.44000244140625,28180500,0.720001220703125,-0.21896371944472026,1.779998779296875,169.92549819946288,174.2,1.7111495609287228
2024-02-29,176.75999450683594,177.22000122070312,172.85000610351562,173.00999450683594,53805400,3.75,2.078996747858297,4.3699951171875,171.00349807739258,174.63599853515626,1.071338836947623
2024-03-01,178.22000122070312,178.72999572753906,176.07000732421875,176.75,31981200,1.470001220703125,0.8259825521836239,2.6599884033203125,171.95049819946288,175.28199768066406,1.1010337977998088
2024-03-04,177.5800018310547,180.13999938964844,177.49000549316406,177.52999877929688,37381500,0.0500030517578125,-0.3591063770984282,2.649993896484375,172.23899841308594,175.85199890136718,1.1295397463094439
2024-03-05,174.1199951171875,176.92999267578125,173.3000030517578,176.92999267578125,37228300,-2.80999755859375,-1.9484213752621549,3.6299896240234375,172.42949829101562,175.96799926757814,1.4957500127842829
2024-03-06,173.50999450683594,176.4600067138672,173.25999450683594,175.5399932861328,32090900,-2.029998779296875,-0.35033346396604603,3.20001220703125,172.6474983215332,176.03799743652343,1.5033544131610268
2024-03-07,176.82000732421875,177.99000549316406,173.72000122070312,174.8300018310547,34063300,1.9900054931640625,1.9076784751165476,4.2700042724609375,172.9619987487793,176.05,1.4464069275528637
2024-03-08,175.35000610351562,178.7899932861328,174.3300018310547,176.44000244140625,37893200,-1.089996337890625,-0.8313545751684748,4.459991455078125,173.23749923706055,175.4760009765625,1.40340410423037
2024-03-11,171.9600067138672,174.47000122070312,171.47000122070312,174.30999755859375,28484800,-2.3499908447265625,-1.9332758891648982,3.0,173.1129997253418,174.352001953125,1.580769237731809
2024-03-12,175.38999938964844,176.75999450683594,171.97999572753906,173.5,36610600,1.8899993896484375,1.9946455814511488,4.779998779296875,173.2654998779297,174.6060028076172,1.7353170167841478
2024-03-13,176.55999755859375,177.6199951171875,175.5500030517578,175.89999389648438,30772600,0.660003662109375,0.6670837408158103,2.0699920654296875,173.66149978637696,175.21600341796875,1.7204730981759
2024-03-14,178.75,179.52999877929688,176.47000122070312,177.69000244140625,43705800,1.05999755859375,1.2403729449981915,3.05999755859375,174.05,175.602001953125,1.5915459801976934
2024-03-15,174.4199981689453,177.92999267578125,173.89999389648438,176.63999938964844,72147400,-2.220001220703125,-2.4223786467438835,4.029998779296875,174.28099975585937,175.41600036621094,1.97018202174923
2024-03-18,174.47999572753906,176.69000244140625,174.27999877929688,175.8000030517578,31250700,-1.32000732421875,0.0343983254349256,2.410003662109375,174.52949981689454,175.9199981689453,1.6861735716627055
2024-03-19,175.89999389648438,176.08999633789062,173.52000427246094,174.22000122070312,26880900,1.67999267578125,0.8138458297320961,2.5699920654296875,174.97049942016602,176.0219970703125,1.4571162968750824
2024-03-20,178.14999389648438,178.52999877929688,174.63999938964844,176.13999938964844,29947200,2.0099945068359375,1.2791359170393646,3.8899993896484375,175.4484992980957,176.33999633789062,1.5433254504838372
2024-03-21,178.14999389648438,181.4199981689453,178.14999389648438,179.99000549316406,32824300,-1.8400115966796875,0.0,3.2700042724609375,175.6269989013672,176.2199951171875,1.4274304230005421
2024-03-22,178.8699951171875,179.25999450683594,176.75,177.75,27995400,1.1199951171875,0.40415450203241665,2.5099945068359375,175.82099838256835,177.10999450683593,0.5434437355938785
2024-03-25,179.7100067138672,180.9900054931641,177.24000549316406,178.00999450683594,29815500,1.70001220703125,0.4696213001679439,3.7500000000000284,176.06999893188475,178.15599670410157,0.4801272448634452
2024-03-26,178.3000030517578,180.4499969482422,177.9499969482422,180.1499938964844,29659000,-1.849990844726591,-0.7845994154095037,2.5,176.30799942016603,178.63599853515626,0.7518667188808936
2024-03-27,179.8300018310547,180.0,177.30999755859375,179.8800048828125,33272600,-0.0500030517578125,0.8581036192426339,2.69000244140625,176.6414993286133,178.9720001220703,0.6237698311750346
2024-03-28,180.3800048828125,181.6999969482422,179.25999450683594,180.1699981689453,38051600,0.2100067138671875,0.30584610251771505,2.44000244140625,176.8224998474121,179.41800231933593,0.6154875954764292
2024-04-01,180.97000122070312,183.0,179.9499969482422,180.7899932861328,29174500,0.1800079345703125,0.3270852211551434,3.0500030517578125,176.95999984741212,179.83800354003907,0.6116344654957949
2024-04-02,180.69000244140625,180.7899932861328,178.3800048828125,179.07000732421875,32611500,1.6199951171875,-0.15472110151306673,2.4099884033203125,177.1154998779297,180.03400268554688,0.6155334073032201
2024-04-03,182.41000366210935,182.8699951171875,179.8000030517578,179.89999389648438,31046600,2.5100097656249716,0.9519072430478559,3.0699920654296875,177.53000030517578,180.8560028076172,0.4526983747586412
2024-04-04,180.0,185.1000061035156,180.0,184.0,41624300,-4.0,-1.3212014767422287,5.100006103515597,177.854500579834,180.89000244140624,0.8476133261371132
2024-04-05,185.07000732421875,186.2700042724609,181.97000122070312,182.3800048828125,42374000,2.69000244140625,2.816670735677085,4.300003051757784,178.267000579834,181.8280029296875,1.5283692249392629
2024-04-08,185.19000244140625,187.2899932861328,184.80999755859372,186.8999938964844,39221300,-1.7099914550781534,0.06483768975988902,2.479995727539091,178.7590003967285,182.67200317382813,1.5412594351619773
2024-04-09,185.6699981689453,187.33999633789065,184.1999969482422,187.2400054931641,36520100,-1.5700073242187784,0.2591909504893186,3.139999389648466,179.44449996948242,183.66800231933593,1.5100150129289696
2024-04-10,185.9499969482422,186.2700042724609,182.6699981689453,182.7700042724609,35879200,3.1799926757812784,0.15080453603608657,3.6000061035155966,179.9724998474121,184.3760009765625,1.4997428880508656
2024-04-11,189.0500030517578,189.7700042724609,185.50999450683597,186.7400054931641,40020700,2.3099975585937216,1.6671181255133227,4.260009765624943,180.5970001220703,186.18600158691407,1.2134100974572422
2024-04-12,186.1300048828125,188.3800048828125,185.0800018310547,187.72000122070312,38608800,-1.589996337890625,-1.5445639364236818,3.3000030517578125,180.96600036621095,186.39800109863282,1.138827483442039
2024-04-15,183.6199951171875,188.69000244140625,183.0,187.42999267578125,48052400,-3.80999755859375,-1.3485250630092094,5.69000244140625,181.42600021362304,186.08399963378906,1.317216690034105
2024-04-16,183.32000732421875,184.8300018310547,182.25999450683597,183.2700042724609,32891300,0.05000305175784092,-0.1633742516860992,2.5700073242187216,181.86800079345704,185.61400146484374,1.296737930296672
2024-04-17,181.27999877929688,184.57000732421875,179.82000732421875,184.30999755859372,31359700,-3.0299987792968466,-1.1128128209780819,4.75,182.13700103759766,184.68000183105468,1.322532143881232
2024-04-18,179.22000122070312,182.38999938964844,178.64999389648438,181.47000122070312,30723800,-2.25,-1.1363622972558218,3.7400054931640625,182.19050140380858,182.71400146484376,0.5316485420995565
2024-04-19,174.6300048828125,179.0,173.44000244140625,178.74000549316406,56000700,-4.1100006103515625,-2.561096030926935,5.55999755859375,182.014501953125,180.41400146484375,0.8573400203032532
2024-04-22,177.22999572753906,178.8699951171875,174.55999755859375,176.94000244140625,37924900,0.2899932861328125,1.4888568814227066,4.30999755859375,181.93250198364257,179.13600158691406,1.4919383599229994
2024-04-23,179.5399932861328,179.92999267578125,175.97999572753906,178.0800018310547,37046500,1.459991455078125,1.303389727631088,3.9499969482421875,181.92400131225585,178.37999877929687,1.7457032616789792
2024-04-24,176.58999633789062,180.32000732421875,176.17999267578125,179.94000244140625,34185100,-3.350006103515625,-1.6430862529557833,4.1400146484375,181.8385009765625,177.44199829101564,1.8143194088592964
2024-04-25,173.6699981689453,173.9199981689453,166.32000732421875,169.67999267578125,49249400,3.9900054931640625,-1.6535467634067658,7.5999908447265625,181.53050079345704,176.33199768066407,1.8727817072928312
2024-04-26,179.6199951171875,180.82000732421875,176.1300048828125,177.8000030517578,43919800,1.8199920654296875,3.4260361668536854,4.69000244140625,181.49250030517578,177.32999572753906,2.2011352344857706
2024-04-29,180.9600067138672,183.52999877929688,179.38999938964844,182.75,54063900,-1.7899932861328125,0.7460258507441919,4.1399993896484375,181.49200057983398,178.07599792480468,2.1492790821247327
2024-04-30,175.0,182.9900054931641,174.8000030517578,181.08999633789065,94639800,-6.089996337890653,-3.293549122868411,8.190002441406278,181.20750045776367,177.16799926757812,2.617548116091241
2024-05-01,179.0,185.1499938964844,176.55999755859375,181.63999938964844,94645100,-2.6399993896484375,2.285714285714291,8.589996337890653,181.0370002746582,177.65,2.767852048137819
2024-05-02,184.72000122070312,185.1000061035156,179.91000366210938,180.8500061035156,54303500,3.8699951171875284,3.1955314082140474,5.190002441406222,181.27300033569335,179.86000061035156,2.760812793676657
2024-05-03,186.2100067138672,187.8699951171875,185.4199981689453,186.9900054931641,39172000,-0.7799987792969034,0.8066292135759712,2.4499969482421875,181.3300003051758,181.1780029296875,2.484579229389896
2024-05-06,188.6999969482422,188.75,184.8000030517578,186.27999877929688,34725300,2.4199981689453125,1.3371946429286963,3.9499969482421875,181.50550003051757,182.7260009765625,2.498484688763251
2024-05-07,188.75999450683597,189.94000244140625,187.30999755859372,188.9199981689453,34048900,-0.16000366210934658,0.031795209095975,2.6300048828125284,181.6599998474121,185.47799987792968,1.2399744275841231
2024-05-08,188.0,188.42999267578125,186.38999938964844,187.44000244140625,26136400,0.55999755859375,-0.4026247769404523,2.0399932861328125,181.7625,187.2779998779297,1.4032132151228554
2024-05-09,189.5,191.6999969482422,187.44000244140625,188.8800048828125,43368400,0.6199951171875,0.7978723404255428,4.2599945068359375,181.7849998474121,188.23399963378907,0.6922042824025932
2024-05-10,187.47999572753903,189.88999938964844,186.92999267578125,189.16000366210935,34141800,-1.6800079345703125,-1.0659653152828352,2.9600067138671875,181.85249938964844,188.48799743652344,0.9521781213638629
2024-05-13,186.57000732421875,188.30999755859372,185.3600006103516,188.0,24898600,-1.42999267578125,-0.48537893325043546,2.9499969482421307,182.0,188.06199951171874,0.6926005194929448
2024-05-14,187.07000732421875,187.72000122070312,183.4499969482422,183.82000732421875,38698200,3.25,0.2679959159411549,4.2700042724609375,182.1875,187.7240020751953,0.7219174053510612
2024-05-15,185.9900054931641,186.72000122070312,182.72999572753903,185.97000122070312,75459900,0.02000427246096592,-0.5773249525686142,3.990005493164091,182.42300033569336,187.32200317382814,0.7395423882440637
2024-05-16,183.6300048828125,187.30999755859372,183.4600067138672,185.6000061035156,38834500,-1.9700012207030966,-1.268885714634993,3.849990844726534,182.64350051879882,186.14800415039062,0.5975457564515613
2024-05-17,184.6999969482422,185.3000030517578,183.3500061035156,183.75999450683597,33175700,0.9400024414062216,0.5826891232250109,1.949996948242216,183.14700012207032,185.59200439453124,0.7334337952166521
2024-05-20,183.5399932861328,186.6699981689453,183.27999877929688,184.33999633789065,30511800,-0.8000030517578409,-0.6280474722663021,3.3899993896484375,183.4625,184.98600158691406,0.745313556156574
2024-05-21,183.1499938964844,183.25999450683597,180.75,182.3000030517578,50839100,0.8499908447265909,-0.21248741632043933,2.509994506835966,183.64300003051758,184.20199890136718,0.6776956372920105
2024-05-22,183.1300048828125,185.22000122070312,181.97000122070312,183.8800048828125,28148800,-0.75,-0.01091401274257997,3.25,183.97000045776366,183.62999877929687,0.6921778102572176
2024-05-23,181.0500030517578,184.75999450683597,180.0800018310547,183.66000366210935,33670200,-2.610000610351534,-1.1358061353112014,4.679992675781278,184.3390007019043,183.11399841308594,0.6470577168031972
2024-05-24,180.75,182.44000244140625,180.3000030517578,181.6499938964844,27471600,-0.8999938964844034,-0.1657017656453985,2.1399993896484375,184.39550094604493,182.3239990234375,0.45557153632427533
2024-05-28,182.1499938964844,182.2400054931641,179.49000549316406,179.92999267578125,29927000,2.2200012207031534,0.7745471073219434,2.7500000000000284,184.4550003051758,182.0459991455078,0.6800913906100465
2024-05-29,182.0200042724609,184.0800018310547,181.5500030517578,181.6999969482422,32009300,0.3200073242187216,-0.0713640562059914,2.529998779296875,184.80600051879884,181.82000122070312,0.679781843583896
2024-05-30,179.32000732421875,181.33999633789065,178.36000061035156,181.30999755859372,29184700,-1.9899902343749716,-1.48335176621609,2.979995727539091,184.82200088500977,181.05800170898436,0.9022452074819215
2024-05-31,176.44000244140625,179.2100067138672,173.8699951171875,178.3000030517578,58903900,-1.8600006103515625,-1.6060700229647673,5.3400115966796875,184.40800094604492,180.13600158691406,1.0136304108529781
2024-06-03,178.33999633789062,178.6999969482422,175.9199981689453,177.6999969482422,30786600,0.6399993896484375,1.076849847083472,2.779998779296875,184.0145004272461,179.65400085449218,1.245142077292781
2024-06-04,179.33999633789062,179.82000732421875,176.44000244140625,177.63999938964844,27198400,1.6999969482421875,0.560726713319748,3.3800048828125,183.5465003967285,179.09200134277344,1.2036271167332675
2024-06-05,181.27999877929688,181.5,178.75,180.10000610351562,32116400,1.17999267578125,1.0817455564965828,2.75,183.17250061035156,178.94400024414062,1.3598338241042585
2024-06-06,185.0,185.0,181.4900054931641,181.75,31371200,3.25,2.0520748266509736,3.509994506835909,183.02250061035156,180.0799987792969,1.3629752931727603
2024-06-07,184.3000030517578,186.2899932861328,183.3600006103516,184.8999938964844,28021500,-0.5999908447265909,-0.3783767287795614,2.9299926757812216,182.76250076293945,181.6519989013672,0.8858115221045839
2024-06-10,187.05999755859372,187.22999572753903,183.7899932861328,184.07000732421875,34445600,2.9899902343749716,1.497555323458566,3.4400024414062216,182.7415008544922,183.3959991455078,0.9283114886698399
2024-06-11,187.22999572753903,187.7700042724609,184.5399932861328,187.05999755859372,27265100,0.1699981689453125,0.09087895389929823,3.2300109863280966,182.7745002746582,184.9739990234375,1.0001786497909433
2024-06-12,186.88999938964844,188.3500061035156,185.42999267578125,188.0200042724609,33984200,-1.1300048828124716,-0.18159287809063063,2.9200134277343466,182.7654998779297,186.09599914550782,1.0885933846970148
2024-06-13,183.8300018310547,187.6699981689453,182.6699981689453,186.08999633789065,39721500,-2.259994506835966,-1.6373254687715777,5.0,182.65749969482422,185.86199951171875,1.1218030408327826
2024-06-14,183.66000366210935,183.72000122070312,182.22999572753903,183.0800018310547,25456400,0.5800018310546591,-0.09247574783879386,1.490005493164091,182.65899963378905,185.73399963378907,1.1127030994785687
2024-06-17,184.05999755859372,185.0,181.22000122070312,182.5200042724609,35601900,1.5399932861328125,0.2177904217078641,3.779998779296875,182.62699966430665,185.13399963378905,0.7523810163424892
2024-06-18,182.80999755859372,184.2899932861328,181.42999267578125,183.7400054931641,36659200,-0.9300079345703693,-0.6791263808433312,2.8600006103515625,182.5904998779297,184.24999999999997,0.7254374809845573
2024-06-20,186.1000061035156,186.50999450683597,182.72000122070312,182.91000366210935,44726800,3.19000244140625,1.7996874289478493,3.789993286132841,182.73800048828124,184.09200134277341,1.2655295358693417
2024-06-21,189.0800018310547,189.27999877929688,185.8600006103516,187.8000030517578,70792500,1.279998779296875,1.6012872809265222,3.419998168945284,183.03550033569337,185.14200134277343,1.0838502477091434
2024-06-24,185.57000732421875,191.0,185.3300018310547,189.3300018310547,50610400,-3.7599945068359375,-1.8563541743415901,5.6699981689453125,183.2615005493164,185.5240020751953,1.542967176645242
2024-06-25,186.33999633789065,188.83999633789065,185.4199981689453,186.80999755859372,45366400,-0.47000122070306816,0.41493182264449313,3.419998168945341,183.54100036621094,185.9800018310547,1.54552010181682
2024-06-26,193.6100006103516,194.8000030517578,186.25999450683597,186.9199981689453,65103900,6.690002441406278,3.901472799901873,8.540008544921847,184.1140007019043,188.14000244140624,2.107865144147941
2024-06-27,197.8500061035156,199.83999633789065,194.1999969482422,195.00999450683597,74397500,2.8400115966796307,2.189972356695158,5.639999389648466,184.90550079345704,190.49000244140626,2.1438303085673276
2024-06-28,193.25,198.8500061035156,192.5,197.72999572753903,76930200,-4.479995727539034,-2.3249966952787804,6.350006103515597,185.60200042724608,191.32400207519532,2.6438678352214784
2024-07-01,197.1999969482422,198.3000030517578,192.82000732421875,193.4900054931641,41192000,3.7099914550780966,2.043982896891161,5.4799957275390625,186.6400001525879,193.65,2.3463846508000716
2024-07-02,200.0,200.42999267578125,195.92999267578125,197.27999877929688,45600000,2.720001220703125,1.4198798656638534,4.5,187.72300033569337,196.3820007324219,2.300082792064666
2024-07-03,197.58999633789065,200.02999877929688,196.75999450683597,199.94000244140625,31597900,-2.3500061035155966,-1.205001831054675,3.270004272460909,188.63550033569337,197.1779998779297,2.058239934386297
2024-07-05,200.0,200.5500030517578,198.1699981689453,198.6499938964844,39858900,1.3500061035155966,1.2196992290986808,2.3800048828125,189.5715003967285,197.60799865722657,1.8889870590718123
2024-07-08,199.2899932861328,201.1999969482422,197.9600067138672,200.0399932861328,34767300,-0.75,-0.355003356933592,3.239990234375,190.28600006103517,198.8159973144531,1.3516958330463424
2024-07-09,199.33999633789065,200.57000732421875,199.0500030517578,199.3999938964844,32700100,-0.05999755859375,0.025090598345323123,1.5200042724609375,191.0379997253418,199.2439971923828,1.099813011721972
2024-07-10,199.7899932861328,200.1100006103516,197.69000244140625,200.0,32883800,-0.2100067138671875,0.2257434315787732,2.419998168945341,191.67449951171875,199.20199584960938,0.8825689201919069
2024-07-11,195.0500030517578,200.2700042724609,192.8600006103516,200.08999633789065,44565000,-5.039993286132841,-2.3724863074531144,7.410003662109318,192.06549987792968,198.69399719238282,1.3207939492952434
2024-07-12,194.4900054931641,196.47000122070312,193.8300018310547,194.8000030517578,30598500,-0.3099975585937216,-0.28710461411535215,2.6399993896484375,192.44550018310548,197.59199829101564,1.0441579399970162
2024-07-15,192.72000122070312,196.19000244140625,190.8300018310547,194.55999755859372,40683200,-1.8399963378905966,-0.9100746683475047,5.3600006103515625,192.8900001525879,196.27799987792972,1.0473797413991348
2024-07-16,193.0200042724609,196.6199951171875,192.2400054931641,195.58999633789065,33994700,-2.5699920654297443,0.15566783408962337,4.379989624023409,193.35800018310547,195.01400146484374,1.0702284434550704
2024-07-17,187.92999267578125,191.5800018310547,185.9900054931641,191.3500061035156,48076100,-3.4200134277343466,-2.637038381521717,5.589996337890597,193.55149993896484,192.64200134277343,1.2444428947883663
2024-07-18,183.75,189.67999267578125,181.4499969482422,189.58999633789065,51043600,-5.839996337890653,-2.224228616340451,8.229995727539062,193.59850006103517,190.3820007324219,1.2111464736234872
2024-07-19,183.1300048828125,184.92999267578125,180.11000061035156,181.13999938964844,43081800,1.9900054931640625,-0.33741230867346816,4.8199920654296875,193.45,188.11000061035156,1.2020433525883272
2024-07-22,182.5500030517578,185.05999755859372,182.47999572753903,185.0,39931900,-2.4499969482421875,-0.3167158934036185,2.5800018310546875,193.12350006103514,186.0760009765625,1.2643394890087727
2024-07-23,186.41000366210935,189.38999938964844,183.55999755859372,184.1000061035156,47537700,2.30999755859375,2.1144894800451564,5.830001831054716,193.16549987792968,184.75400085449218,1.8889914110872201
2024-07-24,180.8300018310547,185.4499969482422,180.41000366210935,183.1999969482422,41532400,-2.3699951171875,-2.9934025650088403,5.039993286132841,192.8900001525879,183.33400268554686,1.985538857148028
2024-07-25,179.85000610351562,183.8999938964844,176.8000030517578,182.91000366210935,44464200,-3.0599975585937216,-0.5419431054668911,7.099990844726591,192.2020004272461,182.55400390625,1.808194609571583
2024-07-26,182.5,183.19000244140625,180.2400054931641,180.38999938964844,29506000,2.1100006103515625,1.4734466536293178,2.949996948242159,191.43450012207032,182.4280029296875,1.9989139899352781
2024-07-29,183.1999969482422,184.75,182.3800048828125,183.83999633789065,33270100,-0.6399993896484659,0.3835599716395466,2.3699951171875,190.93199996948243,182.55800170898436,2.0003340258291757
2024-07-30,181.7100067138672,185.8600006103516,179.3800048828125,184.72000122070312,39508600,-3.0099945068359375,-0.8133134602594794,6.479995727539091,190.15750045776366,181.61800231933594,1.657719584379398
2024-07-31,186.97999572753903,187.94000244140625,184.4600067138672,185.0500030517578,41667300,1.9299926757812216,2.9002194810164417,3.4799957275390625,189.50650024414062,182.8480010986328,1.5305177305594166
2024-08-01,184.07000732421875,190.6000061035156,181.8699951171875,189.2899932861328,70435600,-5.2199859619140625,-1.5563100170141286,8.730010986328097,188.83050079345702,183.69200134277344,1.7799499095401425
2024-08-02,167.89999389648438,168.77000427246094,160.5500030517578,166.75,141448400,1.149993896484375,-8.78470841762542,8.220001220703125,187.22550048828126,180.77200012207032,4.371039744073727
2024-08-05,161.02000427246094,162.9600067138672,151.61000061035156,154.2100067138672,83149400,6.80999755859375,-4.097671157906757,11.350006103515625,185.31200103759767,176.33600158691405,4.328497202030393
2024-08-06,161.92999267578125,165.0800018310547,158.5399932861328,161.7100067138672,59950800,0.2199859619140625,0.5651399696776416,6.540008544921875,183.44150085449218,172.37999877929687,4.500888054403161
2024-08-07,162.77000427246094,167.5800018310547,161.42999267578125,166.5500030517578,48408200,-3.779998779296875,0.5187498515865308,6.1500091552734375,181.5905014038086,167.53800048828126,3.914794406406902
2024-08-08,165.8000030517578,166.69000244140625,162.5500030517578,165.1699981689453,44616200,0.6300048828125,1.8615215947435537,4.1399993896484375,180.12800140380858,163.88399963378907,4.4234344943127635
2024-08-09,166.94000244140625,168.5500030517578,165.85000610351562,166.39999389648438,36401000,0.540008544921875,0.687575011257735,2.6999969482421875,178.7505012512207,163.69200134277344,2.306199751550891
2024-08-12,166.8000030517578,168.5500030517578,166.11000061035156,168.13999938964844,30072800,-1.339996337890625,-0.0838620987187122,2.44000244140625,177.45450134277343,164.8480010986328,0.7096271537497582
2024-08-13,170.22999572753906,171.0399932861328,167.10000610351562,167.80999755859375,39237900,2.4199981689453125,2.0563504874259175,3.9399871826171875,176.31500091552735,166.50800170898438,0.916752223682441
2024-08-14,170.10000610351562,172.27999877929688,168.86000061035156,172.11000061035156,28843800,-2.0099945068359375,-0.07636117446156998,3.4199981689453125,175.42350158691406,167.9740020751953,1.028039431282666
2024-08-15,177.58999633789062,177.91000366210938,173.99000549316406,174.86000061035156,51698500,2.7299957275390625,4.403286281963403,3.9199981689453125,175.1155014038086,170.33200073242188,1.8933785281898887
2024-08-16,177.05999755859375,178.33999633789062,176.25999450683594,177.0399932861328,31489200,0.0200042724609375,-0.2984395462729106,2.0800018310546875,174.81200103759767,172.3559997558594,2.0320617474530454
2024-08-19,178.22000122070312,178.3000030517578,176.16000366210938,177.63999938964844,31129800,0.5800018310546875,0.6551472258579993,2.1399993896484375,174.59550094604492,174.63999938964844,1.9401125984859398
2024-08-20,178.8800048828125,179.00999450683594,177.42999267578125,177.9199981689453,26255200,0.9600067138671875,0.3703308593809629,1.5800018310546875,174.21900100708007,176.37000122070313,1.9327234927471688
2024-08-21,180.11000061035156,182.38999938964844,178.88999938964844,179.9199981689453,35599100,0.19000244140625,0.6876093995775934,3.5,174.18300094604493,178.37200012207032,1.8538806625713515
2024-08-22,176.1300048828125,181.47000122070312,175.67999267578125,181.3800048828125,32047500,-5.25,-2.2097583221652117,5.790008544921875,173.99700088500975,178.0800018310547,1.2129331618102563
2024-08-23,177.0399932861328,178.97000122070312,175.24000549316406,177.33999633789062,29150100,-0.3000030517578125,0.5166572293719973,3.7299957275390625,173.7240005493164,178.0760009765625,1.2438906868384996
2024-08-26,175.5,177.47000122070312,174.3000030517578,176.6999969482422,22366200,-1.1999969482421875,-0.869856159361615,3.1699981689453125,173.3390007019043,177.53200073242186,1.231214103522965
2024-08-27,173.1199951171875,174.88999938964844,172.25,174.14999389648438,29842000,-1.029998779296875,-1.3561281383547064,2.6399993896484375,172.9095001220703,176.37999877929687,1.2379437659937327
2024-08-28,170.8000030517578,173.69000244140625,168.9199981689453,173.69000244140625,29045000,-2.8899993896484375,-1.3401063602498708,4.7700042724609375,172.10050048828126,174.51799926757812,1.0012199163006636
2024-08-29,172.1199951171875,174.2899932861328,170.80999755859375,173.22000122070312,26407800,-1.100006103515625,0.7728290643119529,3.4799957275390625,171.50299987792968,173.71599731445312,1.0270384962858845
2024-08-30,178.5,178.89999389648438,172.60000610351562,172.77999877929688,43429400,5.720001220703125,3.7067191865004956,6.29998779296875,172.03300018310546,174.00799865722655,2.154168590073055
2024-09-03,176.25,178.25999450683594,175.25999450683594,177.5500030517578,37817500,-1.3000030517578125,-1.2605042016806678,3.0,172.79449996948242,174.15799865722656,2.2082914975080743
2024-09-04,173.3300018310547,175.97999572753906,172.5399932861328,174.47999572753906,30309200,-1.149993896484375,-1.6567365497562103,3.44000244140625,173.3645004272461,174.2,2.2614535765468005
2024-09-05,177.88999938964844,179.8800048828125,175.0,175.0,40170500,2.8899993896484375,2.6308183871355473,4.8800048828125,174.12050018310546,175.6179992675781,2.349224508962129
2024-09-06,171.38999938964844,178.3800048828125,171.16000366210938,177.24000549316406,41466500,-5.850006103515625,-3.6539434607352317,7.220001220703125,174.4,175.4720001220703,3.095763395970531
2024-09-09,175.39999389648438,175.85000610351562,173.50999450683594,174.52999877929688,29037400,0.8699951171875,2.3396899008788496,2.3400115966796875,174.8229995727539,174.85199890136718,2.7188173526154604
2024-09-10,179.5500030517578,180.5,176.7899932861328,177.49000549316406,36233800,2.05999755859375,2.3660258265018275,3.7100067138671875,175.46049957275392,175.51199951171876,2.883951034146888
2024-09-11,184.5200042724609,184.9900054931641,175.72999572753906,180.10000610351562,42564700,4.419998168945284,2.7680318219044597,9.260009765625028,176.175,177.75,2.769685421965841
2024-09-12,187.0,187.41000366210935,183.5399932861328,184.8000030517578,33544200,2.1999969482421875,1.344025401103477,3.870010375976534,177.0199996948242,179.5720001220703,2.672026726309177
2024-09-13,186.4900054931641,188.5,185.91000366210935,187.0,26495400,-0.5099945068359091,-0.27272433520636463,2.5899963378906534,177.4650001525879,182.59200134277344,1.2259117918597693
2024-09-16,184.88999938964844,185.80999755859372,183.3600006103516,185.2899932861328,26065500,-0.399993896484375,-0.8579580976924239,2.4499969482421307,177.85650024414062,184.49000244140626,1.5935820222900485
2024-09-17,186.8800048828125,189.4499969482422,186.13999938964844,186.8500061035156,26091700,0.02999877929690342,1.0763186217390919,3.30999755859375,178.28950042724608,185.95600280761718,1.4269164058282995
2024-09-18,186.42999267578125,188.8000030517578,185.05999755859372,186.4499969482422,34448100,-0.0200042724609375,-0.24080275860086653,3.740005493164091,178.66699981689453,186.33800048828124,0.9504343367187427
2024-09-19,189.8699951171875,190.9900054931641,188.47000122070312,190.0399932861328,39543200,-0.1699981689453125,1.845197970580159,2.520004272460966,179.15499954223634,186.91199951171876,1.1125594912621093
2024-09-20,191.6000061035156,191.83999633789065,187.41000366210935,190.22999572753903,100378600,1.3700103759765625,0.9111555436973173,4.429992675781307,179.9284996032715,187.93399963378906,1.0831257590663161
2024-09-23,193.8800048828125,194.4499969482422,190.57000732421875,191.63999938964844,36993100,2.2400054931640625,1.1899784481557374,3.8799896240234375,180.77050018310547,189.73200073242188,0.7573378871392622
2024-09-24,193.9600067138672,195.3699951171875,190.1300048828125,194.2700042724609,43478900,-0.3099975585937216,0.04126358007008335,5.239990234375,181.69350051879883,191.14800109863282,0.8519105148147752
2024-09-25,192.52999877929688,193.9499969482422,192.16000366210935,193.75,26391100,-1.220001220703125,-0.7372694808574054,1.789993286132841,182.66400070190429,192.36800231933594,1.0103654971790688
2024-09-26,191.16000366210935,194.52999877929688,189.5399932861328,194.30999755859372,36334900,-3.149993896484375,-0.7115748848874226,4.9900054931640625,183.68200073242187,192.62600402832032,0.8946588329039021
2024-09-27,187.97000122070312,190.8999938964844,187.33999633789065,190.67999267578125,36002300,-2.709991455078125,-1.6687603998192024,3.55999755859375,184.47450103759766,191.9000030517578,1.06545118271119
2024-09-30,186.3300018310547,188.4900054931641,184.6499938964844,187.13999938964844,41583900,-0.80999755859375,-0.8724793206352333,3.8400115966796875,184.8660011291504,190.39000244140624,0.608060964513845
2024-10-01,185.1300048828125,186.19000244140625,183.4499969482422,184.8999938964844,36044900,0.23001098632809658,-0.6440170323887107,2.7400054931640625,185.31000137329102,188.6240020751953,0.42298517813695014
2024-10-02,184.75999450683597,186.6000061035156,184.0399932861328,184.44000244140625,23704100,0.3199920654297159,-0.19986515757440815,2.560012817382784,185.8815010070801,187.07000122070312,0.5362926781222019
2024-10-03,181.9600067138672,183.44000244140625,180.8800048828125,183.0500030517578,30204300,-1.089996337890625,-1.5154729791167942,2.55999755859375,186.08500137329102,185.2300018310547,0.6111828188698727
2024-10-04,186.50999450683597,187.6000061035156,183.6000061035156,185.75,40890300,0.7599945068359659,2.500542770436165,4.0,186.84100112915038,184.93800048828126,1.5538934298747424
2024-10-07,180.8000030517578,183.6000061035156,180.25,182.9499969482422,42364200,-2.149993896484375,-3.061493551686778,3.3500061035155966,187.11100158691406,183.83200073242188,2.04151793494113
2024-10-08,182.72000122070312,183.08999633789065,180.9199981689453,181.9199981689453,26372100,0.8000030517578125,1.0619458719785868,2.169998168945341,187.26950149536134,183.35,2.167652219211036
2024-10-09,185.1699981689453,185.8500061035156,182.0500030517578,182.82000732421875,26343100,2.3499908447265625,1.3408477078997505,3.800003051757784,187.30200119018554,183.43200073242187,2.281798272372485
2024-10-10,186.6499938964844,188.1300048828125,185.8300018310547,187.1300048828125,27785000,-0.4800109863280966,0.7992632403596822,2.3000030517578125,187.28450088500978,184.3699981689453,2.1091936865866376
2024-10-11,188.82000732421875,189.92999267578125,186.3000030517578,186.6300048828125,25751600,2.19000244140625,1.1626110360002606,3.6299896240234375,187.4010009765625,184.83200073242188,1.8674299098375315
2024-10-14,187.5399932861328,189.8300018310547,187.3600006103516,189.77999877929688,22614400,-2.2400054931640625,-0.6779016992029097,2.4700012207030966,187.53350067138672,186.17999877929688,0.815044405793652
2024-10-15,187.69000244140625,188.41000366210935,184.5800018310547,187.6300048828125,32178900,0.05999755859375,0.07998782160802964,3.830001831054659,187.5740005493164,187.1739990234375,0.8353307893899992
2024-10-16,186.88999938964844,187.77999877929688,185.6100006103516,187.0500030517578,23456800,-0.160003662109375,-0.4262363692000948,2.169998168945284,187.59700088500978,187.51799926757812,0.7845774475970748
2024-10-17,187.52999877929688,188.94000244140625,186.0,188.22000122070312,25039400,-0.69000244140625,0.34244710350397334,2.94000244140625,187.48000106811523,187.69400024414062,0.7194279267741946
2024-10-18,188.9900054931641,190.7400054931641,186.27999877929688,187.1499938964844,37417700,1.8400115966796875,0.7785456851548744,4.460006713867216,187.34950103759766,187.72799987792968,0.5850542527845638
2024-10-21,189.07000732421875,189.4600067138672,186.3999938964844,188.0500030517578,24639400,1.0200042724609375,0.04233124965835611,3.060012817382784,187.10900115966797,188.03400268554688,0.4415168059640683
2024-10-22,189.6999969482422,191.5200042724609,186.97999572753903,188.3500061035156,29650600,1.349990844726591,0.3332044214411578,4.540008544921875,186.89600067138673,188.43600158691407,0.4440700773367922
2024-10-23,184.7100067138672,189.16000366210935,183.69000244140625,188.8500061035156,31937100,-4.139999389648409,-2.6304640562205495,5.470001220703097,186.50500106811523,188.0000030517578,1.3691602980860664
2024-10-24,186.3800048828125,187.1100006103516,183.8600006103516,185.25,21647400,1.1300048828125,0.9041189476714617,3.25,186.2660011291504,187.77000427246094,1.4482943042772356
2024-10-25,187.8300018310547,190.4499969482422,187.52999877929688,187.8500061035156,29362100,-0.02000427246090908,0.7779788122410869,2.9199981689453125,186.25900115966797,187.53800354003906,1.448206942311167
2024-10-28,188.38999938964844,190.2100067138672,188.2100067138672,189.57000732421875,27930800,-1.1800079345703125,0.2981406341556969,2.0,186.36200103759765,187.402001953125,1.459609175917744
2024-10-29,190.8300018310547,191.4600067138672,187.82000732421875,188.5800018310547,35690200,2.25,1.2951868195294036,3.6399993896484375,186.64700088500976,187.6280029296875,1.5831317863032777
2024-10-30,192.72999572753903,195.6100006103516,192.4199981689453,194.6999969482422,37707600,-1.9700012207031534,0.9956473710912794,3.1900024414062784,187.0455009460449,189.23200073242188,0.36468490573257706
2024-10-31,186.3999938964844,190.6000061035156,185.22999572753903,190.50999450683597,75146800,-4.1100006103515625,-3.2843885079535395,5.3700103759765625,187.2675003051758,189.23599853515626,1.8807449272923904
2024-11-01,197.92999267578125,200.5,197.0200042724609,199.0,99687800,-1.07000732421875,6.185621865256041,3.479995727539091,187.83850021362304,191.25599670410156,3.3829853301993533
2024-11-04,195.77999877929688,197.3300018310547,194.30999755859372,196.4499969482422,38492100,-0.6699981689453125,-1.086239567545566,3.020004272460966,188.5875,192.73399658203124,3.518746226760526
2024-11-05,199.5,199.82000732421875,195.9900054931641,196.0399932861328,30564800,3.4600067138671875,1.9000925752873599,3.830001831054659,189.42649993896484,194.4679962158203,3.549383930518168
2024-11-06,207.08999633789065,207.5500030517578,199.13999938964844,200.00999450683597,72292200,7.0800018310546875,3.8045094425517068,8.410003662109375,190.52249984741212,197.33999633789065,3.7750768800256447
2024-11-07,210.0500030517578,212.25,207.19000244140625,207.44000244140625,52878400,2.6100006103515625,1.429333510169939,5.05999755859375,191.69250030517577,202.06999816894532,2.722069958204783
2024-11-08,208.17999267578125,209.9600067138672,207.44000244140625,209.72000122070312,36075800,-1.540008544921875,-0.8902691496347037,2.5200042724609375,192.6604995727539,204.1199981689453,2.048189656227164
2024-11-11,206.83999633789065,209.6499938964844,205.58999633789065,208.5,35456000,-1.6600036621093466,-0.6436720074140423,4.05999755859375,193.6254997253418,206.33199768066407,1.940524645384872
2024-11-12,208.91000366210935,209.5399932861328,206.00999450683597,208.3699951171875,38942900,0.5400085449218466,1.000777103494599,3.5299987792968466,194.68649978637694,208.21399841308593,1.891193907426128
2024-11-13,214.1000061035156,215.08999633789065,209.13999938964844,209.3999938964844,46212900,4.700012207031193,2.4843245179395845,5.949996948242216,196.0470001220703,209.61600036621093,1.4263381711684069
2024-11-14,211.47999572753903,215.8999938964844,210.8800048828125,214.16000366210935,42620300,-2.6800079345703125,-1.2237320417028852,5.019989013671903,197.24449996948243,209.9019989013672,1.5630103663363437
2024-11-15,202.6100006103516,207.33999633789065,199.6100006103516,206.75999450683597,86591100,-4.149993896484375,-4.194247823144048,7.7299957275390625,197.9254997253418,208.78800048828126,2.517401907089675
2024-11-18,201.6999969482422,204.6699981689453,200.9499969482422,204.1499938964844,36409900,-2.449996948242216,-0.4491405455644193,3.720001220703125,198.55699920654297,207.76000061035157,2.516425170783719
2024-11-19,204.6100006103516,205.3000030517578,198.77999877929688,199.3300018310547,31197900,5.279998779296903,1.4427385751801136,6.5200042724609375,199.30249938964843,206.9,2.5880282344567775
2024-11-20,202.8800048828125,203.1300048828125,199.4499969482422,202.97999572753903,32769000,-0.09999084472653408,-0.8455088814713463,3.6800079345703125,200.21099929809571,204.65599975585937,2.0330391273454866
2024-11-21,198.3800048828125,203.4900054931641,195.75,203.4900054931641,58800000,-5.110000610351591,-2.2180598835253806,7.740005493164091,200.8109992980957,202.0360015869141,2.1012808423488227
2024-11-22,197.1199951171875,199.25999450683597,196.75,198.25,31530800,-1.1300048828125,-0.6351495788949668,2.509994506835966,201.27549896240234,200.93800048828126,1.3093678385162495
2024-11-25,201.4499969482422,201.9499969482422,199.0,199.27999877929688,40685700,2.1699981689453125,2.1966324768223133,2.9499969482421875,201.92849884033203,200.88800048828125,1.7988937098571383
2024-11-26,207.8600006103516,208.0,201.7899932861328,201.8999938964844,41673700,5.9600067138671875,3.181932866326287,6.2100067138671875,202.77999877929688,201.53800048828126,2.2596240682344386
2024-11-27,205.7400054931641,207.63999938964844,205.0500030517578,206.97999572753903,28061600,-1.2399902343749432,-1.0199148999145757,2.589996337890625,203.4304992675781,202.11000061035156,2.283640270064338
2024-11-29,207.88999938964844,208.1999969482422,204.58999633789065,205.8300018310547,24892400,2.05999755859375,1.0450052683389277,3.610000610351534,204.50499954223633,204.01199951171876,1.7984603316486247
2024-12-02,210.7100067138672,212.9900054931641,209.50999450683597,209.9600067138672,39523200,0.75,1.356490130596999,3.480010986328125,205.1440002441406,206.7300018310547,1.5638337931896178
2024-12-03,213.44000244140625,214.0200042724609,209.6499938964844,210.30999755859372,32214800,3.1300048828125284,1.2956175029913197,4.370010375976506,206.0270004272461,209.1280029296875,1.4924615959658136
2024-12-04,218.16000366210935,220.0,215.75,215.9600067138672,48745700,2.199996948242159,2.2113948494724367,4.25,206.96000061035156,211.18800354003906,1.2001616317337553
2024-12-05,220.5500030517578,222.1499938964844,217.3000030517578,218.02999877929688,41140200,2.5200042724609375,1.0955259211262947,4.849990844726591,207.63300094604492,214.1500030517578,0.4716653703309938
2024-12-06,227.02999877929688,227.1499938964844,220.6000061035156,220.75,44178100,6.279998779296875,2.9381072944344444,6.549987792968807,208.48200073242188,217.9780029296875,0.7761771959851089
2024-12-09,226.08999633789065,230.0800018310547,225.6699981689453,227.2100067138672,46819400,-1.120010375976534,-0.4140432746599365,4.410003662109375,209.37750091552735,221.0540008544922,1.2664204668604815
2024-12-10,225.0399932861328,229.05999755859372,224.1999969482422,226.08999633789065,31199900,-1.050003051757841,-0.4644181824783655,4.860000610351534,210.28750076293946,223.3739990234375,1.5288907210666547
2024-12-11,230.25999450683597,231.1999969482422,226.25999450683597,226.41000366210935,35385800,3.8499908447266193,2.319588240507131,4.940002441406222,211.3550003051758,225.79399719238282,1.549649782636323
2024-12-12,228.97000122070312,231.08999633789065,227.6300048828125,229.8300018310547,28204100,-0.8600006103515625,-0.5602333522571779,3.4599914550781534,212.09850006103517,227.47799682617188,1.7173372019825084
2024-12-13,227.4600067138672,230.1999969482422,225.8600006103516,228.3999938964844,28768100,-0.9399871826172159,-0.6594726378065796,4.339996337890597,212.89750061035156,227.56399841308593,1.275398547754962
2024-12-16,232.92999267578125,233.0,228.00999450683597,230.22999572753903,37552100,2.699996948242216,2.4048121869595374,4.990005493164034,214.41350021362305,228.93199768066407,1.6030755702718622
2024-12-17,231.1499938964844,232.72999572753903,227.8500061035156,232.38999938964844,35948100,-1.240005493164034,-0.7641775792155969,4.8799896240234375,215.88600006103516,230.15399780273438,1.6578794943857467
2024-12-18,220.5200042724609,231.3999938964844,220.1100006103516,230.7700042724609,43281400,-10.25,-4.598741035997566,11.289993286132812,216.68150024414064,228.20599975585938,2.4886467402867933
2024-12-19,223.2899932861328,226.08999633789065,222.9199981689453,224.91000366210935,39918700,-1.620010375976534,1.2561168873593376,3.169998168945341,217.70199966430664,227.06999816894532,2.6651895436221222
2024-12-20,224.9199981689453,226.2100067138672,218.72999572753903,219.83999633789065,88279200,5.080001831054659,0.729994595290151,7.480010986328153,219.02899932861328,226.56199645996094,2.7128064367136013
2024-12-23,225.05999755859372,226.8800048828125,223.8999938964844,225.00999450683597,28070000,0.05000305175775566,0.06224408269079884,2.9800109863280966,220.4259994506836,224.98799743652344,2.32646281488225
2024-12-24,229.0500030517578,229.13999938964844,226.1300048828125,226.94000244140625,15007500,2.1100006103515625,1.7728630305015924,3.0099945068359375,221.80599975585938,224.56799926757813,2.5634522758279625
2024-12-26,227.0500030517578,228.5,226.6699981689453,228.5,16146700,-1.4499969482421875,-0.873171784917226,1.8300018310546875,222.7654998779297,225.8739990234375,1.0346342784658664
2024-12-27,223.75,226.02999877929688,220.8999938964844,225.6000061035156,27367100,-1.8500061035155966,-1.4534256804240364,5.130004882812472,223.66599960327147,225.96600036621095,1.2789945347414915
2024-12-30,221.3000030517578,223.0,218.42999267578125,220.05999755859372,28321200,1.240005493164091,-1.0949707031249978,4.57000732421875,224.33649978637695,225.24200134277345,1.2958956294743396
2024-12-31,219.38999938964844,223.22999572753903,218.94000244140625,222.97000122070312,24819700,-3.5800018310546875,-0.8630834323407832,4.289993286132784,224.770499420166,224.10800170898438,1.2942155912859554
2025-01-02,220.22000122070312,225.1499938964844,218.19000244140625,222.02999877929688,33956600,-1.80999755859375,0.3783225458606987,6.959991455078153,225.10949935913087,222.34200134277344,0.6910129589916653
2025-01-03,224.19000244140625,225.3600006103516,221.6199951171875,222.50999450683597,27515600,1.680007934570284,1.8027432561515733,3.740005493164091,225.4109992980957,221.77000122070314,1.3366513688689046
2025-01-06,227.6100006103516,228.83999633789065,224.83999633789065,226.77999877929688,31849800,0.8300018310547159,1.5254909370185699,4.0,225.76399917602538,222.54200134277343,1.3278323855235534
2025-01-07,222.1100006103516,228.3800048828125,221.4600067138672,227.8999938964844,28084200,-5.7899932861328125,-2.416414035082548,6.9199981689453125,225.51799926757812,222.7040008544922,1.7512586667211758
2025-01-08,222.1300048828125,223.5200042724609,220.1999969482422,223.19000244140625,25033300,-1.05999755859375,0.009006470850447812,3.3200073242187216,225.31999969482422,223.252001953125,1.6749413411383467
2025-01-10,218.94000244140625,221.7100067138672,216.5,221.4600067138672,36811500,-2.5200042724609375,-1.4360970473526025,5.2100067138671875,225.0150001525879,222.99600219726562,1.8320356001305664
2025-01-13,218.4600067138672,219.3999938964844,216.47000122070312,218.05999755859372,27262700,0.4000091552734659,-0.21923619356289947,2.9299926757812784,224.42500076293945,221.85000305175782,1.4990974254285052
2025-01-14,217.75999450683597,221.82000732421875,216.1999969482422,220.44000244140625,24711700,-2.680007934570284,-0.3204303696411004,5.6200103759765625,223.8645004272461,219.8800018310547,1.0258916677374454
2025-01-15,223.3500061035156,223.57000732421875,220.75,222.8300018310547,31291300,0.5200042724609091,2.567051679689558,2.82000732421875,223.65900039672852,220.1280029296875,1.4774030928912458
2025-01-16,220.66000366210935,224.6499938964844,220.30999755859372,224.4199981689453,24757300,-3.759994506835966,-1.2043887924316987,4.339996337890682,223.0455009460449,219.83400268554686,1.5951679417792715
2025-01-17,225.94000244140625,226.50999450683597,223.0800018310547,225.83999633789065,42370100,0.10000610351559658,2.3928209424767477,3.4299926757812784,222.785001373291,221.23400268554687,1.721071086874416
2025-01-21,230.7100067138672,231.77999877929688,226.94000244140625,228.8999938964844,39951500,1.810012817382784,2.1111818274402117,4.839996337890625,223.29450149536132,223.6840026855469,1.7445284398407361
2025-01-22,235.00999450683597,235.44000244140625,231.19000244140625,232.0200042724609,41448200,2.989990234375057,1.8638063663626525,4.25,223.8805015563965,227.13400268554688,1.5608268714655686
2025-01-23,235.4199981689453,235.5200042724609,231.50999450683597,234.1000061035156,26404400,1.319992065429716,0.17446222360446573,4.010009765624943,224.40550155639647,229.54800109863282,1.5361352733874638
2025-01-24,234.8500061035156,236.3999938964844,232.92999267578125,234.5,25890700,0.3500061035155966,-0.2421170970448583,3.4700012207031534,224.89500198364257,232.38600158691406,1.2048987459113756
2025-01-27,235.4199981689453,235.6100006103516,225.8600006103516,226.2100067138672,49428300,9.209991455078125,0.24270472668350695,9.75,225.21350173950196,234.28200073242186,1.0763669288308262
2025-01-28,238.1499938964844,241.7700042724609,233.97999572753903,234.2899932861328,41587200,3.860000610351591,1.1596277923594078,7.790008544921875,225.76850128173828,235.7699981689453,0.8544609607301922
2025-01-29,237.07000732421875,240.38999938964844,236.1499938964844,239.0200042724609,26091700,-1.949996948242159,-0.4534900692607535,4.240005493164034,226.43450164794922,236.18200073242187,0.6210988027865552
2025-01-30,234.63999938964844,237.9499969482422,232.22000122070312,237.13999938964844,32020700,-2.5,-1.0250170242948609,5.7299957275390625,227.10150146484375,236.0260009765625,0.8213272970052923
2025-01-31,237.67999267578125,240.2899932861328,236.41000366210935,236.5,36110200,1.17999267578125,1.2955989149507907,3.879989624023466,228.0160011291504,236.5919982910156,1.0051284430596825
2025-02-03,237.4199981689453,239.25,232.8999938964844,234.05999755859372,37285900,3.360000610351591,-0.10938846972727845,6.350006103515597,228.8760009765625,236.99199829101562,1.0174894941565387
2025-02-04,242.05999755859372,242.5200042724609,238.02999877929688,239.00999450683597,29713800,3.0500030517577557,1.9543422733693472,4.490005493164034,229.76950073242188,237.7739990234375,1.246377763589423
2025-02-05,236.1699981689453,238.32000732421875,235.1999969482422,237.0200042724609,38727300,-0.8500061035155966,-2.4332807771026532,3.1200103759765625,230.19750061035157,237.5939971923828,1.765029671138111
2025-02-06,238.8300018310547,239.66000366210935,236.00999450683597,238.00999450683597,60897100,0.8200073242187216,1.1263088803542765,3.6500091552733807,231.03350067138672,238.43199768066407,1.7339996695028792
2025-02-07,229.1499938964844,234.80999755859372,228.05999755859372,232.5,77539300,-3.3500061035155966,-4.0530954487944975,6.75,231.3845001220703,236.7259979248047,2.498860973899792
2025-02-10,233.13999938964844,233.9199981689453,229.1999969482422,230.5500030517578,35419900,2.589996337890625,1.7412199866636113,4.720001220703125,232.09449996948243,235.8699981689453,2.7346935421870597
2025-02-11,232.75999450683597,233.44000244140625,230.1300048828125,231.9199981689453,23713700,0.8399963378906534,-0.16299428832774465,3.30999755859375,232.80949935913085,234.00999755859374,2.440028620851363
2025-02-12,228.92999267578125,231.17999267578125,228.16000366210935,230.4600067138672,32285200,-1.5300140380859375,-1.645472556041938,3.0199890136719034,233.3679992675781,232.56199645996094,2.3275148384220206
2025-02-13,230.3699951171875,230.4199981689453,227.5200042724609,228.8500061035156,31346500,1.5199890136719034,0.6290143220533118,2.8999938964844034,233.71899871826173,230.8699951171875,2.2445134009435863
2025-02-14,228.67999267578125,229.88999938964844,227.22999572753903,229.1999969482422,27031100,-0.5200042724609375,-0.7336035409240549,2.6600036621094034,234.1199981689453,230.77599487304687,1.293630719895874
2025-02-18,226.6499938964844,229.3000030517578,223.72000122070312,228.82000732421875,42975100,-2.1700134277343466,-0.8877028355405603,5.5800018310546875,234.1554977416992,229.47799377441407,0.8495802619125628
2025-02-19,226.6300048828125,226.8300018310547,223.7100067138672,225.5200042724609,28566700,1.110000610351591,-0.00881933122002243,3.1199951171875,233.95149765014648,228.2519958496094,0.8701473866617359
2025-02-20,222.8800048828125,225.1300048828125,221.80999755859372,224.77999877929688,30001700,-1.899993896484375,-1.6546793977871843,3.3200073242187784,233.34499816894532,227.04199829101563,0.8731045541396489
2025-02-21,216.5800018310547,223.30999755859372,214.7400054931641,223.27999877929688,55323900,-6.6999969482421875,-2.8266344731418536,8.56999206542963,232.4029983520508,224.28399963378905,1.0705320954661182
2025-02-24,212.7100067138672,217.72000122070312,212.4199981689453,217.4499969482422,42387600,-4.739990234375,-1.7868663239768212,5.3000030517578125,231.29599838256837,221.09000244140626,1.0538287019902521
2025-02-25,212.8000030517578,213.33999633789065,204.16000366210935,211.6300048828125,58958000,1.1699981689453125,0.0423094048469963,9.179992675781307,230.16499862670898,218.32000427246095,1.2397896291956985
2025-02-26,214.3500061035156,218.16000366210935,213.08999633789065,214.94000244140625,39120600,-0.5899963378906534,0.7283848822975836,5.070007324218693,228.97499923706056,215.86400451660157,1.449877751335355
2025-02-27,208.7400054931641,219.97000122070312,208.3699951171875,218.3500061035156,40548600,-9.610000610351506,-2.617215045770649,11.600006103515625,227.55849914550782,213.03600463867187,1.5983215589083901
2025-02-28,212.27999877929688,212.6199951171875,206.9900054931641,208.6499938964844,51771700,3.6300048828124716,1.6958863624484843,5.629989624023409,226.44049911499025,212.1760040283203,1.781873257578089
2025-03-03,205.0200042724609,214.00999450683597,202.5500030517578,213.3500061035156,42948400,-8.330001831054688,-3.4200087377916577,11.459991455078153,224.80749969482423,210.63800354003905,2.202540638738822
2025-03-04,203.8000030517578,206.8000030517578,197.42999267578125,200.1100006103516,60853100,3.6900024414062216,-0.5950644792113935,9.370010375976562,223.12649993896486,208.83800354003907,2.1659564713478776
2025-03-05,208.3600006103516,209.97999572753903,203.25999450683597,204.8000030517578,38610100,3.5599975585937784,2.2374865016246748,6.720001220703068,221.44150009155274,207.64000244140624,2.516243411825524
2025-03-06,200.6999969482422,205.7700042724609,198.3000030517578,204.3999938964844,49863800,-3.699996948242216,-3.676331176651404,7.470001220703097,219.6680000305176,206.03200073242186,2.766938227772505
2025-03-07,199.25,202.2700042724609,192.52999877929688,199.4900054931641,59802800,-0.24000549316409092,-0.7224698407026442,9.740005493164034,217.68899993896486,203.4260009765625,2.422020223495123
2025-03-10,194.5399932861328,196.72999572753903,190.8500061035156,195.6000061035156,62350900,-1.060012817382784,-2.363867861413893,5.8799896240234375,215.95849990844727,201.3299987792969,2.2216157893940185
2025-03-11,196.58999633789065,200.17999267578125,193.3999938964844,193.8999938964844,54002900,2.69000244140625,1.0537694677220655,6.779998779296847,214.13099975585936,199.88799743652345,2.415154201903373
2025-03-12,198.88999938964844,201.5200042724609,195.2899932861328,200.72000122070312,43679300,-1.8300018310546875,1.1699491808345286,6.230010986328097,212.4375,197.9939971923828,2.1203798124239994
2025-03-13,193.88999938964844,198.8800048828125,191.82000732421875,198.1699981689453,41270800,-4.279998779296875,-2.5139524437347016,7.05999755859375,210.68550033569335,196.63199768066406,1.7768479808272943
2025-03-14,197.9499969482422,198.6499938964844,195.32000732421875,197.41000366210935,38096700,0.5399932861328409,2.093969555611075,3.3299865722656534,209.0645004272461,196.3719970703125,2.16269497607383
2025-03-17,195.7400054931641,199.0,194.32000732421875,198.7700042724609,47341800,-3.029998779296818,-1.1164392468548168,4.67999267578125,207.41750106811523,196.61199951171878,1.8931348247303148
2025-03-18,192.82000732421875,194.0,189.3800048828125,192.5200042724609,40414900,0.3000030517578409,-1.4917738259935365,4.6199951171875,205.72600173950195,195.85800170898438,1.9270869204306766
2025-03-19,195.5399932861328,195.97000122070312,191.9600067138672,193.3800048828125,39442900,2.1599884033203125,1.4106347155876442,4.0099945068359375,204.17150115966797,195.18800048828126,1.977566721588047
2025-03-20,194.9499969482422,199.32000732421875,192.3000030517578,193.07000732421875,38921100,1.8799896240234375,-0.3017266841301769,7.0200042724609375,202.77500076293944,195.4,1.5705682375740493
2025-03-21,196.2100067138672,196.9900054931641,192.5200042724609,192.8999938964844,60056900,3.310012817382784,0.6463245885351521,4.470001220703182,201.7565010070801,195.052001953125,1.206749287935222
2025-03-24,203.25999450683597,203.63999938964844,199.9499969482422,200.0,41625400,3.259994506835966,3.593082692897398,3.69000244140625,201.28400039672852,196.55599975585938,1.9144003437349375
2025-03-25,205.7100067138672,206.2100067138672,203.22000122070312,203.6000061035156,31171200,2.110000610351591,1.2053587883713357,2.9900054931640625,200.92950057983398,199.13399963378907,1.4380254664014473
2025-03-26,201.1300048828125,206.00999450683597,199.92999267578125,205.83999633789065,32855300,-4.709991455078153,-2.2264360904062586,6.080001831054716,200.26850051879882,200.252001953125,2.1288265676561484
2025-03-27,201.3600006103516,203.7899932861328,199.27999877929688,200.88999938964844,27317700,0.4700012207031534,0.11435177345771042,4.5099945068359375,199.8995002746582,201.53400268554688,2.093418793507487
2025-03-28,192.72000122070312,199.25999450683597,191.8800048828125,198.4199981689453,52548200,-5.6999969482421875,-4.2908220915074295,7.379989624023466,198.9215003967285,200.83600158691405,3.0507998836334957
2025-03-31,190.25999450683597,191.3300018310547,184.3999938964844,188.19000244140625,63547600,2.069992065429716,-1.276466738421178,6.930007934570284,198.18349990844726,198.23600158691406,2.1260840160901604
2025-04-01,192.1699981689453,193.92999267578125,187.1999969482422,187.8600006103516,41267300,4.309997558593722,1.0038913682617112,6.7299957275390625,197.60199966430665,195.5279998779297,2.067970141948691
2025-04-02,196.00999450683597,198.33999633789065,187.66000366210935,187.66000366210935,53679200,8.34999084472662,1.9982288465834053,10.679992675781307,196.9844993591309,194.5039978027344,2.4419773569643186
2025-04-03,178.41000366210938,184.1300048828125,176.9199981689453,183.0,95553600,-4.589996337890625,-8.979129298487265,7.2100067138671875,195.86999969482423,189.91399841308595,4.4444301674497515
2025-04-04,171.0,178.13999938964844,166.0,167.14999389648438,123159400,3.850006103515625,-4.153356599971369,12.139999389648438,194.45749969482424,185.56999816894535,4.429504841443502
2025-04-07,175.25999450683594,183.41000366210935,161.3800048828125,162.0,109327100,13.259994506835938,2.4912248577988017,22.029998779296847,193.4934997558594,182.56999816894532,4.934844404559665
2025-04-08,170.66000366210938,185.8999938964844,168.57000732421875,185.22999572753903,87710400,-14.569992065429659,-2.6246667744515673,17.329986572265653,192.19700012207034,178.26799926757812,4.73209576954935
2025-04-09,191.1000061035156,192.6499938964844,169.92999267578125,172.1199951171875,116804300,18.980010986328097,11.977031526306249,22.720001220703153,191.80750045776367,177.28600158691407,7.9700571583266795
2025-04-10,181.22000122070312,186.8699951171875,175.85000610351562,185.44000244140625,68302000,-4.220001220703125,-5.1700704171933065,11.019989013671875,191.17400054931642,177.8480010986328,7.057870011871597
2025-04-11,184.8699951171875,185.8600006103516,178.0,179.92999267578125,50594300,4.94000244140625,2.0141230945248445,7.860000610351591,190.52000045776367,180.62200012207032,6.561929125807289
2025-04-14,182.1199951171875,187.44000244140625,179.22999572753906,186.83999633789065,48002500,-4.720001220703153,-1.4875318183769082,8.210006713867188,189.83899993896483,181.99400024414064,6.687722145641701
2025-04-15,179.58999633789062,182.3500061035156,177.92999267578125,181.41000366210935,43642000,-1.8200073242187216,-1.3891933050343641,4.420013427734347,189.17749938964843,183.77999877929688,6.544293928974905
2025-04-16,174.3300018310547,179.10000610351562,171.41000366210938,176.2899932861328,51875300,-1.959991455078125,-2.9288905919567454,7.69000244140625,188.11699981689452,180.42599792480468,2.6194181887770447
2025-04-17,172.61000061035156,176.2100067138672,172.0,176.0,44726500,-3.3899993896484375,-0.9866352335440198,4.2100067138671875,187.0,178.70399780273436,1.8155611263796192
2025-04-21,167.32000732421875,169.60000610351562,165.2899932861328,169.60000610351562,48126100,-2.279998779296875,-3.0647084568839134,4.3100128173828125,185.55550003051758,175.19400024414062,0.9558983096220347
2025-04-22,173.17999267578125,176.77999877929688,169.35000610351562,169.85000610351562,56607200,3.329986572265625,3.5022621892476513,7.42999267578125,184.05149993896484,173.40599975585937,2.6646822412706914
2025-04-23,180.6000061035156,187.3800048828125,180.19000244140625,183.4499969482422,63470100,-2.849990844726591,4.284567352780599,7.19000244140625,182.79599990844727,173.60800170898435,3.5155911938673317
2025-04-24,186.5399932861328,186.7400054931641,180.17999267578125,180.9199981689453,43763200,5.6199951171875,3.2890293365840595,6.560012817382841,182.06649932861328,176.05,3.237985334417733
2025-04-25,188.9900054931641,189.94000244140625,185.4900054931641,187.6199951171875,36414300,1.370010375976591,1.3133978209558528,4.449996948242159,181.4479995727539,179.3260009765625,2.965176368928829
2025-04-28,187.6999969482422,190.22000122070312,184.88999938964844,190.1100006103516,33224700,-2.4100036621094034,-0.6825802991833663,5.3300018310546875,181.19699935913087,183.4019989013672,2.0138735717465743
2025-04-29,187.38999938964844,188.0200042724609,183.67999267578125,183.9900054931641,41667300,3.3999938964843466,-0.16515586767922308,4.340011596679659,181.0534996032715,186.24400024414064,2.1486916133083196
2025-04-30,184.4199981689453,185.0500030517578,178.85000610351562,182.1699981689453,55176500,2.25,-1.5849304820837684,6.1999969482421875,180.66599960327147,187.00799865722655,1.9109129126265856
2025-05-01,190.1999969482422,191.80999755859372,187.5,190.6300048828125,74266000,-0.4300079345703125,3.1341496782804956,4.309997558593722,180.3754997253418,187.73999938964843,1.8534532656830471
2025-05-02,189.97999572753903,192.8800048828125,186.3999938964844,191.44000244140625,77903500,-1.460006713867216,-0.11566836184704332,6.480010986328097,180.95399932861326,187.93799743652343,1.7869551315974515
2025-05-05,186.3500061035156,188.17999267578125,185.52999877929688,186.50999450683597,35217500,-0.15998840332036934,-1.910722026349243,2.649993896484375,181.72149963378905,187.66799926757812,1.9964904408187287
2025-05-06,185.00999450683597,187.92999267578125,183.8500061035156,184.57000732421875,29314100,0.4399871826172159,-0.7190832051463758,4.079986572265653,182.20899963378903,187.19199829101564,2.014324477970088
2025-05-07,188.7100067138672,190.9900054931641,185.00999450683597,185.55999755859372,43948600,3.150009155273466,1.99989855515319,5.980010986328125,183.11149978637692,188.05,2.0532138930433197
2025-05-08,192.0800018310547,194.3300018310547,188.82000732421875,191.42999267578125,41043600,0.6500091552734375,1.785806262143419,5.5099945068359375,183.1604995727539,188.4260009765625,1.669850331975053
2025-05-09,193.05999755859372,194.69000244140625,191.16000366210935,193.3800048828125,29663100,-0.3200073242187784,0.5102018524557161,3.5299987792969034,183.75249938964845,189.04200134277343,1.6629615663366353
2025-05-12,208.63999938964844,211.66000366210935,205.75,210.7100067138672,75205000,-2.07000732421875,8.070031092964335,5.910003662109347,184.94099960327148,193.5,3.3897508185469647
2025-05-13,211.3699951171875,214.83999633789065,210.1000061035156,211.0800018310547,56193700,0.2899932861328125,1.308471882441209,4.739990234375057,186.40349960327148,198.77200012207032,3.036799666050461
2025-05-14,210.25,211.92999267578125,208.8500061035156,211.4499969482422,38492100,-1.1999969482421875,-0.5298742220089303,3.0799865722656534,187.93649978637694,203.0799987792969,3.381090465809877
2025-05-15,205.1699981689453,206.8800048828125,202.6699981689453,206.4499969482422,64347300,-1.279998779296875,-2.41617209562649,4.2100067138671875,189.47849960327147,205.697998046875,3.9867392467940204
2025-05-16,205.58999633789065,206.8500061035156,204.3699951171875,206.8500061035156,43318500,-1.2600097656249432,0.20470740005538168,2.4800109863280966,191.12749938964845,208.20399780273436,4.005860412224923
2025-05-19,206.16000366210935,206.6199951171875,201.25999450683597,201.6499938964844,34314800,4.510009765624943,0.27725440652368594,5.360000610351534,193.06949920654296,207.70799865722657,1.3858607406648153
2025-05-20,204.07000732421875,205.58999633789065,202.6499938964844,204.6300048828125,29470400,-0.55999755859375,-1.01377391383638,2.94000244140625,194.61399993896484,206.2480010986328,1.1006892290814305
2025-05-21,201.1199951171875,203.4600067138672,200.05999755859372,201.6100006103516,42460900,-0.4900054931640909,-1.4455883280997672,3.400009155273466,195.63999938964844,204.4220001220703,1.1416468331941583
2025-05-22,203.1000061035156,205.75999450683597,200.16000366210935,201.3800048828125,38938900,1.7200012207030966,0.9844923599835909,5.599990844726619,196.46800003051757,204.00800170898438,1.0010357393626446
2025-05-23,200.9900054931641,202.3699951171875,197.8500061035156,198.8999938964844,33393500,2.0900115966796875,-1.0388973643240984,4.519989013671903,197.06800003051757,203.08800354003907,1.0298626331506286
2025-05-27,206.0200042724609,206.69000244140625,202.19000244140625,203.08999633789065,34892000,2.9300079345702557,2.502611394509313,4.5,197.9840003967285,203.06000366210938,1.6903427910117144
2025-05-28,204.72000122070312,207.66000366210935,204.41000366210935,205.9199981689453,28549800,-1.1999969482421875,-0.631008166584901,3.25,198.85050048828126,203.19000244140625,1.641026726636725
2025-05-29,205.6999969482422,208.80999755859372,204.22999572753903,208.02999877929688,34650000,-2.3300018310546875,0.4787005283780621,4.5800018310546875,199.91450042724608,204.1060028076172,1.403984688191754
2025-05-30,205.00999450683597,205.9900054931641,201.6999969482422,204.83999633789065,51679400,0.1699981689453125,-0.33544115296211263,4.290008544921903,200.65500030517578,204.48800048828124,1.4046099249649848
2025-06-02,206.6499938964844,207.0,202.67999267578125,204.97999572753903,29113300,1.6699981689453693,0.7999607012299847,4.32000732421875,201.48850021362304,205.6199981689453,1.2306706644667904
2025-06-03,205.7100067138672,208.9499969482422,205.02999877929688,207.1100006103516,33139100,-1.3999938964844034,-0.454869204152053,3.9199981689453125,202.4565002441406,205.55799865722656,0.6290109627330792
2025-06-04,207.22999572753903,208.17999267578125,205.17999267578125,206.5500030517578,29915600,0.6799926757812216,0.738898917924824,3.0,203.56750030517577,206.05999755859375,0.5985944538379355
2025-06-05,207.91000366210935,212.80999755859372,207.55999755859372,209.5500030517578,51864200,-1.639999389648466,0.32814165352026414,5.25,204.5275001525879,206.5019989013672,0.5876137706125505
2025-06-06,213.57000732421875,213.8699951171875,210.5,212.3999938964844,39832500,1.1700134277343466,2.7223334916139486,3.3699951171875,205.60200042724608,208.21400146484376,1.1718393893848023
2025-06-09,216.97999572753903,217.8500061035156,212.8800048828125,214.75,38102500,2.229995727539034,1.5966607137600564,4.970001220703097,206.79800033569336,210.28000183105468,1.2204200959083513
2025-06-10,217.6100006103516,217.69000244140625,214.1499938964844,216.77999877929688,31303300,0.8300018310547159,0.29035159702170965,3.5400085449218466,207.24650039672852,212.66000061035157,1.0312741181399299
2025-06-11,213.1999969482422,218.3999938964844,212.88999938964844,217.41000366210935,39326000,-4.210006713867159,-2.0265629565462295,5.509994506835966,207.33800048828124,213.8540008544922,1.7723337155947079
2025-06-12,213.2400054931641,213.5800018310547,211.3300018310547,211.77999877929688,27640000,1.460006713867216,0.01876573428452044,2.25,207.48750076293945,214.9200012207031,1.7887445101935286
2025-06-13,212.1000061035156,214.0500030517578,209.6199951171875,209.9600067138672,29337800,2.139999389648409,-0.5346085913907173,4.4300079345703125,207.83400115966796,214.6260009765625,1.3172734408290245
2025-06-16,216.1000061035156,217.05999755859372,211.6000061035156,212.30999755859372,33284200,3.790008544921875,1.8859028217320217,5.459991455078125,208.35950164794923,214.45000305175782,1.4148530002910145
2025-06-17,214.82000732421875,217.41000366210935,214.55999755859372,215.1999969482422,32086300,-0.3799896240234375,-0.5923177895162612,2.850006103515625,208.7925018310547,213.89200439453126,1.4132122154494302
2025-06-18,212.5200042724609,217.9600067138672,212.33999633789065,215.08999633789065,44360500,-2.5699920654297443,-1.0706651956707836,5.620010375976534,209.2150016784668,213.756005859375,1.1535587867109316
2025-06-20,209.69000244140625,214.88999938964844,208.2700042724609,214.67999267578125,75350700,-4.989990234375,-1.3316402099382896,6.619995117187528,209.64350204467775,213.04600524902344,1.2818697043214404
2025-06-23,208.47000122070312,210.38999938964844,207.30999755859372,209.7899932861328,37311700,-1.3199920654296875,-0.5818118205440093,3.080001831054716,209.9120018005371,212.32000427246095,1.2839377517539976
2025-06-24,212.7700042724609,214.33999633789065,211.0500030517578,212.13999938964844,38378800,0.6300048828124716,2.062648355436747,3.289993286132841,210.50100173950196,211.65400390625,1.3606196378758493
2025-06-25,211.9900054931641,216.02999877929688,211.1100006103516,214.6199951171875,31755700,-2.629989624023409,-0.36659245365150417,4.919998168945284,210.79950180053712,211.08800354003907,1.3523297004302997
2025-06-26,217.1199951171875,218.0399932861328,212.00999450683597,213.1199951171875,50480800,4.0,2.4199205109171285,6.029998779296847,211.41950149536132,212.00800170898438,1.6871923020814752
2025-06-27,223.3000030517578,223.3000030517578,216.7400054931641,219.9199981689453,119217100,3.3800048828125,2.8463559660798277,6.559997558593722,212.29950180053712,214.7300018310547,1.6234964048128075
2025-06-30,219.38999938964844,223.82000732421875,219.1199951171875,223.5200042724609,58887800,-4.130004882812472,-1.7510092291414314,4.70001220703125,213.01850204467775,216.91400146484375,1.998819736531903
2025-07-01,220.4600067138672,221.8800048828125,217.92999267578125,219.5,39256800,0.9600067138671875,0.487719279454657,3.95001220703125,213.70900268554686,218.452001953125,1.9203761764412248
2025-07-02,219.9199981689453,221.6000061035156,219.05999755859372,219.72999572753903,30894200,0.19000244140627842,-0.24494626166946531,2.540008544921875,214.41950225830078,220.03800048828126,1.9037519746776554
2025-07-03,223.41000366210935,224.00999450683597,221.3600006103516,221.82000732421875,29632400,1.5899963378905966,1.5869432167251007,2.649993896484375,215.2285026550293,221.29600219726564,1.751630274098677
2025-07-07,223.47000122070312,224.2899932861328,222.3699951171875,223.0,36604100,0.470001220703125,0.026855359030619752,1.9199981689453125,216.006502532959,221.3300018310547,1.2125163285559266
2025-07-08,219.3600006103516,224.0,218.42999267578125,223.9199981689453,45692000,-4.559997558593722,-1.8391733064396565,5.57000732421875,216.29600219726564,221.32400207519532,1.2449374142017535
2025-07-09,222.5399932861328,224.2899932861328,220.47000122070312,221.07000732421875,38155100,1.4699859619140625,1.4496684294917683,3.8199920654296875,216.57400207519532,221.73999938964843,1.4027991107588849
2025-07-10,222.25999450683597,222.7899932861328,219.6999969482422,221.5500030517578,30370600,0.7099914550781534,-0.12581953255333955,3.089996337890625,216.80650177001954,222.20799865722657,1.3944271624927174
2025-07-11,225.0200042724609,226.67999267578125,222.3699951171875,223.5800018310547,50518300,1.4400024414062216,1.2417933203629383,4.30999755859375,217.39750213623046,222.52999877929688,1.3161686756493354
2025-07-14,225.69000244140625,226.66000366210935,224.2400054931641,225.07000732421875,35702600,0.6199951171875,0.2977504916114482,2.4199981689452557,218.02000198364257,222.9739990234375,1.3153733776222596
2025-07-15,226.3500061035156,227.2700042724609,225.4600067138672,226.1999969482422,34907300,0.15000915527340908,0.2924381474455062,1.8099975585937216,218.73250198364258,224.37200012207032,0.6785538864531298
2025-07-16,223.19000244140625,226.1000061035156,222.17999267578125,225.8800048828125,39535900,-2.69000244140625,-1.3960696164789121,3.9200134277343466,219.0870018005371,224.502001953125,0.9567961505005734
2025-07-17,223.8800048828125,224.5,222.50999450683597,223.32000732421875,31855800,0.55999755859375,0.30915472640284936,1.990005493164034,219.5400016784668,224.8260040283203,0.9552209308823333
2025-07-18,226.1300048828125,226.3999938964844,222.97999572753903,225.13999938964844,37833800,0.9900054931640625,1.0050026580880944,3.4199981689453693,220.2205017089844,225.04800415039062,0.8912244113881332
2025-07-21,229.3000030517578,229.69000244140625,225.6499938964844,225.83999633789065,40297600,3.460006713867159,1.4018476542235536,4.040008544921847,221.20100173950195,225.77000427246094,1.0706732194942914
2025-07-22,227.47000122070312,230.0,226.3500061035156,229.67999267578125,37483700,-2.209991455078125,-0.7980819043607368,3.6499938964844034,222.15100173950196,225.99400329589844,1.1834549753342267
2025-07-23,228.2899932861328,228.7899932861328,227.08999633789065,228.47000122070312,28294900,-0.1800079345703125,0.3604836070819184,1.699996948242159,222.92700119018554,227.01400146484374,0.8365762867832677
2025-07-24,232.22999572753903,236.0,228.63999938964844,229.1699981689453,42902300,3.0599975585937216,1.7258761037624248,7.3600006103515625,223.9390007019043,228.68399963378906,0.9987422475462463
2025-07-25,231.44000244140625,232.47999572753903,231.17999267578125,232.22000122070312,28712100,-0.779998779296875,-0.3401771091877559,1.300003051757784,224.65500106811524,229.74599914550782,1.0865055617536694
2025-07-28,232.7899932861328,234.2899932861328,232.25,233.3500061035156,26300100,-0.5600128173827841,0.5833005662313484,2.0399932861328125,225.12950057983397,230.44399719238282,0.9659779413598907
2025-07-29,231.00999450683597,234.72000122070312,230.30999755859372,234.1499938964844,33716200,-3.1399993896484375,-0.7646371539299701,4.410003662109403,225.71050033569335,231.15199584960936,0.9564881259566357
2025-07-30,230.19000244140625,231.8000030517578,229.2899932861328,231.63999938964844,32993300,-1.4499969482421875,-0.3549595623255408,2.510009765625,226.1970001220703,231.53199768066406,1.0001221889486331
2025-07-31,234.1100006103516,236.52999877929688,231.3999938964844,235.7700042724609,104357300,-1.6600036621093182,1.7029402351838252,5.130004882812472,226.90650024414063,231.90799865722656,0.9912141792230205
2025-08-01,214.75,220.44000244140625,212.8000030517578,217.2100067138672,122258800,-2.4600067138671875,-8.269617085933046,7.6399993896484375,226.47350006103517,228.56999816894532,3.9448394429064777
2025-08-04,211.6499938964844,217.44000244140625,211.4199981689453,217.3999938964844,77890100,-5.75,-1.4435418409851408,6.0200042724609375,225.88249969482422,224.3419982910156,3.788480751914314
2025-08-05,213.75,216.3000030517578,212.8699951171875,213.0500030517578,51505100,0.6999969482421875,0.9922070229506863,3.4300079345703125,225.60199966430665,220.88999938964844,3.9877536079716784
2025-08-06,222.30999755859372,222.6499938964844,213.7400054931641,214.6999969482422,54823000,7.610000610351534,4.004677220394726,8.909988403320312,225.5904998779297,219.31399841308593,4.705748154002984
2025-08-07,223.1300048828125,226.22000122070312,220.82000732421875,221.0,40603500,2.1300048828125,0.368857601198358,5.399993896484375,225.6340003967285,217.1179992675781,4.578437044530294
2025-08-08,222.69000244140625,223.8000030517578,221.8800048828125,223.13999938964844,32970500,-0.4499969482421875,-0.19719555047620352,1.9199981689453125,225.5175003051758,218.70599975585938,2.031350403217552
2025-08-11,221.3000030517578,223.0500030517578,220.3999938964844,221.77999877929688,31646200,-0.4799957275390625,-0.6241858073597895,2.650009155273409,225.29800033569336,220.63600158691406,1.8341361663266484
2025-08-12,221.47000122070312,223.5,219.0500030517578,222.22999572753903,37185800,-0.7599945068359091,0.07681796954406295,4.4499969482421875,225.05400009155272,222.18000183105468,1.8690909451153581
2025-08-13,224.55999755859372,224.9199981689453,222.0,222.0,36508300,2.5599975585937216,1.3952211680404059,2.9199981689453125,225.12249984741212,222.6300018310547,0.7598043700509729
2025-08-14,230.97999572753903,233.1100006103516,227.0200042724609,227.3999938964844,61545800,3.5800018310546307,2.858923333961183,6.089996337890682,225.47749938964844,224.2,1.4222383613652878
2025-08-15,231.02999877929688,234.0800018310547,229.80999755859372,232.5800018310547,39649200,-1.5500030517578125,0.021648217457248542,4.270004272460966,225.72249908447264,225.8679992675781,1.3906681744289289
2025-08-18,231.4900054931641,231.91000366210935,228.3300018310547,230.22999572753903,25248900,1.2600097656250568,0.19911124801876845,3.580001831054659,225.83199920654297,227.90599975585937,1.227035569337172
2025-08-19,228.00999450683597,230.52999877929688,227.1199951171875,230.08999633789065,29891000,-2.0800018310546875,-1.503309388634011,3.410003662109375,225.8589988708496,229.21399841308593,1.6320281034172641
2025-08-20,223.80999755859372,227.2700042724609,220.9199981689453,227.1199951171875,36604300,-3.3099975585937784,-1.8420231785569063,6.350006103515597,225.63499908447267,229.06399841308593,1.8609427121991733
2025-08-21,221.9499969482422,222.77999877929688,220.5,222.6499938964844,32140500,-0.6999969482422159,-0.8310623433453124,2.279998779296875,225.12099914550782,227.25799865722655,0.9019917829983132
2025-08-22,228.83999633789065,229.13999938964844,220.82000732421875,222.7899932861328,37315300,6.050003051757841,3.1043025385826706,8.319992065429688,224.99099884033203,226.81999816894532,1.9917061441394726
2025-08-25,227.94000244140625,229.6000061035156,227.30999755859372,227.3500061035156,22633700,0.5899963378906534,-0.3932852258726305,2.290008544921875,224.7484992980957,226.10999755859376,1.9815116922390916
2025-08-26,228.7100067138672,229.0,226.0200042724609,227.1100006103516,26105400,1.6000061035155966,0.3378100659005012,2.979995727539091,224.63349990844728,226.25,1.8682184548959406
2025-08-27,229.1199951171875,229.8699951171875,227.80999755859372,228.57000732421875,21254500,0.54998779296875,0.17926124405795996,2.0599975585937784,224.57999954223632,227.31199951171874,1.5394102260247882
2025-08-28,231.6000061035156,232.7100067138672,228.0200042724609,229.00999450683597,33679600,2.5900115966796307,1.08240705271474,4.690002441406278,224.45449981689453,229.24200134277345,1.35951721103968
2025-08-29,229.0,231.80999755859372,228.16000366210935,231.32000732421875,26199200,-2.32000732421875,-1.1226278216735053,3.649993896484375,225.16699981689453,229.2740020751953,0.8263511851080754
2025-09-02,225.33999633789065,226.1699981689453,221.8300018310547,223.5200042724609,38843900,1.8199920654297443,-1.5982548742835556,4.339996337890625,225.85149993896485,228.75400085449218,1.1046557829745463
2025-09-03,225.9900054931641,227.1699981689453,224.3600006103516,225.2100067138672,29223100,0.7799987792969034,0.28845707190781056,2.8099975585937216,226.46350021362304,228.21000061035156,1.0985814067484456
2025-09-04,235.67999267578125,235.7700042724609,230.77999877929688,231.19000244140625,59391800,4.489990234375,4.2877945692648245,4.990005493164034,227.13199996948242,229.52200012207032,2.330697378719541
2025-09-05,232.3300018310547,236.0,231.92999267578125,235.19000244140625,36721800,-2.8600006103515625,-1.4214150326010255,4.07000732421875,227.59199981689454,229.66799926757812,2.4630194434355626
2025-09-08,235.83999633789065,237.6000061035156,233.75,234.94000244140625,33947100,0.8999938964844034,1.5107797009308976,3.8500061035155966,228.24949951171874,231.03599853515624,2.420947291790807
2025-09-09,238.2400054931641,238.8500061035156,235.0800018310547,236.3600006103516,27033800,1.8800048828125,1.0176429751274751,3.770004272460909,229.09649963378905,233.61600036621093,2.0824850393075605
2025-09-10,230.3300018310547,237.67999267578125,229.1000061035156,237.5200042724609,60907700,-7.190002441406222,-3.320182790348525,8.579986572265653,229.53949966430665,234.48399963378907,2.9106038937169343
2025-09-11,229.9499969482422,231.52999877929688,229.33999633789065,231.4900054931641,37485600,-1.5400085449219034,-0.16498279850283293,2.1900024414062216,229.80899963378906,233.33800048828124,1.953085972695228
2025-09-12,228.1499938964844,230.7899932861328,226.2899932861328,230.3500061035156,38496200,-2.200012207031193,-0.7827802024989561,4.5,229.66749954223633,232.50199890136724,1.8958139628136468
2025-09-15,231.42999267578125,233.72999572753903,230.32000732421875,230.6300048828125,33243300,0.79998779296875,1.4376501718361023,3.409988403320284,229.68749923706054,231.6199981689453,1.878088872372578
2025-09-16,234.0500030517578,235.8999938964844,232.22999572753903,232.94000244140625,38203900,1.1100006103515625,1.1320962964584513,3.6699981689453693,229.81549911499025,230.78199768066406,1.899689565654247
2025-09-17,231.6199951171875,234.3000030517578,228.7100067138672,233.7700042724609,42815200,-2.150009155273409,-1.0382430689534927,5.589996337890625,229.99599914550782,231.0399963378906,1.117837455755609
2025-09-18,231.22999572753903,233.47999572753903,228.7899932861328,232.5,37931700,-1.270004272460966,-0.16837898189711042,4.690002441406222,230.36699905395508,231.29599609375,1.1180524536744918
2025-09-19,231.47999572753903,234.16000366210935,229.6999969482422,232.3699951171875,97943200,-0.8899993896484659,0.10811746080494622,4.460006713867159,230.84349899291993,231.96199645996094,1.0041861188641985
2025-09-22,227.6300048828125,230.57000732421875,227.50999450683597,230.55999755859372,45914500,-2.9299926757812216,-1.6632067201427292,3.060012817382784,230.78299942016602,231.20199890136718,1.0764245371708117
2025-09-23,220.7100067138672,227.8600006103516,220.07000732421875,227.8300018310547,70956200,-7.1199951171875,-3.0400202172415014,7.789993286132841,230.42149963378907,228.53399963378905,1.2643131840050268
2025-09-24,220.2100067138672,224.55999755859372,219.4499969482422,224.1499938964844,49509000,-3.939987182617216,-0.22654160880354324,5.110000610351534,229.99649963378906,226.252001953125,1.3340972104843287
2025-09-25,218.1499938964844,220.6699981689453,216.47000122070312,220.05999755859372,52226300,-1.9100036621093182,-0.9354764790773018,4.1999969482421875,229.4479995727539,223.63600158691406,1.2567023001917226
2025-09-26,219.77999877929688,221.0500030517578,218.0200042724609,219.0800018310547,41650100,0.6999969482421875,0.7471945580644457,3.0299987792969034,228.85699920654298,221.29600219726564,1.4364738467189098
2025-09-29,222.1699981689453,222.6000061035156,219.3000030517578,220.0800018310547,44259200,2.089996337890625,1.087450815780766,3.300003051757784,228.51549911499023,220.2040008544922,1.6422621129705774
2025-09-30,219.57000732421875,222.2400054931641,217.88999938964844,222.02999877929688,48396400,-2.459991455078125,-1.1702709034319914,4.350006103515653,228.22699966430665,219.9760009765625,0.9984100461718806
2025-10-01,220.6300048828125,222.1499938964844,216.6100006103516,217.3600006103516,43933800,3.270004272460909,0.48276063361811783,5.5399932861328125,227.95899963378906,220.06000061035155,1.0258651433470172
2025-10-02,222.41000366210935,222.80999755859372,218.9499969482422,221.00999450683597,41258600,1.4000091552733807,0.8067800117405932,3.860000610351534,227.29550018310547,220.91200256347656,0.8987182445780704
2025-10-03,219.50999450683597,224.1999969482422,219.33999633789065,223.44000244140625,43639000,-3.930007934570284,-1.3039023009410733,4.860000610351534,226.65449981689454,220.85800170898438,1.1329505100657613
2025-10-06,220.8999938964844,221.72999572753903,216.02999877929688,221.0,43690900,-0.10000610351559658,0.633228292302257,5.699996948242159,225.90749969482422,220.6040008544922,1.0360762220556912
2025-10-07,221.77999877929688,222.88999938964844,220.1699981689453,220.8800048828125,31194700,0.899993896484375,0.39837252472938456,2.720001220703125,225.08449935913086,221.0459991455078,0.8568600620038503
2025-10-08,225.22000122070312,226.72999572753903,221.19000244140625,222.9199981689453,46686000,2.3000030517578125,1.5510877718191152,5.539993286132784,224.8289993286133,221.96399841308593,1.0543587926097797
2025-10-09,227.7400054931641,228.2100067138672,221.75,225.0,46412100,2.740005493164091,1.118907849570383,6.4600067138671875,224.71849975585937,223.02999877929688,1.09177385082333
2025-10-10,216.3699951171875,228.25,216.0,226.2100067138672,72367500,-9.840011596679688,-4.99253978296662,12.25,224.12949981689454,222.4019989013672,2.68373123333389
2025-10-13,220.07000732421875,220.67999267578125,217.0399932861328,217.6999969482422,37809700,2.3700103759765625,1.7100394188331425,3.6399993896484375,223.5615005493164,222.23600158691406,2.813229749650987
2025-10-14,216.38999938964844,219.32000732421875,212.6000061035156,215.55999755859372,45665600,0.8300018310547159,-1.6721987604375044,6.720001220703153,222.67850036621093,221.1580017089844,2.883565112196328
2025-10-15,215.57000732421875,217.7100067138672,212.66000366210935,216.6199951171875,45909500,-1.04998779296875,-0.3789417568938358,5.050003051757841,221.8760009765625,219.2280029296875,2.668740045311449
2025-10-16,214.47000122070312,218.58999633789065,212.80999755859372,215.6699981689453,42414600,-1.1999969482421875,-0.510277898660183,5.779998779296932,221.0380012512207,216.57400207519532,2.4606726742963763
2025-10-17,213.0399932861328,214.8000030517578,211.02999877929688,214.55999755859372,45986900,-1.520004272460909,-0.6667636156250767,3.7700042724609375,220.1160011291504,215.9080017089844,1.2357271359327588
2025-10-20,216.47999572753903,216.69000244140625,213.58999633789065,213.8800048828125,38882800,2.599990844726534,1.6147214372026264,3.1000061035155966,219.55850067138672,215.18999938964845,1.197025177714038
2025-10-21,222.02999877929688,223.32000732421875,217.9900054931641,218.42999267578125,50494600,3.600006103515625,2.563748688697798,5.330001831054659,219.6245002746582,216.31799926757813,1.4708160410146782
2025-10-22,217.9499969482422,220.00999450683597,216.5200042724609,219.3000030517578,44308500,-1.350006103515625,-1.8375903497213075,3.489990234375057,219.51149978637696,216.79399719238282,1.8021462416354466
2025-10-23,221.08999633789065,221.3000030517578,218.17999267578125,219.0,31540000,2.0899963378906534,1.4406971477930908,3.1200103759765625,219.65849990844725,218.1179962158203,1.8122251897570225
2025-10-24,224.2100067138672,225.3999938964844,221.8999938964844,221.97000122070312,38685100,2.2400054931640625,1.4111947295924798,3.5,219.88000030517577,220.35199890136718,1.675632291049111
2025-10-27,226.97000122070312,228.3999938964844,225.5399932861328,227.66000366210935,38267000,-0.6900024414062216,1.2309863182682124,2.860000610351591,220.12000045776367,222.45,1.6512559845583468
2025-10-28,229.25,231.4900054931641,226.2100067138672,228.22000122070312,47100000,1.029998779296875,1.0045375014470892,5.279998779296903,220.60400009155273,223.8940002441406,1.4014249069929245
2025-10-29,230.3000030517578,232.82000732421875,227.75999450683597,231.6699981689453,52036200,-1.3699951171875,0.45801659836763875,5.060012817382784,221.0875,226.36400146484374,0.4033971615297415
2025-10-30,222.8600006103516,228.44000244140625,222.75,227.05999755859372,102252900,-4.199996948242131,-3.230569840563202,5.69000244140625,221.1099998474121,226.71800231933594,1.937099711857376
2025-10-31,244.22000122070312,250.5,243.97999572753903,250.1000061035156,166340800,-5.880004882812472,9.584492754129247,6.520004272460966,222.34550018310546,230.72000122070312,4.708024171910211
2025-11-03,254.0,258.6000061035156,252.8999938964844,255.3600006103516,95997800,-1.360000610351591,4.004585509136338,5.700012207031222,224.00050048828126,236.1260009765625,4.78558144097035
2025-11-04,249.32000732421875,257.010009765625,248.66000366210935,250.3800048828125,51546300,-1.05999755859375,-1.8425168014886806,8.350006103515653,225.37750091552735,240.14000244140624,5.143779510530728
2025-11-05,250.1999969482422,251.0,246.16000366210935,249.02999877929688,40610700,1.1699981689453125,0.3529558792604526,4.839996337890653,226.6265007019043,244.12000122070313,5.150815178492055
2025-11-06,243.0399932861328,250.3800048828125,242.1699981689453,249.16000366210935,46004200,-6.120010375976534,-2.861712130072702,8.210006713867188,227.39150009155273,248.15599975585937,5.063117610787681
2025-11-07,244.41000366210935,244.8999938964844,238.4900054931641,242.8999938964844,46374300,1.5100097656249432,0.5636975040414827,6.4099884033203125,228.79350051879882,248.19400024414062,2.6482958503205962
2025-11-10,248.3999938964844,251.75,245.58999633789065,248.33999633789065,36476500,0.05999755859375,1.6324987417009051,6.160003662109347,230.20999984741212,247.0739990234375,1.8549109238156212
2025-11-11,249.1000061035156,249.75,247.22999572753903,248.41000366210935,23564100,0.69000244140625,0.2818084638612772,2.520004272460966,231.84550018310546,247.02999877929688,1.68641691647364
2025-11-12,244.1999969482422,250.3699951171875,243.75,250.2400054931641,31190100,-6.040008544921903,-1.9670851205186968,6.6199951171875,233.27699966430663,245.8299987792969,1.8718839507725897
2025-11-13,237.5800018310547,243.75,236.5,243.0500030517578,41401700,-5.470001220703125,-2.7108907452568887,7.25,234.43249969482423,244.73800048828124,1.8243218544509379
2025-11-14,234.69000244140625,238.72999572753903,232.88999938964844,235.05999755859372,38956700,-0.3699951171874716,-1.2164320933474637,5.839996337890597,235.5150001525879,242.79400024414062,1.751733947555311
2025-11-17,232.8699951171875,234.6000061035156,229.19000244140625,233.25,59919000,-0.3800048828125,-0.7754941860691922,5.410003662109347,236.33450012207032,239.68800048828126,1.1420725248916948
2025-11-18,222.5500030517578,230.1999969482422,222.4199981689453,228.1000061035156,60608400,-5.550003051757784,-4.431653833391602,7.779998779296875,236.36050033569336,234.37799987792968,1.4396264658173101
2025-11-19,222.69000244140625,223.7400054931641,218.5200042724609,223.7400054931641,58335600,-1.050003051757841,0.06290693674619874,5.220001220703182,236.59750061035157,230.0760009765625,1.77587200334528
2025-11-20,217.13999938964844,227.41000366210935,216.7400054931641,227.0500030517578,50309000,-9.910003662109375,-2.492255148822009,10.669998168945256,236.40000076293944,225.98800048828124,1.7507911778522354
2025-11-21,220.69000244140625,222.2100067138672,215.17999267578125,216.3500061035156,68490500,4.339996337890653,1.6348913427910006,7.0300140380859375,236.2240005493164,223.18800048828126,2.341220696334075
2025-11-24,226.27999877929688,227.3300018310547,222.2700042724609,222.55999755859372,54318400,3.7200012207031534,2.532963104830621,5.059997558593778,236.1895004272461,221.87000122070313,2.8936573615817336
2025-11-25,229.6699981689453,230.5200042724609,223.8000030517578,226.3800048828125,39379300,3.2899932861328125,1.49814363087164,6.720001220703097,236.21050033569335,223.29400024414062,1.9655354658369772
2025-11-26,229.16000366210935,231.75,228.7700042724609,230.7400054931641,38497900,-1.5800018310547443,-0.22205534501760216,2.979995727539091,236.15350036621095,224.58800048828124,1.9906882299526683
2025-11-28,233.22000122070312,233.2899932861328,230.22000122070312,231.2400054931641,20292300,1.979995727539034,1.7716868099636462,3.0699920654296875,236.6715003967285,227.8040008544922,1.0134504081486408
2025-12-01,233.8800048828125,235.8000030517578,232.25,233.22000122070312,42904000,0.660003662109375,0.2829961661327651,3.5500030517578125,236.15450057983398,230.44200134277344,1.12382492444513
2025-12-02,234.4199981689453,238.97000122070312,233.5500030517578,235.00999450683597,45785400,-0.5899963378906534,0.23088475921804186,5.4199981689453125,235.17550048828124,232.07000122070312,0.8701914943032827
2025-12-03,232.3800048828125,233.3800048828125,230.6100006103516,233.3500061035156,35495100,-0.9700012207030966,-0.8702300580441968,2.770004272460909,234.32850036621093,232.61200256347655,0.9739216010497641
2025-12-04,229.1100006103516,233.5,226.8000030517578,232.7700042724609,45683200,-3.660003662109318,-1.4071797072686798,6.6999969482421875,233.2740005493164,232.602001953125,1.2257355471982505
2025-12-05,229.52999877929688,231.2400054931641,228.5500030517578,230.32000732421875,33117400,-0.790008544921875,0.18331725713691682,2.6900024414062784,232.5985008239746,231.86400146484374,0.7754097581315585
2025-12-08,226.88999938964844,230.8300018310547,226.2700042724609,229.58999633789065,35019200,-2.699996948242216,-1.1501761877265149,4.559997558593778,231.72250061035157,230.46600036621095,0.763409586021033
2025-12-09,227.9199981689453,228.57000732421875,225.1100006103516,226.83999633789065,25841700,1.080001831054659,0.4539639393836836,3.460006713867159,230.6985008239746,229.16600036621094,0.8280834338187301
2025-12-10,231.77999877929688,232.4199981689453,228.4600067138672,228.80999755859372,38790700,2.9700012207031534,1.6935769749744978,3.959991455078125,229.83250045776367,229.0459991455078,1.2649793667092344
2025-12-11,230.27999877929688,232.1100006103516,228.69000244140625,230.7100067138672,28249600,-0.4300079345703125,-0.6471654188885845,3.419998168945341,229.1365005493164,229.27999877929688,1.0946108672042694
2025-12-12,226.19000244140625,230.0800018310547,225.1199951171875,229.8699951171875,35639100,-3.67999267578125,-1.7760970816273702,4.9600067138671875,228.56700057983397,228.61199951171875,1.3751271324585246
2025-12-15,222.5399932861328,227.92999267578125,221.5,227.92999267578125,47286100,-5.3899993896484375,-1.613691637948922,6.42999267578125,227.95950012207032,227.74199829101562,1.4609632428038168
2025-12-16,222.55999755859372,223.66000366210935,221.1300048828125,223.0399932861328,39298900,-0.4799957275390909,0.008989068511011666,2.5299987792968466,227.44400024414062,226.6699981689453,1.4102973838057071
2025-12-17,221.2700042724609,225.19000244140625,220.9900054931641,224.66000366210935,44034400,-3.3899993896484375,-0.5796159688549629,4.199996948242159,227.38000030517577,224.56799926757813,0.752897651414676
2025-12-18,226.75999450683597,229.22999572753903,224.41000366210935,225.7100067138672,50272400,1.0499877929687784,2.481127187766008,4.8199920654296875,227.58349990844727,223.86399841308594,1.7184942747378031
2025-12-19,227.3500061035156,229.1300048828125,225.5800018310547,226.75999450683597,85544400,0.5900115966796307,0.26019210221044364,3.5500030517578125,228.09400024414063,224.09599914550782,1.5084493910585566
2025-12-22,228.42999267578125,229.47999572753903,226.7100067138672,228.6100006103516,32261300,-0.18000793457034092,0.475032567966549,2.7699890136718466,228.4809997558594,225.2739990234375,1.1603244543020137
2025-12-23,232.13999938964844,232.4499969482422,228.72999572753903,229.05999755859372,29230200,3.080001831054716,1.6241329216049705,3.7200012207031534,228.77399978637695,227.18999938964845,1.2033401230074854
2025-12-24,232.3800048828125,232.9499969482422,231.3300018310547,232.1300048828125,11420500,0.25,0.1033882544133169,1.6199951171875,228.9095001220703,229.41199951171876,1.0258494962175262
2025-12-26,232.5200042724609,232.9900054931641,231.17999267578125,232.0399932861328,15994700,0.4800109863280966,0.0602458846315157,1.810012817382841,229.0775001525879,230.56400146484376,0.6466035997278811
2025-12-29,232.07000732421875,232.6000061035156,230.7700042724609,231.94000244140625,19797900,0.1300048828125,-0.19353042317806768,1.8300018310546875,229.02000045776367,231.50800170898438,0.7174366524676666
2025-12-30,232.52999877929688,232.7700042724609,230.1999969482422,231.2100067138672,21910500,1.3199920654296875,0.1982123671998126,2.5700073242187216,228.9525001525879,232.3280029296875,0.7222004439806752
2025-12-31,230.82000732421875,232.9900054931641,230.1199951171875,232.91000366210935,24383700,-2.0899963378905966,-0.7353853111663033,2.870010375976591,228.77250061035156,232.06400451660156,0.37667589482195213
2026-01-02,226.5,235.4600067138672,224.6999969482422,231.33999633789065,51456200,-4.839996337890653,-1.8715913643268745,10.760009765625,228.47850036621094,230.88800354003905,0.8413701707303775
2026-01-05,233.05999755859372,234.0,227.17999267578125,228.83999633789065,49733300,4.220001220703068,2.8962461627345393,6.82000732421875,228.67600021362304,230.99600219726562,1.7671550798157674
2026-01-06,240.92999267578125,243.17999267578125,232.07000732421875,232.1000061035156,53764700,8.829986572265653,3.3768107781812384,11.1099853515625,229.24599990844726,232.76799926757812,2.2851408758597658
2026-01-07,241.55999755859372,245.2899932861328,239.5200042724609,239.6100006103516,42236500,1.9499969482421307,0.2614887734879279,5.769989013671903,229.97949981689453,234.5739990234375,2.281334879257979
2026-01-08,246.2899932861328,246.41000366210935,241.8800048828125,243.05999755859372,39509800,3.229995727539091,1.9581038977249499,4.529998779296847,230.89799957275392,237.66799621582032,2.1464396037745552
2026-01-09,247.3800048828125,247.8600006103516,242.2400054931641,244.57000732421875,34560000,2.80999755859375,0.4425724253495522,5.6199951171875,231.6779998779297,241.8439971923828,1.4072910057637242
2026-01-12,246.47000122070312,248.94000244140625,245.9600067138672,246.72999572753903,35867800,-0.2599945068359091,-0.3678565947722645,2.9799957275390625,232.4875,244.5259979248047,1.5169268549481345
2026-01-13,242.6000061035156,247.66000366210935,240.25,246.52999877929688,38371800,-3.9299926757812784,-1.5701688229887711,7.410003662109347,233.30800018310546,244.86000061035156,1.2839675382136866
2026-01-14,236.6499938964844,241.27999877929688,236.22000122070312,241.1499938964844,41410600,-4.5,-2.452601837319146,5.05999755859375,234.01350021362305,243.87799987792968,1.7214866150388697
2026-01-15,238.17999267578125,240.6499938964844,236.6300048828125,239.30999755859372,43003600,-1.1300048828124716,0.6465239039753046,4.019989013671903,234.79449996948242,242.25599975585936,1.3275773610953956
2026-01-16,239.1199951171875,239.57000732421875,236.41000366210935,239.08999633789065,45888300,0.02999877929684658,0.39466053837939885,3.1600036621094034,235.68699951171874,240.60399780273437,1.3177633557705153
2026-01-20,231.0,235.08999633789065,229.33999633789065,233.75999450683597,47737900,-2.759994506835966,-3.3957825706746436,5.75,235.89899978637695,237.50999755859374,1.7643418559152046
2026-01-21,231.30999755859372,232.3000030517578,226.8800048828125,231.08999633789065,47276100,0.22000122070306816,0.1341980773132967,5.4199981689453125,236.09699935913085,235.2519958496094,1.8554625388955954
2026-01-22,234.33999633789065,235.72000122070312,230.8999938964844,234.0500030517578,31913300,0.2899932861328409,1.3099298825289152,4.820007324218722,236.39249954223632,234.7899963378906,1.8488661120956162
2026-01-23,239.16000366210935,240.4499969482422,234.57000732421875,234.9600067138672,33778500,4.199996948242159,2.0568436457892636,5.8799896240234375,236.74349975585938,234.98599853515626,2.0977164663616445
2026-01-26,238.4199981689453,240.9499969482422,237.5399932861328,239.97999572753903,32825500,-1.5599975585937216,-0.3094185824689677,3.410003662109375,237.045499420166,234.84599914550782,2.0966203989504035
2026-01-27,244.67999267578125,244.8800048828125,238.0800018310547,239.69000244140625,38029200,4.989990234375,2.625616372331341,6.8000030517578125,237.65349884033202,237.58199768066407,1.243607699696519
2026-01-28,243.00999450683597,247.77999877929688,241.52999877929688,246.3699951171875,40882700,-3.360000610351534,-0.6825233852112089,6.25,238.20049819946288,239.9219970703125,1.4492295832174098
2026-01-29,241.72999572753903,243.0,236.7400054931641,242.82000732421875,47229600,-1.090011596679716,-0.5267268047532636,6.259994506835909,238.660498046875,241.39999694824218,1.578097847568673
2026-01-30,239.3000030517578,243.32000732421875,237.63999938964844,239.88999938964844,46585000,-0.589996337890625,-1.0052507834071744,5.6800079345703125,239.08449783325196,241.42799682617186,1.478287960875777
2026-02-02,242.9600067138672,245.6300048828125,238.1699981689453,238.30999755859372,37546100,4.650009155273466,1.5294624385431943,7.4600067138671875,239.90749816894532,242.33599853515625,1.599512164117066
2026-02-03,238.6199951171875,246.3500061035156,235.4499969482422,244.97999572753903,53831300,-6.360000610351534,-1.7863069956986388,10.900009155273409,240.185498046875,241.1239990234375,1.2311018157824682
2026-02-04,232.9900054931641,238.8600006103516,231.82000732421875,238.8600006103516,51299900,-5.8699951171875,-2.3593955826118007,7.039993286132841,239.78849868774415,239.12000122070313,1.4952695200006594
2026-02-05,222.69000244140625,226.30999755859372,220.3800048828125,224.91000366210935,103509200,-2.2200012207030966,-4.420791797466195,5.929992675781222,238.84499893188476,235.31200256347657,2.1630512321363646
2026-02-06,210.32000732421875,211.44000244140625,200.30999755859372,202.6999969482422,179210900,7.6200103759765625,-5.554804877440455,11.130004882812528,237.04649963378907,229.51600341796876,2.72879469814741
2026-02-09,208.72000122070312,212.80999755859372,203.3500061035156,208.97000122070312,91178400,-0.25,-0.760748406141476,9.459991455078125,235.1134994506836,222.66800231933593,1.9647243554423455
2026-02-10,206.9600067138672,212.6499938964844,206.41000366210935,208.8000030517578,67175000,-1.839996337890625,-0.8432323191560842,6.239990234375057,233.13799972534179,216.33600463867188,2.144573977309353
2026-02-11,204.0800018310547,208.57000732421875,202.4900054931641,208.05999755859372,65545500,-3.979995727539034,-1.3915755650289796,6.080001831054659,231.21199951171874,210.55400390625,2.23468996329395
2026-02-12,199.6000061035156,203.9600067138672,197.55999755859372,203.9600067138672,83975400,-4.360000610351591,-2.1952154485219033,6.400009155273466,229.3595001220703,205.93600463867188,1.9879390183843857
2026-02-13,198.7899932861328,201.16000366210935,197.27999877929688,198.8800048828125,66321600,-0.0900115966796875,-0.4058180323715521,3.8800048828124716,227.3900001525879,203.6300018310547,0.6974161530363463
2026-02-17,201.1499938964844,201.7400054931641,196.0,198.1300048828125,69879200,3.0199890136719034,1.1871828009746288,5.740005493164091,225.49150009155272,202.11600036621093,1.2627394404161894
2026-02-18,204.7899932861328,206.8600006103516,201.50999450683597,202.07000732421875,51003300,2.7199859619140625,1.8095945812067082,5.350006103515625,224.18099975585938,201.68199768066407,1.68862674270941
2026-02-19,204.8600006103516,205.63999938964844,202.80999755859372,203.8000030517578,35669600,1.0599975585937784,0.034184934085601526,2.830001831054716,222.85849990844727,201.83799743652344,1.5517647648009538
2026-02-20,210.1100006103516,211.1699981689453,203.75,204.75999450683597,65881600,5.350006103515625,2.5627257563010764,7.4199981689453125,221.64700012207032,203.93999633789065,1.2282769056277851
2026-02-23,205.2700042724609,208.42999267578125,203.1100006103516,208.1000061035156,53581500,-2.8300018310546875,-2.303553530927094,5.319992065429659,219.9525001525879,205.23599853515626,1.8969797885334
2026-02-24,208.55999755859372,210.3600006103516,203.25,205.47000122070312,41137200,3.0899963378905966,1.6027637831418806,7.110000610351591,218.45950012207032,206.71799926757814,1.9346905156755283
2026-02-25,210.63999938964844,211.58999633789065,208.92999267578125,210.4600067138672,41346400,0.17999267578125,0.9973158109912061,2.6600036621094034,216.75750045776368,207.88800048828125,1.8550058021182931
2026-02-26,207.9199981689453,211.0500030517578,205.3500061035156,210.72999572753903,47756800,-2.8099975585937216,-1.2913032798065993,5.699996948242216,215.00300064086915,208.5,2.0379637128190837
2026-02-27,210.0,210.3300018310547,205.1999969482422,206.8300018310547,57422800,3.1699981689453125,1.000385652833935,5.1300048828125,213.4165008544922,208.47799987792968,1.6983873796321318
2026-03-02,208.38999938964844,209.72999572753903,203.4600067138672,204.5500030517578,46001000,3.839996337890625,-0.7666669573102691,6.269989013671847,211.87100067138672,209.10199890136718,1.2593298057487143
2026-03-03,208.72999572753903,209.17999267578125,202.47999572753903,203.1000061035156,43184900,5.6299896240234375,0.1631538648142472,6.699996948242216,210.1595001220703,209.13599853515626,1.0338223711440873
2026-03-04,216.82000732421875,217.5399932861328,210.1499938964844,210.47000122070312,54731100,6.350006103515625,3.8758260730479055,7.389999389648409,209.0695007324219,210.37200012207032,2.0326655602631494
2026-03-05,218.94000244140625,220.47000122070312,215.58999633789065,215.97999572753903,60943400,2.960006713867216,0.9777672934109694,4.880004882812472,208.36700057983398,212.5760009765625,1.7377965214836353
2026-03-06,213.2100067138672,217.32000732421875,212.52999877929688,214.9900054931641,51152700,-1.7799987792969034,-2.6171534044230005,4.790008544921875,207.89300079345702,213.21800231933594,2.39314938656403
2026-03-09,213.4900054931641,213.82000732421875,207.1100006103516,210.4499969482422,54642900,3.0400085449219034,0.13132534612818603,6.710006713867159,208.0515007019043,214.23800354003907,2.3232683728410866
2026-03-10,214.3300018310547,215.6499938964844,212.42999267578125,214.19000244140625,35678800,0.1399993896484375,0.3934593265620068,3.2200012207031534,208.33200073242188,215.35800476074218,2.3170419106252536
2026-03-11,212.6499938964844,217.0,211.3500061035156,215.7100067138672,34199300,-3.060012817382784,-0.7838417021498234,5.649993896484403,208.61650009155272,214.5240020751953,1.4027800926240817
2026-03-12,209.52999877929688,211.7100067138672,208.1499938964844,210.38999938964844,44349500,-0.8600006103515625,-1.4671973697334306,3.560012817382784,208.88899993896484,212.64200134277343,1.226334599177197
2026-03-13,207.6699981689453,210.55999755859372,206.22000122070312,209.6100006103516,35662100,-1.9400024414062784,-0.8877013416636048,4.339996337890597,209.29249954223633,211.53399963378905,0.7682111156667695
2026-03-16,211.7400054931641,212.72000122070312,207.4499969482422,208.3500061035156,42209300,3.3899993896484943,1.9598436751117498,5.2700042724609375,209.94000015258788,211.18399963378906,1.3626724381443713
2026-03-17,215.1999969482422,215.6999969482422,212.42999267578125,212.82000732421875,44969900,2.3799896240234375,1.6340754535353108,3.2700042724609375,210.6425003051758,211.35799865722657,1.5831015360645095
2026-03-18,209.8699951171875,215.13999938964844,208.8300018310547,213.92999267578125,37846600,-4.05999755859375,-2.4767666852414494,6.30999755859375,210.89650039672853,210.8019989013672,1.954471901870345
2026-03-19,208.75999450683597,209.1199951171875,206.0500030517578,207.05999755859372,36440600,1.6999969482422443,-0.5288991452693015,3.0699920654296875,211.09150009155275,210.647998046875,1.8503632875429834
2026-03-20,205.3699951171875,207.5399932861328,204.32000732421875,207.3999938964844,63694600,-2.0299987792969034,-1.6238740557820153,3.2199859619140625,210.85449981689453,210.18799743652343,1.95881100517758
2026-03-23,210.13999938964844,212.8000030517578,209.50999450683597,209.7899932861328,44277400,0.350006103515625,2.322639327005427,3.2900085449218466,211.0979995727539,209.8679962158203,2.063091840820664
2026-03-24,207.2400054931641,209.3500061035156,206.63999938964844,207.9499969482422,35351400,-0.7099914550780966,-1.3800294588880657,2.710006713867159,211.03199996948243,208.2759979248047,1.8460443268646678
2026-03-25,211.7100067138672,213.07000732421875,209.8999938964844,211.55999755859372,36388800,0.15000915527346592,2.1569200454641724,3.1700134277343466,211.08550033569335,208.6440002441406,1.9163031097428547
2026-03-26,207.5399932861328,212.88999938964844,207.1199951171875,210.6100006103516,46746000,-3.0700073242187784,-1.9696817795534227,5.7700042724609375,211.06650009155274,208.4,2.1458820897680937
2026-03-27,199.33999633789065,206.6000061035156,199.13999938964844,206.4600067138672,56009800,-7.120010375976534,-3.9510442389467215,7.460006713867159,210.53349990844725,207.19400024414062,2.7317579610762293
2026-03-30,200.9499969482422,203.8000030517578,199.97999572753903,201.47999572753903,46373800,-0.5299987792968466,0.8076656164990093,3.8200073242187784,210.16149978637696,205.3559997558594,2.394735491404891
2026-03-31,208.2700042724609,210.27999877929688,204.13999938964844,204.8500061035156,58470100,3.4199981689453125,3.6427008884723167,6.1399993896484375,210.13850021362305,205.56199951171874,3.0809909692943513
2026-04-01,210.57000732421875,213.5800018310547,208.19000244140625,210.44000244140625,45955400,0.1300048828125,1.1043371606930696,5.3899993896484375,209.82600021362305,205.33399963378906,2.9412903840705287
2026-04-02,209.7700042724609,212.2100067138672,204.8999938964844,206.5399932861328,31453000,3.2300109863280966,-0.3799226024274516,7.310012817382784,209.36750030517578,205.78000183105468,2.765715977570901
2026-04-06,212.7899932861328,212.9499969482422,209.58999633789065,209.8000030517578,25385500,2.989990234375,1.4396667550949704,3.360000610351534,209.34649963378905,208.47000122070312,1.4669655446459107
2026-04-07,213.7700042724609,213.97000122070312,209.0800018310547,211.2400054931641,28154600,2.529998779296818,0.4605531356027148,4.8899993896484375,209.3604995727539,211.03400268554688,1.5051596776808411
2026-04-08,221.25,226.1000061035156,219.6199951171875,223.7899932861328,51092700,-2.5399932861328125,3.4990857360911454,6.480010986328097,209.70649948120118,213.6300018310547,1.4484700991313106
2026-04-09,233.6499938964844,233.8000030517578,223.2700042724609,225.22999572753903,65964200,8.41999816894537,5.6045170153601775,10.529998779296903,210.75649948120116,218.24599914550782,2.4243479687048604
2026-04-10,238.3800048828125,240.42999267578125,235.2100067138672,235.3000030517578,56912800,3.0800018310546875,2.024400218227118,5.2199859619140625,212.19899978637696,223.96799926757814,2.0056320440231565
2026-04-13,239.88999938964844,240.0,235.75,237.4499969482422,42166200,2.44000244140625,0.6334400855383171,4.25,213.80999984741212,229.38800048828125,2.1500189279710655
2026-04-14,249.0200042724609,252.17999267578125,241.77999877929688,241.77999877929688,72685000,7.240005493164034,3.8059130876826552,10.399993896484375,215.67399978637695,236.43800048828126,1.8821605619954136
2026-04-15,248.5,250.44000244140625,247.1999969482422,249.25,43045200,-0.75,-0.2088202809168549,3.2400054931640625,217.33899993896483,241.88800048828125,2.361637273376337
2026-04-16,249.6999969482422,250.0,244.1999969482422,248.50999450683597,41895700,1.1900024414062216,0.4828961562342915,5.8000030517578125,219.33050003051758,245.0980010986328,1.595426508674916
2026-04-17,250.55999755859372,256.17999267578125,250.1100006103516,254.9900054931641,52029300,-4.430007934570369,0.3444135445983987,6.069992065429659,221.42050018310547,247.53399963378905,1.5941519478003026
2026-04-20,248.27999877929688,250.17999267578125,245.3699951171875,249.19000244140625,39463100,-0.910003662109375,-0.9099612075002761,4.80999755859375,223.56600036621094,249.21199951171874,1.8192140883437227
2026-04-21,249.91000366210935,255.08999633789065,249.1000061035156,255.08999633789065,42922400,-5.179992675781307,0.656518805713957,5.989990234375057,225.55450057983398,249.38999938964844,0.6379282431146222
2026-04-22,255.3600006103516,255.94000244140625,250.3300018310547,252.44000244140625,36065100,2.919998168945341,2.180783829530464,5.6100006103515625,227.96050033569335,250.76199951171876,1.101028300263863
2026-04-23,255.0800018310547,258.7900085449219,253.07000732421875,255.38999938964844,39091400,-0.30999755859375,-0.1096486445127165,5.720001220703125,230.12900009155274,251.83800048828124,1.141333344484743
2026-04-24,263.989990234375,264.5,257.69000244140625,259.9800109863281,53777400,4.009979248046875,3.4930172257179093,6.80999755859375,232.95149993896484,254.5239990234375,1.773931259739759
2026-04-27,261.1199951171875,264.1499938964844,260.3399963378906,263.4599914550781,44906800,-2.339996337890625,-1.0871605831113018,3.80999755859375,236.04049987792968,257.0919982910156,1.8242367627828995
2026-04-28,259.70001220703125,261.0299987792969,256.6300048828125,258.3900146484375,42204400,1.30999755859375,-0.5438047398549362,4.399993896484375,238.97800064086914,259.05,1.9591235202653399
2026-04-29,263.0400085449219,265.9100036621094,257.70001220703125,257.989990234375,72367900,5.050018310546875,1.2860978748156615,8.209991455078125,241.71650085449218,260.58600158691405,1.8370073359581074
2026-04-30,265.0599975585937,273.8800048828125,256.1600036621094,273.1700134277344,100974900,-8.110015869140682,0.7679398373068524,17.720001220703125,244.44100036621094,262.5820007324219,1.7927241024977019
2026-05-01,268.260009765625,273.32000732421875,262.739990234375,265.5799865722656,50825200,2.680023193359375,1.2072784412985316,10.58001708984375,247.36550064086913,263.4360046386719,1.0778837523869493
2026-05-04,272.04998779296875,276.1000061035156,268.79998779296875,268.79998779296875,49083700,3.25,1.4128002271583506,7.300018310546875,250.32850036621093,265.62200317382815,0.803295368964463
2026-05-05,273.54998779296875,278.5599975585937,272.3800048828125,276.0799865722656,41908500,-2.529998779296875,0.5513692583370089,6.179992675781193,253.31749954223633,268.3919982910156,0.36748233989740925
2026-05-06,274.989990234375,277.79998779296875,272.2099914550781,272.8900146484375,44552000,2.0999755859375,0.5264129064761924,5.589996337890625,256.0044990539551,270.78199462890626,0.39865423354220303
2026-05-07,271.1700134277344,276.6300048828125,270.489990234375,275.0199890136719,35892900,-3.8499755859375,-1.389133038400725,6.1400146484375,257.88050003051757,272.0039978027344,1.1066040525005603
2026-05-08,272.67999267578125,274.0,269.95001220703125,271.6300048828125,34732700,1.04998779296875,0.5568385784843644,4.04998779296875,259.595499420166,272.88799438476565,1.0328236922083331
2026-05-11,268.989990234375,273.6300048828125,268.4800109863281,269.8399963378906,38176700,-0.850006103515625,-1.3532354923427414,5.149993896484375,261.05049896240234,272.2759948730469,1.0496075068360722
2026-05-12,265.82000732421875,267.6499938964844,262.6300048828125,266.7099914550781,36776200,-0.889984130859375,-1.1784761609137218,5.019989013671875,261.89049911499023,270.72999877929686,1.0156938105562943
2026-05-13,270.1300048828125,270.7200012207031,263.20001220703125,264.42999267578125,39670900,5.70001220703125,1.6213969753363422,7.519989013671875,262.97199935913085,269.75800170898435,1.3676076731484914
2026-05-14,267.2200012207031,270.7799987792969,266.6300048828125,269.1499938964844,31338400,-1.92999267578125,-1.0772604336833247,4.149993896484375,263.8479995727539,268.96799926757814,1.314357100471139
2026-05-15,264.1400146484375,264.3599853515625,260.8900146484375,262.5,40770300,1.6400146484375,-1.1526033074604314,3.469970703125,264.5270004272461,267.2600036621094,1.2615289173107818
2026-05-18,264.8599853515625,268.8500061035156,262.5299987792969,263.8699951171875,33690800,0.989990234375,0.27257161474880665,6.32000732421875,265.3559997558594,266.4340026855469,1.2371691306044084
2026-05-19,259.3399963378906,262.25,255.19000244140625,262.0400085449219,40340700,-2.70001220703125,-2.0841158796957915,7.05999755859375,265.82749938964844,265.13800048828125,1.4460684791314735
2026-05-20,265.010009765625,265.5799865722656,259.5299987792969,260.04998779296875,34933200,4.96002197265625,2.1863243262898013,6.04998779296875,266.3099998474121,264.11400146484374,1.6582042756721052
2026-05-21,268.4599914550781,269.489990234375,261.3699951171875,263.5,36591700,4.959991455078125,1.301830709151064,8.1199951171875,266.97899932861327,264.36199951171875,1.7440032368295648
2026-05-22,266.32000732421875,269.7900085449219,266.239990234375,268.6600036621094,27535500,-2.339996337890625,-0.7971333528174807,3.550018310546875,267.09550018310546,264.797998046875,1.6862189223760145
2026-05-26,265.2900085449219,269.29998779296875,262.07000732421875,267.94000244140625,38028100,-2.649993896484375,-0.3867523096163561,7.22998046875,267.3040008544922,264.8840026855469,1.7024703869715065
2026-05-27,271.8500061035156,272.4100036621094,265.70001220703125,266.1499938964844,40061900,5.70001220703125,2.472764652756587,6.709991455078125,267.91150054931643,267.38600463867186,1.4841100361365276
2026-05-28,274.0,274.5,267.44000244140625,272.2699890136719,40630400,1.730010986328125,0.7908750591183455,7.05999755859375,268.4595001220703,269.1840026855469,1.316509344593275
2026-05-29,270.6400146484375,274.75,269.6400146484375,271.2900085449219,54749600,-0.649993896484375,-1.226272026117703,5.1099853515625,268.7385009765625,269.62000732421876,1.4902268357063149
2026-06-01,261.260009765625,266.6300048828125,260.70001220703125,266.2900085449219,53604400,-5.029998779296875,-3.465860321873382,5.92999267578125,268.3885009765625,268.6080078125,2.221853603763364
2026-06-02,256.5199890136719,261.20001220703125,254.3699951171875,257.1600036621094,41811000,-0.6400146484375,-1.81429249589532,6.83001708984375,267.6120010375977,266.85400390625,2.3154106233029177
2026-06-03,250.0200042724609,257.0899963378906,247.7100067138672,254.6999969482422,51394200,-4.679992675781278,-2.533909644314125,9.379989624023438,266.4355018615723,262.488003540039,1.6002385278221865
2026-06-04,253.7899932861328,255.8300018310547,251.75,253.1199951171875,35609800,0.6699981689453125,1.507874949703436,4.0800018310546875,265.37550201416013,258.4460021972656,1.8811156080308562
2026-06-05,246.02999877929688,256.3800048828125,245.77999877929688,254.25999450683597,55607800,-8.229995727539091,-3.057644001781823,10.600006103515625,264.1185012817383,253.5239990234375,1.9881617575918062
2026-06-08,245.22000122070312,249.4199981689453,243.3600006103516,246.67999267578125,33899500,-1.459991455078125,-0.32922715222234444,6.059997558593722,262.74550170898436,250.3159973144531,1.849866192807741
2026-06-09,244.19000244140625,250.42999267578125,240.3999938964844,247.72999572753903,44425400,-3.539993286132784,-0.4200304926880172,10.029998779296847,261.50550231933596,247.85,1.8477644051565767
2026-06-10,238.0,244.07000732421875,237.4499969482422,243.6100006103516,38590200,-5.610000610351591,-2.5349123139844942,6.6200103759765625,260.114501953125,245.4459991455078,1.8479770700249534
2026-06-11,241.50999450683597,242.13999938964844,235.17999267578125,237.92999267578125,41335400,3.580001831054716,1.474787607914263,6.9600067138671875,258.68350143432616,242.98999938964843,1.836926291290114
2026-06-12,238.5500030517578,243.3600006103516,233.58999633789065,243.2100067138672,51186600,-4.660003662109375,-1.2256186172015182,9.770004272460938,257.25000152587893,241.49400024414064,1.461633493736846
2026-06-15,246.0200042724609,247.80999755859372,244.72999572753903,245.0200042724609,41711600,1.0,3.1314194613874413,3.0800018310546875,256.34400100708007,241.65400085449218,2.2387998200893304
2026-06-16,246.0,249.50999450683597,245.4499969482422,248.0,35187400,-2.0,-0.008131156862656308,4.059997558593778,255.40100173950196,242.01600036621093,2.223087805430891
2026-06-17,237.5,245.91000366210935,236.0,244.8999938964844,44780800,-7.399993896484403,-3.455284552845528,9.910003662109347,254.30900192260742,241.91600036621094,2.5209429144850093
2026-06-18,244.38999938964844,245.72999572753903,236.0200042724609,240.1199951171875,75624400,4.2700042724609375,2.9010523745888195,9.709991455078125,253.2780014038086,242.49200134277345,2.79741515987464
2026-06-22,232.7899932861328,242.0,232.2400054931641,240.0800018310547,68388500,-7.290008544921875,-4.746514232368771,9.759994506835909,251.49450149536133,241.33999938964843,3.5965984894557947
2026-06-23,234.1100006103516,236.8699951171875,232.0,232.5500030517578,60492600,1.5599975585937784,0.5670378290686617,4.8699951171875,249.88400115966797,238.95799865722657,3.110831190118471
2026-06-24,234.2700042724609,242.4199981689453,232.9499969482422,233.8500061035156,70282600,0.4199981689453125,0.06834550497294423,9.470001220703125,248.33300094604493,236.61199951171875,3.1167921834674055
2026-06-25,227.00999450683597,232.32000732421875,225.5500030517578,232.0200042724609,77674100,-5.010009765624943,-3.098992458796135,6.7700042724609375,246.09100036621095,234.51399841308594,3.0480256297726056
2026-06-26,232.69000244140625,233.8999938964844,226.1300048828125,227.2100067138672,248372100,5.4799957275390625,2.5020959746330673,7.769989013671903,244.02550048828124,232.1739990234375,2.92774377827103
2026-06-29,240.13999938964844,249.7100067138672,233.8000030517578,234.22000122070312,77619200,5.9199981689453125,3.2016832997017852,15.910003662109375,242.5004997253418,233.6440002441406,2.4668541183832815
2026-06-30,238.33999633789065,241.5399932861328,237.1699981689453,237.3500061035156,66228300,0.9899902343750568,-0.7495640277891069,4.3699951171875,241.35449905395507,234.48999938964843,2.5466403761618714
2026-07-01,241.6999969482422,244.8999938964844,234.8999938964844,239.75,53829900,1.9499969482421875,1.4097510539473612,10.0,240.6134994506836,235.9759979248047,2.5754731558496013
2026-07-02,242.6699981689453,246.72000122070312,241.0800018310547,241.6100006103516,48246400,1.0599975585937216,0.40132446543259537,5.6399993896484375,240.24599914550782,239.10799865722657,1.5864846344021315
2026-07-06,244.16000366210935,246.0399932861328,240.8800048828125,243.8000030517578,40044000,0.3600006103515341,0.6140048231783046,5.1599884033203125,239.76449966430664,241.4019989013672,1.4646388847607024
2026-07-07,245.97999572753903,248.92999267578125,242.6999969482422,246.97999572753903,40579600,-1.0,0.7454095831143315,6.2299957275390625,239.76199951171876,242.56999816894532,0.7859336042714041
2026-07-08,243.6199951171875,244.8000030517578,240.5200042724609,244.2700042724609,29653000,-0.6500091552734091,-0.9594278605344786,4.279998779296903,239.68199920654297,243.6259979248047,0.8694595244369524
2026-07-09,247.0399932861328,247.5,238.25,239.82000732421875,38091700,7.2199859619140625,1.403824906613349,9.25,239.8244987487793,244.69399719238282,0.8678133441068167
2026-07-10,245.33999633789065,251.02999877929688,244.41000366210935,249.5500030517578,31654000,-4.210006713867159,-0.6881464517662694,6.619995117187528,240.19149856567384,245.22799682617188,1.0060401853114542
2026-07-13,247.30999755859372,249.6499938964844,244.17999267578125,244.67999267578125,34636100,2.6300048828124716,0.8029678202122081,5.470001220703153,240.48149871826172,245.85799560546874,1.0277102767227808
2026-07-14,247.4900054931641,248.55999755859372,243.8000030517578,245.5500030517578,30108100,1.9400024414062784,0.07278635572656178,4.759994506835909,240.92849884033203,246.15999755859374,0.9918342723243151
2026-07-15,254.9600067138672,256.4800109863281,249.75,249.75,45240600,5.2100067138671875,3.018304196089816,6.730010986328125,241.37549896240233,248.4279998779297,1.4101906412703038
2026-07-16,249.88999938964844,258.0799865722656,248.0,255.1199951171875,45343700,-5.2299957275390625,-1.9885500434225545,10.079986572265625,241.56999893188475,248.9980010986328,1.8635784274110547
2026-07-17,247.22999572753903,250.2400054931641,243.58999633789065,244.4600067138672,43572400,2.7699890136718466,-1.0644698341696013,6.6500091552734375,242.0564987182617,249.3760009765625,1.9174314555700405
2026-07-20,249.9900054931641,252.88999938964844,248.0,248.75999450683597,32406500,1.230010986328125,1.116373341957555,4.8899993896484375,242.3364990234375,249.91200256347656,1.948244505837249
2026-07-21,247.5500030517578,249.33999633789065,246.4199981689453,249.1100006103516,27732100,-1.5599975585937784,-0.9760399967161937,2.919998168945341,243.07449951171876,249.92400207519532,2.024493765045397
2026-07-22,244.8500061035156,248.4499969482422,242.4499969482422,248.2700042724609,34112700,-3.4199981689453125,-1.0906875035172958,6.0,243.61149978637695,247.902001953125,1.1478860258092172
2026-07-23,233.66000366210935,238.3500061035156,232.0500030517578,236.25999450683597,47465300,-2.5999908447266193,-4.570145869906749,6.300003051757784,243.58099975585938,244.6560028076172,2.0454526654641243
2026-07-24,232.1100006103516,234.9499969482422,231.33999633789065,234.3800048828125,35017400,-2.270004272460909,-0.6633583101364637,3.610000610351534,243.83600006103515,241.6320037841797,2.06559915486554
2026-07-27,231.38999938964844,235.88999938964844,230.9900054931641,235.6699981689453,34999500,-4.279998779296875,-0.31019827616640683,4.899993896484347,243.77099990844727,237.91200256347656,1.7306808610719204
2026-07-28,230.8600006103516,233.1100006103516,228.1000061035156,232.8500061035156,44521600,-1.9900054931640057,-0.2290499938177315,5.009994506835994,243.30699996948243,234.57400207519532,1.819560525319471
2026-07-29,226.6499938964844,232.82000732421875,226.16000366210935,229.32000732421875,44957500,-2.6700134277343466,-1.82361894773313,6.660003662109403,242.7224998474121,230.93399963378906,1.8206852263671125
2026-07-30,235.5,239.82000732421875,231.05999755859372,233.3500061035156,101839800,2.1499938964844034,3.9047016729934603,8.760009765625028,242.4125,231.3019989013672,2.1798318898440825
2026-07-31,271.5799865722656,273.2300109863281,262.010009765625,265.0,129054800,6.579986572265625,15.320588778032107,11.220001220703125,243.857999420166,239.19599609375,7.010227263390503
2026-08-03,284.0199890136719,287.20001220703125,278.0,278.2900085449219,90830200,5.72998046875,4.580603526208682,9.20001220703125,245.85099868774415,249.72199401855468,6.70236067368318
2026-08-04,277.4200134277344,281.07000732421875,275.82000732421875,276.0599975585937,69748100,1.3600158691406818,-2.3237715094833633,5.25,247.4229995727539,259.03399658203125,7.113072688551419
2026-08-05,272.6499938964844,282.7900085449219,270.7300109863281,281.5899963378906,45119800,-8.94000244140625,-1.7194215631067156,12.05999755859375,248.87449951171874,268.23399658203124,7.0921174457216045
2026-08-06,272.260009765625,275.4800109863281,271.0599975585937,272.7699890136719,30672900,-0.509979248046875,-0.1430347110176089,4.420013427734432,250.13550033569337,275.58599853515625,7.326102829292088
2026-08-07,274.4800109863281,278.3099975585937,272.75,272.8699951171875,33861400,1.610015869140625,0.815397466052481,5.559997558593693,251.59250106811524,276.16600341796874,2.7263012909986597
2026-08-10,278.0899963378906,280.1400146484375,273.6000061035156,274.010009765625,35731900,4.079986572265625,1.3152088338200807,6.540008544921875,253.1315010070801,274.9800048828125,1.5753027356545832
2026-08-11,272.2699890136719,278.8399963378906,271.3599853515625,278.69000244140625,31895700,-6.420013427734375,-2.092850300572191,7.480010986328125,254.37050018310546,273.95,1.507119181290247
2026-08-12,267.2799987792969,273.4599914550781,267.1000061035156,273.17999267578125,29941100,-5.899993896484375,-1.8327360472051302,6.3599853515625,254.98649978637695,272.8760009765625,1.533204959466364
2026-08-13,265.1300048828125,269.5799865722656,264.7099914550781,267.239990234375,32170200,-2.1099853515625,-0.804397600383,4.8699951171875,255.74850006103514,271.45,1.5353577572793609
2026-08-14,262.6499938964844,265.8099975585937,262.4200134277344,264.8800048828125,27251700,-2.230010986328125,-0.9353943124710828,3.389984130859318,256.5194999694824,269.08399658203126,1.3421942190682465
2026-08-17,261.3099975585937,265.75,258.3399963378906,265.44000244140625,43896500,-4.130004882812557,-0.5101832739500489,7.410003662109375,257.0854995727539,265.7279968261719,0.6880655379709978
2026-08-18,259.45001220703125,262.17999267578125,257.7300109863281,260.6300048828125,33171300,-1.17999267578125,-0.7117926481727377,4.449981689453125,257.6805000305176,263.16400146484375,0.5124504097446114
2026-08-19,265.8399963378906,266.3999938964844,258.5799865722656,260.8500061035156,35762400,4.989990234375,2.462896060980113,7.82000732421875,258.7299995422363,262.8760009765625,1.4409229823388798
2026-08-20,260.1099853515625,263.8399963378906,259.5199890136719,263.1600036621094,28374100,-3.050018310546875,-2.1554360010767937,4.32000732421875,260.052498626709,261.8719970703125,1.7080124485684294
2026-08-21,258.6300048828125,261.0899963378906,257.0400085449219,260.739990234375,35723000,-2.1099853515625,-0.5689825658748426,4.04998779296875,261.37849884033204,261.0679992675781,1.6853994149739568
2026-08-24,262.07000732421875,263.32000732421875,259.04998779296875,259.6000061035156,28070500,2.470001220703125,1.330086369122152,4.27001953125,262.91249923706056,261.2200012207031,1.822486207461437
2026-08-25,261.0599975585937,263.8900146484375,259.8299865722656,262.510009765625,25550200,-1.4500122070313068,-0.3853969311244154,4.060028076171875,264.42249908447263,261.5419982910156,1.793029535077475
2026-08-26,260.2799987792969,262.04998779296875,258.239990234375,261.2799987792969,21528400,-1.0,-0.2987814244201692,3.80999755859375,266.10399932861327,260.42999877929685,1.2361770882779204
2026-08-27,256.260009765625,259.6600036621094,255.0200042724609,259.2300109863281,35927800,-2.970001220703125,-1.544486334918349,4.639999389648466,267.14199981689455,259.6600036621094,1.0350559273422328
2026-08-28,266.42999267578125,267.5599975585937,257.7799987792969,258.32000732421875,49547400,8.1099853515625,3.9686187944258933,9.779998779296818,266.88450012207034,261.2200012207031,2.136426593424577
2026-08-31,259.7699890136719,264.3599853515625,257.1199951171875,263.8299865722656,46089400,-4.05999755859375,-2.499719943397638,7.239990234375,265.6720001220703,260.75999755859374,2.4751931882978377
2026-09-01,254.9199981689453,255.82000732421875,251.92999267578125,254.8300018310547,31700100,0.089996337890625,-1.8670327789371055,3.8900146484375,264.54699935913084,259.53199768066406,2.5958754978872185
2026-09-02,254.97999572753903,256.239990234375,253.3999938964844,254.25999450683597,24013300,0.7200012207030682,0.02353583831189443,2.8399963378905966,263.6634994506836,258.47199707031245,2.604503853772681
2026-09-03,258.8999938964844,259.5,256.0,256.20001220703125,26891500,2.699981689453125,1.5373747880732092,3.5,262.99549865722656,258.9999938964844,2.6257385424438304
2026-09-04,258.510009765625,261.1199951171875,255.2899932861328,259.07000732421875,30749900,-0.55999755859375,-0.1506311858065601,5.8300018310546875,262.1969985961914,257.41599731445314,1.6103593751647065
2026-09-08,256.9700012207031,257.989990234375,254.75,256.67999267578125,29398000,0.290008544921875,-0.5957249184734059,3.239990234375,261.14099884033203,256.8559997558594,1.2253491756149104
2026-09-09,252.3999938964844,254.69000244140625,250.6499938964844,253.1199951171875,33055500,-0.7200012207030966,-1.778420555905158,4.040008544921847,260.14749908447266,256.3519989013672,1.195682361118443
2026-09-10,251.88999938964844,253.1499938964844,249.5800018310547,250.1100006103516,25484800,1.7799987792968466,-0.20205805038375768,3.569992065429716,259.37799911499025,255.7339996337891,1.1897209042015835
2026-09-11,256.7799987792969,257.5899963378906,253.13999938964844,254.08999633789065,26724100,2.6900024414062216,1.941323356027369,4.4499969482421875,258.96049880981445,255.31000061035155,1.3441089815425227
2026-09-14,253.5399932861328,255.9499969482422,250.7400054931641,253.1499938964844,34352800,0.3899993896484091,-1.2617826577485336,5.209991455078097,258.5049987792969,254.3159973144531,1.4317699868048317
2026-09-15,248.4199981689453,253.2700042724609,247.22000122070312,252.2400054931641,36275400,-3.8200073242187784,-2.019403349675619,6.050003051757784,257.86049880981443,252.60599670410156,1.6153556615050977
2026-09-16,245.9600067138672,249.25999450683597,244.3000030517578,248.1000061035156,33488500,-2.139999389648409,-0.9902550008897171,4.959991455078153,257.1859985351563,251.31799926757813,1.5147500950162225
2026-09-17,251.19000244140625,252.72999572753903,249.2400054931641,251.07000732421875,30438800,0.1199951171875,2.126360214985379,3.489990234374943,256.45349884033203,251.1779998779297,1.9321316627459701
2026-09-18,253.7100067138672,255.42999267578125,251.8800048828125,252.9199981689453,52148900,0.790008544921875,1.0032263418002785,3.54998779296875,256.1334999084473,250.56400146484376,1.72610796808331
