Date,Close,High,Low,Open,Volume,Daily Price Change,Daily Return,Daily Trading Range,20-Day Moving Average,5-Day Moving Average,5-Day Volatility
2021-09-20,137.41192626953125,137.68978457112166,135.03703359355418,136.85918731338376,46518000,0.5527389561474934,,2.6527509775674787,,,
2021-09-21,137.7224578857422,138.69173475427118,136.97456979718643,138.4321958220038,25332000,-0.7097379362616039,0.2259859275983267,1.7171649570847478,,,
2021-09-22,138.96116638183594,139.55897809141058,137.24549771276563,137.9909069886217,25056000,0.9702593932142349,0.8994237505704383,2.313480378644954,,,
2021-09-23,139.88490295410156,140.36087304097438,139.0780815102405,139.6585564297789,20952000,0.22634652432265057,0.6647444004085123,1.2827915307338742,,,
2021-09-24,140.87448120117188,140.9889014490048,138.91908904507557,139.21378542182566,22984000,1.660695779346213,0.7074231930482178,2.069812403929234,,138.97098693847656,
2021-09-27,139.74224853515625,140.60058167299186,138.7472157143195,139.47726820093547,21882000,0.2649803342207804,-0.8037173634015127,1.8533659586723559,,139.43705139160156,0.6845609426842592
2021-09-28,134.5496826171875,137.785387734539,134.08411157822107,137.34805144334183,45772000,-2.7983688261543307,-3.7158167786762175,3.701276156317931,,138.80249633789063,1.9489678257535774
2021-09-29,133.08709716796875,135.85822880609126,132.60320680070598,135.6888354361308,30848000,-2.601738268162052,-1.0870225932676503,3.2550220053852854,,137.6276824951172,1.8021651188325682
2021-09-30,132.41595458984375,134.26486166268856,132.29709055592656,132.99594577873873,37996000,-0.5799911888949794,-0.504288238609607,1.967771106762001,,136.13389282226564,1.6240562539815309
2021-10-01,135.25592041015625,135.61996414886843,132.80920186499142,133.18016825399758,35360000,2.0757521561586714,2.1447308438845125,2.810762283877011,,135.0101806640625,2.0822487131080023
2021-10-04,132.39964294433594,134.67894893702572,129.81474265622978,134.67894893702572,51202000,-2.2793059926897854,-2.1117578122708425,4.8642062807959405,,133.54165954589843,2.1644438791784473
2021-10-05,134.74085998535156,135.9310423000805,132.77754737931195,132.77754737931195,32404000,1.963312606039608,1.7682955852078353,3.153494920768537,,133.57989501953125,1.844814964884324
2021-10-06,136.26829528808594,136.45154903354904,133.28171570875574,133.4798274575008,24364000,2.788467830585148,1.1336095842793492,3.169833324793302,,134.21613464355468,1.770881456441916
2021-10-07,137.9126739501953,138.72197425447405,137.3440793842136,137.58280506274824,25110000,0.329868887447077,1.2067213863892423,1.3778948702604623,,135.315478515625,1.6953567834221188
2021-10-08,138.46788024902344,139.00822490974625,137.9052259091704,138.26133433756362,26526000,0.20654591145981271,0.40257815538304875,1.102999000575835,,135.95787048339844,1.5279265047172599
2021-10-11,137.60459899902344,139.3856551740966,137.55010956888324,137.9790418985693,17954000,-0.37444289954586907,-0.6234523475389775,1.8355456052133547,,136.99886169433594,0.921405825780002
2021-10-12,135.16282653808594,138.19200026988304,134.48031058391572,138.16524679321645,36332000,-3.0024202551305166,-1.7744846311094853,3.7116896859673147,,137.0832550048828,1.2665902794836248
2021-10-13,136.28515625,136.69921546698336,135.23217255462345,136.1073438593819,19654000,0.17781239061810084,0.8303538337131489,1.467042912359915,,137.0866271972656,1.2088086747771059
2021-10-14,139.82052612304688,140.0052611798392,137.51644677005615,138.15933141827642,31894000,1.6611947047704518,2.594097530740358,2.4888144097830605,,137.46819763183595,1.6363011716052382
2021-10-15,140.0354766845703,140.3821836681898,139.42826334195342,140.27965888530153,30274000,-0.24418220073121688,0.15373319460567636,0.9539203262363856,136.9301887512207,137.7817169189453,1.6356462827244744
2021-10-18,141.4321746826172,141.4500103351122,139.7397828702763,139.74672063679765,20396000,1.6854540458195402,0.9973886840067836,1.7102274648359241,137.131201171875,138.54723205566407,1.5824683088375817
2021-10-19,141.88682556152344,142.30832126285318,141.25583655099084,142.03590438610263,20164000,-0.14907882457919186,0.32146212834986976,1.0524847118623484,137.33941955566405,139.89203186035155,0.9675218840480375
2021-10-20,140.4326934814453,142.1929515962264,140.04389134259256,141.9869044494379,23288000,-1.5542109679925886,-1.024853487505506,2.1490602536338486,137.41299591064453,140.72153930664064,1.3276745718100333
2021-10-21,140.548583984375,140.81604319627527,139.1756468498999,140.4326824733916,26292000,0.11590151098340584,0.08252387678158168,1.6403963463753826,137.4461799621582,140.86715087890624,0.7284670373834541
2021-10-22,136.269775390625,139.25783621028776,134.77351552457247,137.8383452130295,50588000,-1.5685698224044984,-3.0443626484530695,4.484320685715289,137.21594467163087,140.1140106201172,1.5811329234334608
2021-10-25,136.15142822265625,136.69920946760487,134.14748690052696,136.25345419885457,34412000,-0.10202597619831977,-0.08684770164880673,2.551722567077917,137.03640365600586,139.057861328125,1.3802664242312876
2021-10-26,137.99537658691406,138.7625665768636,137.0008424939082,137.95080257189426,49236000,0.04457401501980485,1.354336409341439,1.7617240829553964,137.20868835449218,138.27957153320312,1.6346432973630636
2021-10-27,144.83924865722656,147.24881500925127,138.0909634675946,138.0909634675946,85782000,6.748285189631957,4.959493745069055,9.157851541656669,137.7962959289551,139.16088256835937,2.8974587708124173
2021-10-28,144.47422790527344,145.77089496837942,143.26374634339527,145.74761793016637,36206000,-1.273390024892933,-0.252017844152852,2.507148624984154,138.39920959472656,139.94601135253907,2.917718252317318
2021-10-29,146.6505126953125,146.84466433843326,143.2860287173303,143.71048698452512,43320000,2.9400257107873813,1.5063481020753278,3.558635621102951,138.96893920898438,142.02215881347655,2.0962429167272774
2021-11-01,142.14439392089844,146.650526252916,141.87545343779885,146.650526252916,46924000,-4.5061323320175575,-3.0726921383331107,4.7750728151171415,139.4561767578125,143.220751953125,2.9224558547525823
2021-11-02,144.06166076660156,145.22706960553992,142.97500087453776,143.2167042160869,33482000,0.8449565505146666,1.3488163639925554,2.2520687310021685,139.922216796875,144.4340087890625,2.922241919628296
2021-11-03,145.21617126464844,145.28650117069887,143.22808554087496,144.52523624092677,27494000,0.6909350237216643,0.8014002420236865,2.0584156298239122,140.36961059570314,144.50939331054687,1.885043566822785
2021-11-04,146.8699188232422,148.3221035591596,144.92888610521643,145.73768752512296,38412000,1.1322312981192226,1.1388177667760457,3.3932174539431514,140.81747283935547,144.98853149414063,1.9284347940815032
2021-11-05,147.4489288330078,148.91051523572824,146.80010405976353,147.7634258058656,38354000,-0.3144969728577962,0.3942332197122367,2.110411175964714,141.2665252685547,145.1482147216797,1.8221381786973485
2021-11-08,147.62625122070312,149.1953201974763,147.03140193421632,148.41275821148804,23052000,-0.7865069907849147,0.120260207448597,2.1639182632599727,141.76760787963866,146.2445861816406,0.5086677308497942
2021-11-09,147.5147705078125,148.42213649161667,145.85703759858688,147.8263048865866,19530000,-0.3115343787740983,-0.07551550755289238,2.565098893029784,142.385205078125,146.93520812988282,0.4956355872996067
2021-11-10,144.51829528808594,146.6742930482063,143.17508933638337,146.1096586376128,29970000,-1.5913633495268584,-2.031305210597789,3.499203711822929,142.7968620300293,146.7956329345703,1.1787236240651595
2021-11-11,144.3925018310547,146.144839595857,144.22806618195017,145.10869397753137,16518000,-0.7161921464766863,-0.08704327488813224,1.9167734139068386,143.02546081542968,146.3001495361328,0.9676395547540865
2021-11-12,147.2765350341797,147.44692595196187,144.04033190788914,145.23347643622148,22360000,2.0430585979582077,1.9973566262460274,3.406594044072733,143.38751373291015,146.2656707763672,1.4267281859405487
2021-11-15,147.05267333984375,148.1398318289553,146.18394111280924,147.49694730851232,23508000,-0.4442739686685684,-0.15200092416893796,1.9558907161460581,143.66853866577148,146.1509552001953,1.4254583604729802
2021-11-16,146.4821319580078,147.3602657973772,145.923936479964,146.7530525035929,18904000,-0.27092054558508494,-0.3879843656547477,1.4363293174131968,143.8983039855957,145.94442749023438,1.4326085363191319
2021-11-17,146.6514892578125,147.159155351601,145.85210447494438,146.63217234150972,19594000,0.019316916302784648,0.11561635370875845,1.3070508766566036,144.20924377441406,146.37106628417968,0.9672651075661021
2021-11-18,148.4261474609375,149.1611578418581,146.49057074897004,146.84420040414852,35608000,1.5819470567889766,1.2101194553879813,2.67058709288807,144.60312194824218,147.17779541015625,1.0113961639999414
2021-11-19,147.52273559570312,149.54351527153173,147.49549843490428,148.56184386065286,33682000,-1.039108264949732,-0.6086608597532517,2.048016836627454,145.1657699584961,147.22703552246094,0.7098570770211328
2021-11-22,144.92298889160156,148.41723576291287,144.76994989320195,147.92492630939446,30594000,-3.0019374177929024,-1.7622685029556107,3.647285869710913,145.60434799194337,146.8010986328125,1.0832297349357718
2021-11-23,144.40786743164062,145.2775973941184,142.75658818830502,144.7753725898354,27218000,-0.36750515819477414,-0.3554449600444265,2.5210092058133853,145.9249725341797,146.38624572753906,1.0825661673417213
2021-11-24,144.74266052246094,144.870941178912,143.0121337594424,144.1022548274951,18040000,0.6404056949658354,0.23183853953026023,1.8588074194695992,145.9201431274414,146.00447998046874,1.0943711187714318
2021-11-26,140.8427734375,143.19488775564477,140.50548313123517,142.9878581645666,30470000,-2.145084727066603,-2.6943591273533074,2.6894046244096046,145.73857040405272,144.48780517578126,1.1758819642388183
2021-11-29,144.1587371826172,144.91850577608645,142.5371588988237,142.64266132158292,32596000,1.5160758610342668,2.354372655540371,2.3813468772627573,145.61398162841797,143.81500549316405,1.9427706003700125
2021-11-30,140.55996704101562,144.6237898271877,140.2667519662039,143.64163495599894,42068000,-3.0816679149833135,-2.4963940527882977,4.35703786098378,145.53476028442384,142.94240112304686,2.0894024660226944
2021-12-01,139.72193908691406,144.57476289409172,139.5837581329981,142.64264793268592,34020000,-2.9207088457718555,-0.5962067093093659,4.99100476109362,145.31777420043946,142.00521545410157,2.085358367453099
2021-12-02,141.61842346191406,142.5084528604394,138.89284824232493,139.9185948810065,29194000,1.699828580907564,1.3573275517027472,3.6156046181144745,145.13788681030275,141.3803680419922,2.256716915577941
2021-12-03,140.6630096435547,143.03890027570796,138.9785378288507,142.32668327067535,41230000,-1.6636736271206587,-0.674639496051388,4.060362446857255,144.82754135131836,141.34441528320312,1.89916928556747
2021-12-06,141.8056182861328,142.49653820256228,138.8289386103009,141.69219562959748,30618000,0.11342265653533445,0.8123021435937794,3.667599592261382,144.5453758239746,140.87379150390626,1.5028543766484481
2021-12-07,145.88133239746094,146.14037256639585,143.8585729968473,144.22409805259204,32240000,1.6572343448688969,2.8741555945295705,2.2817995695485536,144.4581298828125,141.9380645751953,1.4770350587837096
2021-12-08,146.7896728515625,146.9942386965999,145.0259688324968,146.205237875634,24270000,0.5844349759285024,0.6226570865330183,1.9682698641030925,144.421875,143.351611328125,1.2866783139674618
2021-12-09,146.24685668945312,147.69458257877417,145.7282926756004,146.1998038220425,23270000,0.04705286741062764,-0.36979179227293324,1.966289903173788,144.50830307006837,144.2772979736328,1.3936068045047583
2021-12-10,146.60643005371094,147.57322820089257,145.32115971227452,147.2983475495059,24458000,-0.6919174957949679,0.24586741376695365,2.2520684886180504,144.61899948120117,145.46598205566406,1.2249836674561871
2021-12-13,144.4519500732422,146.57523920094434,144.14585701731025,146.3885089845114,27070000,-1.936558911269202,-1.469567180429554,2.4293821836340896,144.4777702331543,145.99524841308593,1.6031820251276023
2021-12-14,142.55052185058594,143.11811878414613,139.88389547091273,142.61095145594314,38446000,-0.06042960535719999,-1.3163049870162036,3.2342233132334,144.2526626586914,145.32908630371094,0.9261457414289648
2021-12-15,145.06065368652344,145.3380132207217,140.34254884287645,142.05723536266143,36370000,3.0034183238620074,1.7608717269856689,4.995464377845252,144.18158874511718,144.98328247070313,1.3158786857452438
2021-12-16,143.08346557617188,146.2849953541412,142.25335200656264,145.78326939220364,33650000,-2.6998038160317606,-1.3630078591981731,4.031643347578552,144.00318756103516,144.35060424804686,1.4136339209572506
2021-12-17,140.38909912109375,142.4787119667157,139.9681021693179,141.15678788642228,50416000,-0.7676887653285291,-1.8830732427596586,2.5106097973978194,143.60133514404296,143.10713806152344,1.478874868690184
2021-12-20,140.27220153808594,140.43813355928052,138.0077539378615,138.6803545036419,27192000,1.5918470344440436,-0.08326685172826975,2.430379621419007,143.23880844116212,142.27118835449218,1.4645497736479314
2021-12-21,142.12013244628906,142.5128946761984,139.17812644459522,140.71450164649497,28756000,1.4056307997940962,1.3173892531382236,3.334768231603192,143.0986656188965,142.18511047363282,1.5995517637726784
2021-12-22,145.03488159179688,145.1190870300756,141.71894670487805,141.71894670487805,26322000,3.315934886918825,2.0509051710948745,3.4001403251975546,143.1300163269043,142.1799560546875,1.6846447496448815
2021-12-23,145.5316619873047,146.84614951123285,145.07153240558975,145.1190840665869,26384000,0.41257792071778,0.34252477063139164,1.7746171056431024,143.1694664001465,142.66959533691406,1.5002755099870702
2021-12-27,146.5123291015625,146.9457052312204,145.78227653939464,145.86796324695013,15976000,0.6443658546123743,0.6738513811127556,1.163428691825743,143.45294418334962,143.8942413330078,0.8395897712918459
2021-12-28,145.30435180664062,146.90115690740393,144.67782149510623,146.8387472271471,18200000,-1.5343954205064847,-0.8244884934458296,2.2233354122977005,143.51022491455078,144.90067138671876,1.079111596534443
2021-12-29,145.2726287841797,146.02745475759826,144.27463333879814,145.26222969189286,17788000,0.010399092286832001,-0.021832121382814318,1.7528214188001243,143.745858001709,145.5311706542969,1.0572766368352704
2021-12-30,144.82241821289062,145.91155689259517,144.61836625158207,145.31126625234555,15688000,-0.48884803945492195,-0.3099073618044734,1.2931906410130978,144.00088195800782,145.48867797851562,0.5796092834806804
2021-12-31,143.4866180419922,145.3157093947341,143.4866180419922,144.67332366033148,18136000,-1.186705618339289,-0.9223711269168211,1.8290913527419264,144.09429168701172,145.0796691894531,0.6493230007300171
2022-01-03,143.6248321533203,144.47622772983613,142.35837972175685,143.6877255099792,28646000,-0.06289335665888984,0.09632543662549953,2.117848008079278,144.2423828125,144.50216979980468,0.46110351268553
2022-01-04,143.03839111328125,145.10422816379875,142.3618304239217,144.025488639684,28400000,-0.9870975264027493,-0.40831451723685186,2.742397739877049,144.30402145385742,144.04897766113282,0.39772898959911385
2022-01-05,136.47634887695312,143.1374673565992,136.39017847767096,143.05871840373825,54618000,-6.582369526785129,-4.587609092394795,6.747288878928231,143.83377227783203,142.2897216796875,1.913699643954984
2022-01-06,136.4490966796875,138.62093512341903,135.2713087279278,135.7071637287869,37348000,0.7419329509006047,-0.019968439579365338,3.349626395491242,143.31674346923828,140.61505737304688,1.9524136628322113
2022-01-07,135.72547912597656,137.14348910378652,134.48676280437064,136.84333622696138,29760000,-1.1178571009848213,-0.5303205160893221,2.6567262994158796,142.79067459106446,139.06282958984374,1.9725327097830474
2022-01-10,137.36239624023438,137.51099140949978,131.90929663777965,133.8047579348391,44408000,3.5576383053952725,1.2060499802977187,5.601694771720133,142.32847290039064,137.81034240722656,2.189844219350948
2022-01-11,138.41885375976562,138.89434020648147,135.40405384594243,136.7061624010073,28730000,1.7126913587583203,0.7691024242789224,3.490286360539045,142.0268180847168,136.88643493652344,2.31156218096749
2022-01-12,140.0973663330078,141.26377260922706,139.36831139738393,139.8195080404844,26108000,0.27785829252340477,1.2126329092100097,1.895461211843127,141.9041603088379,137.6106384277344,0.7757117452788688
2022-01-13,137.2807159423828,141.5035343552344,137.10438478194067,140.20586942145763,31436000,-2.9251534790748224,-2.0104948896254693,4.399149573293727,141.51516342163086,137.77696228027344,1.3924949914732414
2022-01-14,138.16574096679688,139.41535500972142,135.70714188822194,135.7868732920058,29662000,2.3788676747910813,0.6446826987597465,3.708213121499483,141.2692771911621,138.2650146484375,1.3518822006436073
2022-01-18,134.71607971191406,135.8388944592343,134.1618595013737,134.89141323912568,34872000,-0.17533352721162032,-2.496755875041279,1.6770349578605988,140.98562622070312,137.73575134277343,1.735366397976752
2022-01-19,133.84288024902344,136.65908416614792,133.74283433997795,135.23661543971323,28648000,-1.393735190689796,-0.6481776078682944,2.916249826169974,140.66416015625,136.820556640625,1.6129630036927944
2022-01-20,132.05093383789062,136.3287393505402,131.71116467084525,134.96570256305773,29908000,-2.9147687251671073,-1.3388432823612129,4.61757467969494,140.16070022583008,135.21127014160157,1.2309135568509872
2022-01-21,129.12281799316406,133.59426174993882,128.86031646787782,131.34368942250475,55652000,-2.22087142934069,-2.217413962646564,4.733945282061001,139.36509704589844,133.5796905517578,1.2691245021656408
2022-01-24,129.57101440429688,129.9662554007094,123.32643640831692,124.79050132072317,76622000,4.780513083573709,0.3471086041171523,6.6398189923924775,138.56706466674805,131.86074523925782,1.16285882453669
2022-01-25,125.7385025024414,128.17928120048109,125.30810404425328,127.5264963501833,46960000,-1.7879938477418875,-2.9578466445411844,2.8711771562278017,137.528373336792,130.0652297973633,1.2951433386276938
2022-01-26,128.0148468017578,131.7463372318321,125.94355325697116,129.88307087009878,49130000,-1.8682240683409645,1.81037968006037,5.80278397486093,136.66389808654785,128.89962310791014,1.9403750830394682
2022-01-27,127.78899383544922,131.40210375696927,127.71716755242338,130.06631929518292,31950000,-2.277325459733703,-0.17642716602891406,3.6849362045458918,135.78971633911132,128.04723510742187,1.93999258330725
2022-01-28,132.0940399169922,132.09949641780102,127.27390918310896,128.43683914357985,34362000,3.6572007734123417,3.3688707863890555,4.825587234692065,135.1532974243164,128.6414794921875,2.365524164098272
2022-01-31,134.02813720703125,134.19604930787796,130.96330681145255,132.8974020956584,39986000,1.130735111372843,1.464182101822642,3.232742496425402,134.68037338256835,129.53290405273438,2.4024850919851786
2022-02-01,136.3465576171875,136.49415519096547,133.1019351922104,136.29752469047622,68644000,0.049032926711277014,1.729801262980346,3.392219998755081,134.31645965576172,131.6545150756836,1.2605956173144692
2022-02-02,146.60494995117188,150.1180141843333,144.15080955105117,149.82431540618072,123200000,-3.219365455008841,7.523763352197177,5.967204633282137,134.49478759765626,135.3725357055664,2.9336323258271335
2022-02-03,141.7412109375,148.26414649933386,141.32071281482683,144.3320658335247,71518000,-2.5908548960246947,-3.3175817155503884,6.943433684507028,134.7580307006836,138.16297912597656,3.902059362418793
2022-02-04,141.94232177734375,143.50941059648488,139.19050728126922,142.0923982148257,57998000,-0.15007643748194255,0.14188593318313902,4.318903315215664,135.0326919555664,140.13263549804688,3.9176852289917807
2022-02-07,137.88890075683594,142.89030508807886,137.5907279348419,142.89030508807886,54974000,-5.001404331242924,-2.8556817795795775,5.299577153236953,135.14086303710937,140.9047882080078,4.379044644431148
2022-02-08,138.0850372314453,138.68037019357018,135.72252350917643,137.71605080771687,54284000,0.3689864237284439,0.1422423948068685,2.9578466843937576,135.17699508666993,141.2524841308594,4.338036551876934
2022-02-09,140.25733947753906,141.1810599473909,138.8655843121402,139.63476944444088,40144000,0.6225700330981851,1.5731626609570615,2.3154756352507206,135.2689193725586,139.98296203613282,2.118427978802728
2022-02-10,137.31333923339844,140.15083989909724,136.65659434758166,138.38663722182108,39330000,-1.0732979884226381,-2.098999064938112,3.4942455515155757,135.1297180175781,139.0973876953125,1.813639710092707
2022-02-11,133.01675415039062,137.8448048052889,132.1425653416151,137.29356222530336,39958000,-4.276808074912736,-3.129036921682238,5.702239463673806,134.91651992797853,137.31227416992186,2.0454571530109265
2022-02-14,134.24856567382812,135.0152721926865,132.0004567063391,132.0004567063391,34302000,2.2481089674890313,0.9260574213416639,3.014815486347402,134.72066116333008,136.5842071533203,2.013159993155592
2022-02-15,135.32083129882812,136.8066922748942,134.54124703407226,136.27375391882413,26680000,-0.9529226199960021,0.7987166340422513,2.265445240821947,134.7508987426758,136.03136596679687,2.0869825023333557
2022-02-16,136.43968200683594,136.7843937626377,133.6521963761595,135.35846364202985,25022000,1.081218364806091,0.826813357018974,3.1321973864781967,134.8807388305664,135.26783447265626,1.9328181933538346
2022-02-17,131.28970336914062,135.82107810404372,131.22977254722994,134.95878467171522,38950000,-3.6690813025745967,-3.774546057236694,4.591305556813779,134.8426773071289,134.0631072998047,2.3679763433002985
2022-02-18,129.173828125,132.80627055380495,128.96927736418834,132.20894242873914,45620000,-3.0351143037391353,-1.6116079097166724,3.8369931896166065,134.8452278137207,133.29452209472657,2.0866645285532797
2022-02-22,128.5898895263672,130.93456750573523,127.01486532309563,128.61414903757367,44990000,-0.02425951120648051,-0.452056432103054,3.919702182639597,134.79617156982422,132.16278686523438,1.9249069039519555
2022-02-23,126.3853530883789,130.80628231511255,126.32542227304695,130.40757990733792,32786000,-4.0222268189590125,-1.7143932902564996,4.480860042065601,134.8285140991211,130.37569122314454,1.7047247998499573
2022-02-24,131.4402618408203,131.746354920063,123.77569929866216,123.77569929866216,54456000,7.664562542158151,3.9996001347613497,7.970655621400837,134.99978485107422,129.3758071899414,2.892231480647618
2022-02-25,133.19207763671875,133.99642015608714,130.50959571249916,132.29313059177062,36406000,0.8989470449481303,1.3327847733748177,3.4868244435879774,135.2699390411377,129.75628204345702,2.3995160585025044
2022-02-28,133.783935546875,134.4718777003078,131.34265838007917,131.79585013616247,38864000,1.9880854107125288,0.44436419992677223,3.1292193202286285,135.35443382263185,130.67830352783204,2.1510011083736993
2022-03-01,132.79782104492188,134.97114050786368,131.96278003223856,133.60712128280522,26496000,-0.8093002378833489,-0.7370948521749909,3.0083604756251248,135.29291801452638,131.51988983154297,2.1932599657341276
2022-03-02,133.30303955078125,133.98752054186207,131.81717846328633,133.35901024990838,23520000,-0.05597069912712982,0.38044186409389447,2.170342078575743,135.14074211120607,132.90342712402344,1.7876753393296132
2022-03-03,132.63739013671875,135.15344184945275,131.77162022031976,134.7279858951449,24604000,-2.0905957584261614,-0.49935051466618585,3.381821629132986,134.4423641204834,133.14285278320312,0.8278690669857266
2022-03-04,130.6631317138672,132.5898052248612,129.10892100654087,131.67451892195976,30430000,-1.0113872080925717,-1.4884629596651044,3.480884218320341,133.88846015930176,132.6370635986328,0.8106015624902378
2022-03-07,125.18724822998048,130.4932561715778,125.10453161947382,130.24859033799694,45112000,-5.061342108016461,-4.190840531725559,5.38872455210398,133.0507064819336,130.9177261352539,1.7445640295413771
2022-03-08,125.90641021728516,130.01283483137684,124.48988912406124,125.05996493303869,40428000,0.8464452842464709,0.5744690433513666,5.5229457073156,132.45158195495605,129.53944396972656,1.9394116106961399
2022-03-09,132.1623992919922,132.47493135668302,128.6760728979699,130.01285523260847,37026000,2.1495440593837145,4.9687613711729695,3.798858458713113,132.1554500579834,129.31131591796876,3.352829733912858
2022-03-10,131.18121337890625,132.01577069786407,129.6785144341432,130.02868267785485,27102000,1.152530701051404,-0.7424092770275448,2.3372562637208603,131.70164375305177,129.02008056640625,3.3613277092346436
2022-03-11,128.64634704589844,132.5343532518756,128.4096014176675,132.23024024414997,31526000,-3.5838931982515305,-1.9323394468734323,4.124751834208098,131.26829414367677,128.6167236328125,3.4101733570089565
2022-03-14,124.7637710571289,129.179749732327,124.09414817213414,129.0222518662793,38812000,-4.258480809150399,-3.0180227250326097,5.085601560192856,130.85564498901368,128.5320281982422,3.0986973143003262
2022-03-15,127.9801788330078,128.63049998049246,124.53545681107936,125.77912326489948,30920000,2.201055568108316,2.5779982030249116,4.095043169413103,130.54222564697267,128.94678192138673,3.3181613261755785
2022-03-16,132.0242156982422,132.07621116573054,127.52106056963687,129.50072753440998,35576000,2.523488163832212,3.1598931194737334,4.555150596093668,130.37739486694335,128.9191452026367,2.739715338409811
2022-03-17,132.5774383544922,132.81666282246127,130.93902206243152,131.89393987458052,28264000,0.6834984799116626,0.4190312006961294,1.877640760029749,130.18428268432618,129.1983901977539,2.709143118171774
2022-03-18,134.8424072265625,134.95979002346905,131.01185257108665,132.1668624121389,44566000,2.6755448144236027,1.708412004472537,3.947937452382405,130.36191787719727,130.4376022338867,2.456340408610986
2022-03-21,134.818603515625,135.75816449036662,132.82853776609664,134.8800155945873,26832000,-0.061412078962291616,-0.0176529857535912,2.92962672426998,130.6441566467285,132.44856872558594,1.3609140767079282
2022-03-22,138.54959106445312,139.72045622435598,134.8185995466438,134.8185995466438,35496000,3.730991517809315,2.7674129916319234,4.901856677712175,131.14214172363282,134.562451171875,1.3981314369208415
2022-03-23,136.97210693359375,138.27273404848066,136.5357682945328,137.3950839488176,25154000,-0.4229770152238359,-1.1385700374427876,1.7369657539478567,131.67147941589354,135.55202941894532,1.5210203111028433
2022-03-24,140.237548828125,140.28410290416335,136.45206761789734,137.88789810464644,26396000,2.349650723478561,2.384019613653443,3.832035286266006,132.1113437652588,137.08405151367188,1.6621664536903105
2022-03-25,140.3376007080078,140.69618802841327,138.42034355673357,140.57830645229447,24126000,-0.24070574428665736,0.07134457263326954,2.2758444716797044,132.46861991882324,138.18309020996094,1.6834855992844424
2022-03-28,140.1221466064453,140.66398768557863,138.49363060700367,139.5723701734137,35050000,0.5497764330316102,-0.1535255701077487,2.170357078574966,132.78553047180176,139.243798828125,1.7012550177659118
2022-03-29,141.16224670410156,142.4381156620189,140.6996533281546,141.30292164446877,34318000,-0.14067494036720518,0.7422810189866125,1.7384623338643053,133.20375175476073,139.76632995605468,1.3070299015745022
2022-03-30,140.6005859375,141.3752124596819,140.2652756920692,141.1171698835011,19884000,-0.5165839460011057,-0.3978831307345887,1.1099367676127088,133.5686290740967,140.49202575683594,1.1203780875668454
2022-03-31,137.75668334960938,140.76852108166187,137.71408938423252,140.71403164050378,37524000,-2.9573482908944015,-2.022681889216882,3.054431697429351,133.8245937347412,139.9958526611328,1.0258346441327733
2022-04-01,138.82943725585938,139.1469118661108,137.0038070973183,138.18507141556094,25942000,0.644365840298434,0.7787309335311798,2.1431047687925115,134.23290901184083,139.69421997070313,1.14113224102018
2022-04-04,141.6238250732422,142.35735395340848,138.9879125461233,139.03546420194454,25942000,2.5883608712976525,2.0128208200058006,3.3694414072851657,135.05473785400392,139.9945556640625,1.5174428015860015
2022-04-05,139.2657928466797,141.64266561089818,139.05926203677285,141.5223203014369,21418000,-2.2565274547572187,-1.6649968501719403,2.5834035741253274,135.72270698547362,139.61526489257812,1.6840980231041456
2022-04-06,135.2609100341797,138.04689956099944,134.2396223803811,137.44214998977515,32468000,-2.1812399555954585,-2.875711781506207,3.8072771806183425,135.877632522583,138.54732971191407,2.0582571978035324
2022-04-07,134.6076202392578,135.87159364235194,132.96226616904812,134.72796554964043,26234000,-0.12034531038261775,-0.4829849176356982,2.9093274733038186,136.0489528656006,137.91751708984376,1.9323939371305745
2022-04-08,132.03114318847656,134.39117797517184,131.71217218120978,134.30549126521612,25142000,-2.2743480767395567,-1.914064780434943,2.6790057939620624,136.2181926727295,136.5578582763672,1.8801128246873402
2022-04-11,127.60919952392578,130.84738285093687,127.4556617772444,130.58092125059764,36884000,-2.971721726671859,-3.349167141754117,3.391721073692466,136.36046409606934,133.75493316650392,1.1170949587988805
2022-04-12,126.51065826416016,130.35953900322713,125.59388309325452,130.35953900322713,32710000,-3.8488807390669706,-0.8608636868376096,4.765655909972608,136.28698806762696,131.20390625,1.2389484960448807
2022-04-13,128.6696014404297,129.10545636823446,126.53689598688813,126.79345728334248,27928000,1.8761441570872108,1.7065306638129663,2.5685603813463302,136.11925735473633,129.88564453125,1.8684281067226918
2022-04-14,125.53543853759766,129.24959957040411,125.40764911861989,129.24959957040411,31598000,-3.7141610328064587,-2.435822344785188,3.8419504517842284,135.7671573638916,128.07120819091796,1.941220282899883
2022-04-18,126.47301483154295,127.00395800091285,124.99260283196492,125.80289311850134,20808000,0.6701217130416097,0.7468618462383336,2.0113551689479294,135.34868774414062,126.95958251953125,2.112222855623301
2022-04-19,128.78355407714844,129.1044900573134,125.80241508106144,126.48789370567695,26490000,2.2956603714714845,1.8269029552929084,3.3020749762519586,135.04693527221679,127.19445343017578,1.8226658505474689
2022-04-20,126.83308410644533,130.16043076840108,126.29818081475312,129.65820601853372,31696000,-2.8251219120883917,-1.514533423681308,3.862249953647961,134.46110992431642,127.25893859863281,1.937323790570764
2022-04-21,123.63799285888672,128.87218229541864,123.3527055622705,128.0316847615535,36446000,-4.393691902666774,-2.519130769442701,5.519476733148139,133.79440422058104,126.25261688232422,1.9642498107625315
2022-04-22,118.50780487060548,124.21995176709888,117.80400705459354,123.82174062602672,56884000,-5.313935755421241,-4.149362076863006,6.415944712505336,132.7079170227051,124.84709014892579,2.4217582017531
2022-04-25,121.91389465332033,122.1154753014406,117.39390981440351,117.9783448116081,46128000,3.9355498417122305,2.874148066816229,4.721565487037083,131.7867317199707,123.93526611328124,2.9593288159050632
2022-04-26,117.53160858154295,121.35522489023224,117.39391885369488,121.14175631057378,73054000,-3.610147729030828,-3.5945747482180157,3.9613060365373514,130.65720481872557,121.68487701416015,2.7921513573273993
2022-04-27,113.2171630859375,116.13687453033565,111.67385011306806,113.39050900268352,91820000,-0.1733459167460154,-3.6708810061185426,4.46302441726759,129.25995063781738,118.9616928100586,2.905015060221292
2022-04-28,117.4052963256836,118.52167204333897,113.03934057154731,115.3176636066459,48884000,2.0876327190376998,3.6992034825736653,5.482331471791653,128.10018615722657,117.71515350341797,3.9009747176316703
2022-04-29,113.03390502929688,116.80848848076448,112.74168750254856,115.63416187311658,42676000,-2.6002568438197073,-3.7233339833838808,4.066800978215923,126.86404724121094,116.62037353515625,3.8178909613130916
2022-05-02,115.4840850830078,115.64505184129835,111.53862727592032,112.33603962239242,35534000,3.1480454606153785,2.1676505408495528,4.106424565378035,125.69677963256837,115.33441162109375,3.653611949628804
2022-05-03,116.22801971435548,117.32557749707244,114.9407691702826,115.33303263982113,24968000,0.894987074534356,0.6441880115454435,2.3848083267898375,124.42698936462402,115.07369384765624,3.3904416337082304
2022-05-04,121.10856628417967,121.69647018478724,114.03091100326056,115.92835986523224,49916000,5.180206418947435,4.1991135888047815,7.665559181526689,123.51912803649903,116.65197448730468,3.1831756558322546
2022-05-05,115.40731811523438,119.89808593817084,113.92145713876644,119.07095756816793,45840000,-3.663639452933552,-4.707551533198229,5.976628799404395,122.52644844055176,116.25237884521485,3.819923337731483
2022-05-06,114.65547943115234,116.463281638852,112.94080049661471,114.09878031188086,39710000,0.5566991192714852,-0.6514653458382202,3.5224811422372824,121.52884140014649,116.57669372558594,3.3461138842550837
2022-05-09,111.45046997070312,113.99228466247092,110.9447838916454,112.18250256559926,40802000,-0.7320325948961397,-2.7953391118771154,3.047500770825522,120.49980773925782,115.769970703125,3.4005251864743307
2022-05-10,113.31671142578124,115.15422955384564,111.83629934235512,114.41872804342832,39900000,-1.102016617647081,1.6745029927363042,3.31793021149052,119.78518333435059,115.18770904541016,3.5282973952959913
2022-05-11,112.53168487548828,115.26765131886636,112.16913744806908,112.16913744806908,37534000,0.36254742741920154,-0.6927720902023538,3.0985138707972766,119.08623466491699,113.47233276367187,2.4183647675077204
2022-05-12,111.78034973144533,113.21766923790474,108.78931039758376,110.32767342378114,53836000,1.4526763076641913,-0.6676654178547792,4.428358840320982,118.24177207946778,112.74693908691407,1.5815489009533878
2022-05-13,114.95660400390624,116.7639072482618,112.53415970229024,113.45340618375492,35038000,1.503197820151314,2.841513987111255,4.229747545971563,117.7128303527832,112.80716400146484,2.2131334357535986
2022-05-16,113.36624145507812,115.07498009851662,112.8159813449991,113.8719275488236,25990000,-0.5056860937454815,-1.3834460078292365,2.258998753517517,117.05749168395997,113.19031829833985,1.8089847805160426
2022-05-17,115.37512969970705,115.79810674936266,113.78724265802168,115.73916596158637,23054000,-0.3640362618793205,1.7720339131336083,2.010864091340977,116.38707046508789,113.602001953125,1.8272116791684236
2022-05-18,110.84474182128906,114.31224988096989,110.50398258581237,113.916018739077,35126000,-3.071276917787941,-3.9266589690598486,3.8082672951575205,115.58765335083008,113.26461334228516,2.6749035473929283
2022-05-19,109.34352111816406,111.9447678514437,108.96313804874286,110.38114796918116,34144000,-1.0376268510170945,-1.3543454371027885,2.981629802700837,114.87292976379395,112.77724761962891,2.7175306246178574
2022-05-20,107.88143157958984,111.12606177172584,104.79926453382096,110.89574757041692,48962000,-3.014315990827072,-1.3371524198440454,6.326797237904884,114.34161109924317,111.36221313476562,2.02073007069922
2022-05-23,110.4371109008789,111.0903945618834,107.71600254425864,108.55452759041016,37184000,1.8825833104687462,2.368970529839154,3.374392017624757,113.7677719116211,110.77638702392578,2.5770985424980335
2022-05-24,104.97112274169922,105.4550205953626,100.92413026723496,104.77499103421869,76780000,0.1961317074805322,-4.949412488783411,4.53089032812764,113.1397476196289,108.69558563232422,2.8384300348196665
2022-05-25,104.80769348144533,105.4961421821186,102.87755826590382,103.99591425389032,40258000,0.8117792275550073,-0.15568973255248864,2.6185839162147886,112.71927413940429,107.48817596435546,2.6392868497977924
2022-05-26,106.77645111083984,107.62536770750384,104.23314753165975,104.6808904254116,37948000,2.0955606854282394,1.8784476253578264,3.3922201758440877,112.18783187866211,106.97476196289062,2.9362401674275853
2022-05-27,111.25779724121094,111.25928606467276,108.1097518272752,108.45100981416807,37914000,2.806787427042863,4.1969423817234786,3.1495342373975603,112.09902648925781,107.65003509521485,3.501631986134213
2022-05-31,112.68968200683594,114.64408411321044,111.02204847773712,111.68375119356136,50012000,1.0059308132745741,1.2869972272780306,3.622035635473324,111.95930633544921,108.10054931640624,3.402245907142955
2022-06-01,112.81845092773438,115.997701285549,112.18250412043044,113.77237869617002,36606000,-0.9539277684356477,0.11426859904584141,3.815197165118562,111.78882789611816,109.67001495361328,1.7404913369020163
2022-06-02,116.5137939453125,116.78818338077603,111.88187475947716,112.92544186242009,37992000,3.5883520828924134,3.2754775368659894,4.9063086212988765,111.5590892791748,112.01123504638672,1.6139538952958339
2022-06-03,113.46134948730467,115.22506898749448,112.4484883668074,114.96850763279154,26136000,-1.5071581454868692,-2.619813804570248,2.776580620687085,111.46179084777832,113.34821472167968,2.69507602616069
2022-06-06,115.71936798095705,118.22205042879467,115.06905431339555,115.6044564850039,33542000,0.11491149595315164,1.9901213090234071,3.1529961153991195,111.51498527526856,114.2405288696289,2.2330727328308626
2022-06-07,116.04524993896484,116.58164964382146,113.96752484797211,114.39198315815538,31590000,1.65326678080946,0.28161401474420256,2.6141247958493494,111.74472427368164,114.9116424560547,2.2245660043568236
2022-06-08,116.0893325805664,117.45286068913217,115.50092985611305,115.66090659386596,26108000,0.4284259867004465,0.037987458878974145,1.9519308330191194,111.8833553314209,115.5658187866211,2.229058453332463
2022-06-09,113.75305938720705,117.18391328926909,113.69411860375492,115.23099254159976,25798000,-1.4779331543927157,-2.0124787880384964,3.4897946855141697,111.94442405700684,115.013671875,1.8625225813029538
2022-06-10,110.11367797851562,112.21121848284412,109.32567475991928,111.38508022529972,41452000,-1.271402246784092,-3.199370134128199,2.8855437229248366,111.86109046936035,114.3441375732422,2.039785848225291
2022-06-13,105.38965606689452,107.76603781558968,105.1187355033318,105.7799394786192,47252000,-0.3902834117246812,-4.290131796835284,2.647302312257878,111.38274307250977,112.27819519042968,1.9942920260592027
2022-06-14,105.7095947265625,106.90719827486238,104.80272741507744,105.53079987627488,33706000,0.1787948502876162,0.30357690840636664,2.1044708597849393,110.99991073608399,110.21106414794922,2.000139207696783
2022-06-15,108.7298583984375,110.37321720506895,106.6546047522059,107.52184819954677,39698000,1.208010198890733,2.857132959110742,3.7186124528630558,110.6676471710205,108.73916931152344,2.8681132929440594
2022-06-16,105.0340347290039,107.62438376681096,104.14697548134566,106.21034141935117,51684000,-1.1763066903472605,-3.3990880921506927,3.4774082854653017,110.37711181640626,106.99536437988282,3.021023886576766
2022-06-17,106.1335678100586,107.674900729231,104.0558351945362,105.03403005332456,51376000,1.099537756734037,1.0468350415097083,3.6190655346947977,110.21661415100098,106.1993423461914,3.036686098722181
2022-06-21,110.49258422851562,111.42917514346335,107.57633415067777,107.90272658856364,47416000,2.589857639951987,4.1071043859169265,3.8528409927855876,110.34717178344727,107.21992797851563,2.8697033468995077
2022-06-22,110.4366226196289,112.27809328975262,109.34203501668972,109.51439846102454,30774000,0.9222241586043651,-0.05064738894239307,2.9360582730628977,110.34714736938477,108.1653335571289,2.894934581739339
2022-06-23,111.18399810791016,111.67978387662868,109.45892028477276,111.17359901614836,28362000,0.010399091761797763,0.6767460562927541,2.2208635918559168,110.65779113769531,108.65616149902344,2.6853647656726527
2022-06-24,116.86296081542967,116.96598437616667,111.88780403394424,111.9299067523176,41164000,4.933054063112067,5.107715862140316,5.0781803422224385,111.26055450439453,111.02194671630859,2.2806163918309044
2022-06-27,114.74166107177734,117.461771988604,114.09381876102697,117.15816533978835,36420000,-2.4165042680110105,-1.8152028057911829,3.3679532275770327,111.6588150024414,112.74356536865234,2.908184810135577
2022-06-28,110.95171356201172,116.20373868185764,110.79371689299164,114.71093996164036,35792000,-3.759226399628645,-3.3030265331393416,5.410021788866004,111.64351081848145,112.83539123535157,3.1889837013726474
2022-06-29,110.64860534667967,112.0938524988512,109.82741711494369,110.50051652384064,24716000,0.14808882283902847,-0.27318930514996786,2.2664353839075204,111.54145698547363,112.87778778076172,3.193564930105064
2022-06-30,107.9359130859375,109.84277107418012,105.74377534571845,108.9631408714663,43170000,-1.027227785528794,-2.4516280636731724,4.098995728461674,111.29733009338379,112.2281707763672,3.349716869571961
2022-07-01,107.71253204345705,108.22019814218504,105.72444648559852,106.91561099098628,35476000,0.7969210524707648,-0.20695710639201392,2.4957516565865205,110.85726699829101,110.39808502197266,1.3576060756113162
2022-07-05,112.19538116455078,112.30830502629904,104.73487148190064,106.09097052516007,39342000,6.104410639390707,4.161864024591977,7.573433544398398,110.79396858215333,109.88882904052734,2.8939431012465366
2022-07-06,113.49203491210938,114.49994569963258,110.42521735991372,112.23400934635876,37432000,1.2580255657506143,1.1557104526940032,4.07472833971886,110.68260192871094,110.39689331054687,2.4313738031515864
2022-07-07,117.66333770751952,118.06600775457704,113.7510725863662,113.99524718050635,40936000,3.668090527013163,3.6754145774551272,4.3149351682108374,110.76350631713868,111.79983978271484,2.7474455416561634
2022-07-08,118.22847747802734,118.55684998677997,115.7995865179468,116.14480464976064,38238000,2.0836728282666996,0.48030234524929494,2.757263468833159,110.87046356201172,113.85835266113281,1.9535853234772849
2022-07-11,114.58612060546876,116.8857405832628,114.24338136971222,116.8857405832628,31196000,-2.2996199777940376,-3.080777956592995,2.642359213550577,110.9121166229248,115.23307037353516,2.903208942778092
2022-07-12,112.94573211669922,115.87139099638682,112.61834967810978,115.11954274225738,29960000,-2.1738106255581613,-1.4315769485010899,3.2530413182770417,111.05371932983398,115.38314056396484,2.573321361792827
2022-07-13,110.30387115478516,113.1195762568076,110.15330349874124,110.64809165520336,43722000,-0.34422050041820285,-2.339053377585265,2.966272758066367,111.29943008422852,114.7455078125,2.7063715726907756
2022-07-14,109.32717895507812,110.04584240505244,107.35147984912258,109.1716611307002,37004000,0.15551782437792383,-0.8854559586004673,2.6943625559298567,111.4803092956543,113.07827606201172,1.3688462813434044
2022-07-15,110.72388458251952,112.0740435098507,109.85466101364264,110.9447897246164,46770000,-0.22090514209688195,1.2775465723992463,2.2193824962080555,111.5800106048584,111.57735748291016,1.6645852809536092
2022-07-18,108.00228881835938,112.60845972018964,107.34851386704042,111.57826178835704,43164600,-3.5759729699976646,-2.4580024214484686,5.259945853149219,111.72842330932617,110.26059112548828,1.5137265150956247
2022-07-19,112.73722839355467,112.94524803380152,108.52728874896476,109.80513015974968,36530900,2.932098233804993,4.384110398955188,4.417959284836755,112.05860633850098,110.21889038085938,2.8787775666120234
2022-07-20,112.82637786865234,114.31223883911534,111.41976463040918,112.10325553773596,35600400,0.7231223309163823,0.07907722796454131,2.8924742087061617,112.17529602050782,110.72339172363282,2.575617611884326
2022-07-21,113.2622299194336,113.47025711440008,110.06268006419116,113.2027978965746,32676200,0.05943202285899929,0.3863033264159599,3.4075770502089284,112.31657638549805,111.51040191650391,2.4676631094726003
2022-07-22,106.88294982910156,111.28109381448324,105.49614453961978,109.9537281117164,48901200,-3.070778282614839,-5.63231016630149,5.7849492748634646,112.10152397155761,110.74221496582031,3.7094479440430805
2022-07-25,106.4966049194336,108.83435998981076,105.29801137565636,107.38812296448916,34690900,-0.8915180450555624,-0.3614654257631411,3.536348614154406,111.58320617675781,110.44107818603516,3.5695799842127314
2022-07-26,104.03008270263672,106.1895344193416,103.08904038448873,105.5951915048544,47991000,-1.5651088022176793,-2.316057135025895,3.100494034852872,111.04762725830078,108.69964904785157,2.5033024790337057
2022-07-27,111.99430847167967,112.8363025263019,106.99191366073327,108.2301313204944,59858500,3.7641771511852795,7.655694931828694,5.844388865568632,111.09975700378418,108.53323516845703,4.898016021942885
2022-07-28,113.1433563232422,113.2622203589268,110.40937014030531,111.31079605080367,32816600,1.8325602724385277,1.0259877195929912,2.8528502186214837,111.2244945526123,108.50946044921875,4.920679753166421
2022-07-29,115.22357940673828,115.60990270247105,111.99430571351628,112.0141214277737,37223400,3.209457978964579,1.8385728964527503,3.6155969889547634,111.58887786865235,110.17758636474609,3.749525028284811
2022-08-01,113.77732849121094,115.61979670741562,113.26222578696031,114.21318346288768,26034300,-0.435854971676747,-1.2551692309627827,2.357570920455302,111.89211769104004,111.63373107910157,3.883440327933273
2022-08-02,114.04478454589844,115.25328606314042,112.64807910337518,112.92543862061498,20236000,1.1193459252834543,0.23506972631033296,2.6052069597652405,111.98458786010742,113.63667144775391,3.4140438116339307
2022-08-03,116.96697998046876,117.5018908484944,114.39148908653324,114.61931687482496,28499000,2.3476631056438038,2.5623227280457295,3.110401761961157,112.1583351135254,114.63120574951172,1.4786190915902888
2022-08-04,117.07595825195312,117.66039335811138,115.7882088664629,116.37265153010196,21602900,0.7033067218511633,0.09317011647438367,1.8721844916484827,112.12896614074707,115.4177261352539,1.5142281879887463
2022-08-05,116.36272430419922,116.99669103407604,114.90657937362975,115.1344147097478,19159500,1.2283095944514173,-0.6092061584659358,2.090111660446283,112.03567848205566,115.64555511474609,1.4461505908017578
2022-08-08,116.1943359375,119.01747039195752,115.77828910409572,117.27405799513392,19138300,-1.0797220576339157,-0.14470988686979824,3.239181287861797,112.11608924865723,116.1289566040039,1.2357647054941507
2022-08-09,115.53064727783205,116.21414578212966,114.61932097708862,116.0358421530729,19086500,-0.5051948752408606,-0.5711884786061772,1.5948248050410427,112.24533500671387,116.42612915039062,1.317053642559838
2022-08-10,118.57171630859376,119.78021791532228,117.29388237490144,117.66038995375868,30930400,0.911326354835083,2.6322617438889973,2.486335540420839,112.65872726440429,116.74707641601563,1.3475559916087638
2022-08-11,117.71981811523438,120.34484089581902,117.44245858656528,120.1368212493172,24293700,-2.417003134082819,-0.7184666123430716,2.9023823092537384,113.0783592224121,116.87584838867187,1.4224990516745701
2022-08-12,120.53304290771484,120.53304290771484,118.33396744979994,119.1264296615191,19096300,1.4066132461957466,2.389763115099819,2.199075457914901,113.56881713867188,117.709912109375,1.6529443769032426
2022-08-15,120.92926788330078,121.14719535835012,119.47312298863412,119.988218109904,19494800,0.9410497733967844,0.32872726517765294,1.6740723697160007,114.21516609191895,118.65689849853516,1.6040402097521884
2022-08-16,120.5528564453125,121.27597881260756,119.50285039175542,120.37455281758773,19041200,0.17830362772477315,-0.31126578749449685,1.7731284208521458,114.60594749450684,119.66134033203124,1.5513437418422753
2022-08-17,118.4231185913086,120.14671514597028,118.25471527634345,118.98774543977429,22847000,-0.5646268484656929,-1.7666423814437282,1.8919998696268294,114.88578453063965,119.63162078857422,1.5453092030891684
2022-08-18,119.03727722167967,119.68115184104836,117.60094792710956,118.30425456881134,17987700,0.7330226528683284,0.5186137957492898,2.080203913938803,115.17453689575196,119.89511260986328,1.5030929984628383
2022-08-19,116.1051788330078,118.0268948312616,115.65942355139305,117.9377392404507,21809500,-1.832560407442898,-2.4631766259333276,2.3674712798685533,115.63564834594726,119.00953979492188,1.3165697963385488
2022-08-22,113.16319274902344,114.54009026121864,112.7768694215719,114.11414305947962,21456600,-0.9509503104561787,-2.5338973795611452,1.7632208396467348,115.96897773742675,117.45632476806641,1.3580826301085698
2022-08-23,112.78675079345705,113.92591234989574,112.36080369174448,112.41033541234246,15870400,0.37641538111458317,-0.3326540604075001,1.56510865815126,116.40681114196778,115.90310363769531,1.354173438312763
2022-08-24,112.61837768554688,113.69809988292911,111.80610718373788,112.43016617839616,17734600,0.18821150715071155,-0.1492844742185251,1.8919926991912348,116.43801460266113,114.74215545654297,1.4114415261842281
2022-08-25,115.55046844482422,115.61980832842583,113.03440936381035,113.1631812740761,16956800,2.387287170748124,2.6035633078149267,2.5853989646154787,116.55837020874023,114.04479370117187,2.1062834471603247
2022-08-26,109.29993438720705,114.03488457916195,109.15135432931017,113.63865345731683,37245700,-4.338719070109789,-5.409354147795453,4.883530249851788,116.26218795776367,112.68374481201172,2.9922803632597255
2022-08-29,108.38861083984376,109.90418792858208,107.77445976504951,108.95323774657922,21191200,-0.5646269067354552,-0.8337823370824893,2.129728163532562,115.99275207519531,111.72882843017578,2.8926812821296592
2022-08-30,107.91312408447266,109.45841696440029,106.78387043260568,109.13152576057584,27513300,-1.2184016761031842,-0.43868700935164595,2.674546531794604,115.68616905212403,110.75410308837891,2.88856160374804
2022-08-31,107.19992065429688,109.80512758191875,107.11076506343836,109.60701580275752,28627000,-2.407095148460641,-0.6609051829668977,2.694362518480389,115.19781608581543,109.6704116821289,2.8667120300563917
2022-09-01,108.70558166503906,109.4088882529894,106.34801841708668,107.25934462478465,28360900,1.4462370402544167,1.404535564534326,3.0608698359027215,114.77929725646973,108.30143432617187,2.5251653360887647
2022-09-02,106.83341979980467,109.69617846817478,106.24898468308707,109.54759083524422,24160700,-2.7141710354395485,-1.7222315878895667,3.4471937850877055,114.30283203125,107.80813140869141,1.1456191564331344
2022-09-06,105.8031997680664,107.01170118012315,104.78290982238948,106.28858643846912,25068300,-0.4853866704027183,-0.964323742204265,2.2287913577336695,113.78327522277831,107.29104919433594,1.1579668522468711
2022-09-07,108.4183120727539,108.94332259646582,105.892353121685,106.05084101834052,23167000,2.367471054413386,2.471676008306134,3.050969474780814,113.42765846252442,107.39208679199218,1.757753145951549
2022-09-08,107.35840606689452,108.56690754109272,106.14991215017608,107.02161453866474,24238300,0.33679152822978153,-0.9776079202820864,2.4169953909166395,112.86699295043945,107.42378387451171,1.7975419822474008
2022-09-09,109.60701751708984,109.9438090584276,107.99237701749992,108.0419087418049,23197700,1.5651087752849406,2.09449034553868,1.9514320409276849,112.46135292053222,107.60407104492188,1.9484012257334948
2022-09-12,109.81503295898438,110.5678713062652,108.89379884747014,109.94380485678408,22966800,-0.12877189779970877,0.1897829597106826,1.6740724587950666,111.9254524230957,108.20039367675781,1.645751205897996
2022-09-13,103.33668518066406,107.2791732473491,103.10884982257862,106.78388621953584,38172900,-3.447201038871782,-5.899326898840851,4.170323424770487,111.04582328796387,107.70709075927735,3.3686105767663137
2022-09-14,104.01026916503906,104.28762867361574,102.68290364328506,103.58432204615924,26395100,0.42594711887981873,0.651834325048628,1.604725030330684,110.2186939239502,106.82548217773437,3.0618436719324853
2022-09-15,101.93997192382812,104.2777195640779,101.38524535586336,103.04940994479824,34188300,-1.1094380209701171,-1.9904738809260025,2.892474208214537,109.39453659057617,105.74179534912109,3.110627924265445
2022-09-16,101.8310089111328,102.15789258323696,99.9885406902704,101.10788657515744,42797200,0.7231223359753614,-0.10688938856756591,2.16935189296656,108.53422317504882,104.18659362792968,2.692459908553793
2022-09-19,102.09847259521484,102.35602397834498,100.59280328245238,100.79091508025668,23036800,1.3075575149581624,0.26265445755866423,1.763220695892599,107.83388786315918,102.64328155517578,2.703600817854413
2022-09-20,100.1866455078125,101.40505475280146,99.57248695767863,101.11778740955236,26517100,-0.9311419017398634,-1.8725325059289366,1.8325677951228272,107.18506050109863,102.01327362060547,1.2355730017724285
2022-09-21,98.34418487548828,101.91024974095512,98.33427701945791,100.71165611559576,31487300,-2.367471240107477,-1.8390281688596355,3.575972721497209,106.46293220520019,100.88005676269532,1.0929982300832175
2022-09-22,99.19607543945312,100.28570528054816,97.85880210913288,97.88851811864318,34298600,1.3075573208099485,0.8662337941418796,2.426903171415276,105.79181709289551,100.3312774658203,1.252240765134021
2022-09-23,97.80927276611328,98.72060657230172,96.55124713555664,98.6908830045893,31625400,-0.8816102384760143,-1.3980418753424484,2.169359436745083,104.90475730895996,99.52693023681641,1.2740736597498878
2022-09-26,97.24463653564452,98.93851697312458,96.87812903475876,97.17529666595163,27072700,0.06933986969288242,-0.5772829247171152,2.060387938365821,104.30199241638184,98.55616302490235,1.1487823676370297
2022-09-27,96.58096313476562,99.0573980869391,95.9569042475106,98.49277122014274,30072800,-1.9118080853771175,-0.6824781546030279,3.100493839428509,103.71161003112793,97.83502655029297,1.0307389691676647
2022-09-28,99.10694122314452,99.7508083388802,96.19465096558584,96.7295618837587,32466300,2.3773793393858114,2.615399563632681,3.5561573732943685,103.27130088806152,97.98757781982422,1.5975363570852223
2022-09-29,96.50172424316406,97.71022581973406,95.05548700550042,97.71022581973406,31047200,-1.2085015765700007,-2.6286927513126113,2.6547388142336388,102.73639106750488,97.4487075805664,1.9414519456979502
2022-09-30,94.74840545654295,97.967770985256,94.65924986585829,96.13521058040764,32941500,-1.38680512386469,-1.8168781960860247,3.30852111939771,102.03853225708008,96.83653411865234,1.9963017256329239
2022-10-03,97.71021270751952,98.35408727916216,95.61019323680982,95.84793642347994,27982000,1.8622762840395808,3.125970549799928,2.7438940423523377,101.58237190246582,96.92964935302733,2.6083338846273407
2022-10-04,100.68192291259766,100.88003465449644,99.43379777769545,99.49323734624792,28850800,1.1886855663497329,3.0413506661514544,1.4462368768009952,101.32630805969238,97.74984130859374,2.842125914567187
2022-10-05,100.4739227294922,100.96920973741486,97.86871578851174,98.88900581563564,22176900,1.58491691385656,-0.20659138908780683,3.1004939489031216,100.9290885925293,98.02323760986329,2.684032247802437
2022-10-06,100.46400451660156,101.95977324242656,99.64182635441148,99.73098193653628,22324000,0.7330225800652812,-0.009871429940422338,2.3179468880150864,100.58436851501465,98.81569366455078,2.1764289052896277
2022-10-07,97.74983978271484,99.58240011798392,97.37342439434228,98.9088095152522,27502800,-1.1589697325373578,-2.7016290530587073,2.208975723641643,99.9915096282959,99.41598052978516,2.46229488863619
2022-10-10,96.93757629394533,98.1658859891608,96.0955898702692,98.06683009651891,18225100,-1.1292538025735865,-0.8309614528014264,2.070296118891605,99.34763679504394,99.2614532470703,2.0725418685403145
2022-10-11,96.26398468017578,98.31447262301144,95.40218255210743,96.51162818804232,26507100,-0.24764350786654177,-0.6948715240486347,2.9122900709040067,98.99400177001954,98.37786560058593,1.068319561961776
2022-10-12,96.64039611816406,97.81918158553776,95.82812574805676,96.3828523219572,21876400,0.2575437962068605,0.39102000528947745,1.9910558374809995,98.62550811767578,97.61116027832031,1.190200777476923
2022-10-13,98.12625885009766,98.83947334531618,93.49037218865716,94.2531184072858,34574500,3.8731404428118594,1.5375172201455012,5.349101156659017,98.43482246398926,97.14361114501953,1.575752812686845
2022-10-14,95.64982604980467,99.74090163611204,95.4616221229326,99.0474952796714,25410700,-3.3976692298667217,-2.5237207953439866,4.279279513179446,98.12576332092286,96.7236083984375,1.5132435058742717
2022-10-17,99.0276870727539,99.97863723546732,97.89843328218922,97.92814929391774,28419200,1.099537778836165,3.531486843677456,2.080203953278101,97.9722240447998,97.14163055419922,2.2822940763573
2022-10-18,99.82015228271484,102.49470698234794,99.0276975090124,102.1579078464767,24060700,-2.33775556376186,0.8002461063022936,3.467009473335537,97.95389938354492,97.85286407470703,2.1912014628628853
2022-10-19,98.69088745117188,100.06778474217612,97.98758079988396,99.0673104176922,23811100,-0.37642296652032314,-1.1312994477754579,2.080203942292158,97.9712345123291,98.2629623413086,2.352880926620706
2022-10-20,99.0276870727539,101.35553453374322,98.45315232106869,99.05740308448244,25323200,-0.02971601172853866,0.34126719323368526,2.9023822126745387,97.96281509399414,98.44324798583985,2.273213855584547
2022-10-21,100.17674255371094,100.35504617005536,96.79888925641042,96.92766115141708,32458700,3.2490814022938537,1.1603375933771254,3.5561569136449407,98.08118858337403,99.3486312866211,1.6906097577605843
2022-10-24,101.55364990234376,101.7814852627732,99.0375984257494,100.84044292323848,27176400,0.71320697910528,1.3744780610076113,2.7438868370238083,98.29663925170898,99.85382385253907,0.9971000202753161
2022-10-25,103.49517059326172,103.83196211183454,101.75175830879428,101.930061923768,40611400,1.5651086694937248,1.9118177365214928,2.0802038030402628,98.6423496246338,100.58882751464844,1.1845648665328499
2022-10-26,94.03518676757812,97.38332404744,93.79745113215374,95.5210477145698,88114100,-1.4858609469916786,-9.14050749562174,3.5858729152862594,98.38876190185547,99.65768737792969,4.65743823142059
2022-10-27,91.3507308959961,94.53047236921812,90.9346916507101,93.62904644695232,60710900,-2.278315550956222,-2.854735513225559,3.59578071850801,98.13121223449707,98.12229614257812,4.668851866991702
2022-10-28,95.38237762451172,95.63992899750288,91.26158588657457,91.40026565107432,43697300,3.982111973437398,4.4133710688157635,4.378343110928313,98.16291084289551,97.16342315673828,5.315780244651547
2022-10-31,93.61915588378906,95.12482511935792,93.09415284479122,94.52057434230905,31675000,-0.9014184585199843,-1.848582290183487,2.0306722745666974,97.95835800170899,95.57652435302734,5.170651818568105
2022-11-01,89.61722564697266,95.12481434026306,89.51816976437351,94.5502796407168,47161400,-4.933053993744139,-4.274691647277895,5.606644575889547,97.40512313842774,92.80093536376953,4.881093032745423
2022-11-02,86.15022277832031,90.32053844962222,86.06106718761413,90.08280280353895,57038300,-3.932580025218641,-3.8686790888950773,4.259471262008091,96.68893814086914,91.22394256591797,3.5376585966118332
2022-11-03,82.64360046386719,85.70447091633443,82.55444486174243,85.50635911213857,61288000,-2.862758648271381,-4.070357802180357,3.1500260545920042,95.79791793823242,89.48251647949219,3.677029106059226
2022-11-04,85.76390838623047,85.82334041452579,82.92095796557335,84.59503063237807,51124900,1.1688777538523993,3.775619533574792,2.9023824489524372,95.1986213684082,87.55882263183594,3.4028236435442127
2022-11-07,87.6558837890625,88.06202272257539,86.03134316996938,86.45729025652912,34078900,1.1985935325333799,2.2060274985506556,2.030679552606017,94.73453674316406,86.36616821289063,3.9102931928613636
2022-11-08,88.06202697753906,89.46864019368525,86.76436994463386,88.06202697753906,30429000,0.0,0.46333819353634453,2.7042702490513904,94.32443885803222,86.05512847900391,3.550513868551363
2022-11-09,86.49691772460938,88.59693723661037,86.45729385938526,87.61626357664242,31769100,-1.1193458520330495,-1.777280522203839,2.139643377225113,93.8172649383545,86.12446746826171,3.122167376060468
2022-11-10,93.05451965332033,93.50027490961016,90.74648052680033,91.38044725273583,51620100,1.6740724005844925,7.581312838902732,2.7537943828098292,93.56367797851563,88.20665130615235,3.534256878523665
2022-11-11,95.5012435913086,96.01633874938152,93.03470887381415,93.79745509098436,33090500,1.7037885003242366,2.629344546727741,2.9816298755673643,93.55624885559082,90.15411834716797,3.4632190342393883
2022-11-14,94.79793548583984,95.87766515214165,93.61915748150425,94.19368469847872,30179500,0.6042507873611243,-0.736438688147889,2.2585076706373997,93.34476127624512,91.58252868652343,3.707677349137382
2022-11-15,97.51212310791016,99.19609616346484,95.79842647915582,97.3338194561177,41640800,0.17830365179246144,2.863129463906655,3.3976696843090224,93.22935981750489,93.47254791259766,3.673735487245263
2022-11-16,97.9182357788086,98.7007901248497,96.71964217765084,96.97719352688098,29105200,0.9410422519276125,0.4164740321047189,1.9811479471988633,93.19072723388672,95.7568115234375,3.1926111525667946
2022-11-17,97.432861328125,98.34418761381784,95.87766041716742,96.0559640432795,26052600,1.376897284845498,-0.4956936231776288,2.466527196650418,93.11098594665528,96.63247985839844,1.7101130609008963
2022-11-18,96.5116195678711,97.96776447326395,95.4616136066945,97.83898502388834,28342300,-1.3273654560172474,-0.9455144267511928,2.506150866569456,92.92772979736328,96.83455505371094,1.5660580167965537
2022-11-21,94.69886779785156,97.47247787174472,94.46113216672568,96.37294018625332,21647400,-1.674072388401754,-1.8782730806260362,3.011345705019039,92.58499069213867,96.81474151611329,1.8054267062123202
2022-11-22,96.13521575927734,96.30361153605568,93.16349357268427,95.04557824487564,23438500,1.0896375144017014,1.516753045550523,3.1401179633714094,92.21699295043945,96.53936004638672,1.299737456702918
2022-11-23,97.53191375732422,97.82908897612424,96.17482467577447,96.17482467577447,18868100,1.357089081549745,1.452847416023073,1.654264300349766,92.39182929992675,96.46209564208985,1.5045299584574916
2022-11-25,96.54134368896484,97.71022134220922,96.48191166578498,97.31399022022332,9701400,-0.7726465312584736,-1.015636862026592,1.2283096764242458,92.6513599395752,96.2837921142578,1.5583173795324405
2022-11-28,95.14463806152344,96.66021510957758,94.70878307241712,96.12530422953256,26237500,-0.9806661680091224,-1.4467435132675233,1.9514320371604583,92.63947296142578,96.01039581298828,1.634613329419507
2022-11-29,94.2927474975586,95.21398167866464,93.22292569547147,94.82765839860214,20061700,-0.5349109010435456,-0.895363712891506,1.9910559831931636,92.67315254211425,95.92917175292969,1.4411311119661854
2022-11-30,100.03807067871094,100.0876024039482,93.52999950599408,93.92623063545152,43647500,6.11184004325942,6.093070075512541,6.557602897954112,93.19419479370117,96.70974273681641,3.148585812515575
2022-12-01,100.03807067871094,101.2861960913838,99.3050480015768,100.0677866908612,28687100,-0.029716012150259985,0.0,1.9811480898070073,93.8885871887207,97.21097412109376,3.1446527034304195
2022-12-02,99.49325561523438,99.820139293642,97.9677707385724,98.11635835101946,21480700,1.376897264214918,-0.5446077276183514,1.852368555069603,94.73106994628907,97.80135650634766,3.0927617456044496
2022-12-05,98.54229736328124,100.42438177439656,98.06681855409174,98.46304963550313,24405100,0.07924772777811029,-0.9558017235165472,2.357563220304826,95.3699893951416,98.48088836669922,3.0167587219063092
2022-12-06,96.0658721923828,98.83947492565986,95.51114559974336,98.3640036262318,24910700,-2.298131433849008,-2.513058084863773,3.328329325916499,95.79048881530761,98.83551330566405,3.3085559180023667
2022-12-07,94.04510498046876,95.96681354446216,93.8271774750463,95.501250078082,31045400,-1.4561450976132306,-2.1035224745237557,2.1396360694158574,96.0896427154541,97.63692016601563,1.0567531514760593
2022-12-08,92.82669067382812,94.67906681524398,92.5691393120717,94.48094747640056,32213300,-1.6542568025724336,-1.2955637689954003,2.109927503172287,96.40613136291503,96.19464416503907,0.8123602992314009
2022-12-09,91.95498657226562,93.3715076997788,91.87573883817876,92.88612099660666,28225400,-0.9311344243410389,-0.9390662267875882,1.495768861600041,96.35115470886231,94.6869903564453,0.7113837549655364
2022-12-12,92.43045806884766,92.67810157031386,90.74648528186952,91.83611517682478,29420000,0.5943428920228797,0.5170698341719238,1.9316162884443315,96.19761543273925,93.4646224975586,1.1772523173984888
2022-12-13,94.72859954833984,98.59184009412678,94.13425659302202,96.83852724231708,40593700,-2.109927693977241,2.48634652203108,4.457583501104764,96.19414863586425,93.19716796875,1.8081837434855241
2022-12-14,94.1738739013672,95.95691020054102,92.71772884995524,94.30264580617632,28733600,-0.12877190480911338,-0.5855946880008123,3.239181350585781,96.02723617553711,93.2229217529297,1.5285467280802478
2022-12-15,90.00355529785156,92.75734984088064,89.16156889949431,92.25215497887432,40107000,-2.2485996810227533,-4.4283179938879975,3.595780941386323,95.63150215148926,92.65829467773438,2.5270567446505847
2022-12-16,89.40921783447266,90.46913178897228,88.67618757997353,89.90450487035997,58011800,-0.4952870358873156,-0.6603488733439966,1.7929442089987475,95.23031997680664,92.14914093017578,2.5204949639765313
2022-12-19,87.60637664794922,89.706388922951,87.37854127751075,89.40922122463904,29493000,-1.8028445766898216,-2.016392974000869,2.327847645440258,94.78505783081054,91.1843246459961,2.510964820272439
2022-12-20,88.18090057373047,88.33939605285829,86.61579928348552,87.27948209800233,23453800,0.9014184757281356,0.6558014927269484,1.7235967693727758,94.45915946960449,89.87478485107422,1.9356566587689996
2022-12-21,88.73562622070312,89.36959301530564,87.48750078743176,88.24033919007738,24745600,0.49528703062574664,0.629076867398104,1.8820922278738834,94.08917999267578,88.78713531494141,2.1308925549796753
2022-12-22,86.93277740478516,87.705423924909,85.50634840918426,87.32900852106096,27658300,-0.3962311162757999,-2.0317079990329057,2.1990755157247435,93.55922317504883,88.17297973632813,1.3333588800584455
2022-12-23,88.38892364501953,88.70590703096771,86.24928012175934,86.28890398968787,23003000,2.100019655331664,1.675025558488863,2.4566269092083672,93.15160217285157,87.9689208984375,1.7020845585365327
2022-12-27,86.56625366210938,88.101646250422,86.18983829581997,87.96296650718489,20097300,-1.3967128450755126,-2.062102249632791,1.9118079546020255,92.72268295288086,87.76089630126953,1.7142402320531007
2022-12-28,85.20916748046875,87.21013108289247,85.12992730850024,86.16012511888523,19523200,-0.9509576384164831,-1.5676850091465022,2.0802037743922313,92.26850395202636,87.16654968261719,1.7164476667154287
2022-12-29,87.61625671386719,88.01248777759298,85.79360440119908,85.80351225609894,23333500,1.8127444577682468,2.8249181450460403,2.2188833763939044,91.64741325378418,86.94267578125,2.3105070933850267
2022-12-30,87.3983383178711,87.46767818840975,85.75398202012718,86.1601209457672,23986300,1.2382173721038896,-0.24871913520313482,1.713696168282567,91.01542663574219,87.0357879638672,2.0904783822082473
2023-01-03,88.27995300292969,90.19176102565882,87.68560258790053,88.74551641039932,28131200,-0.4655634074696309,1.008731632690929,2.5061584377582875,90.45476150512695,87.01399383544921,1.9855139633012524
2023-01-04,87.24976348876953,89.79553847603304,86.44739337515158,89.49836324025155,34854800,-2.2485997514820184,-1.166957479152675,3.3481451008814673,89.89013481140137,87.15069580078125,1.7842639447559727
2023-01-05,85.3874740600586,86.74456313346334,85.09030640052188,86.64550724695111,27194400,-1.2580331868925185,-2.134434930532103,1.6542567329414624,89.35621490478516,87.18635711669921,1.9339781983095372
2023-01-06,86.5167236328125,86.86343055515435,84.06010451251869,85.97191250445123,41381500,0.5448111283612747,1.3225002673806996,2.8033260426356605,88.97979583740235,86.96645050048828,1.4533475483642937
2023-01-09,87.19032287597656,89.20119450702028,87.03183496091958,87.52712197637781,29003900,-0.33679910040125094,0.7785769211775762,2.1693595461006936,88.69797744750977,86.92484741210937,1.5233999690460558
2023-01-10,87.58655548095703,87.83419899287388,85.02097232508895,85.16955994373511,30467800,2.416995537221922,0.4544456218427806,2.8132266677849316,88.47955589294433,86.78616790771484,1.4463789045080213
2023-01-11,90.65731811523438,90.73656583937942,88.17098311938453,88.33937886508356,26862000,2.3179392501508147,3.505974880979301,2.565582719994893,88.39089889526367,87.46767883300781,2.020211483720806
2023-01-12,90.27101135253906,91.0040415982066,88.90402187065258,90.61771831946736,30258100,-0.34670696692829495,-0.4261175718922927,2.100019727554013,88.16801948547364,88.4443862915039,1.4734011703821062
2023-01-13,91.25167083740234,91.32101070844416,89.28042332532422,89.99363774602796,26329200,1.2580330913743865,1.086350391083446,2.0405873831199415,88.02190933227538,89.39137573242188,1.4693500795373422
2023-01-17,90.42949676513672,91.38044684984736,89.20118718373709,91.19223538103148,32602400,-0.7627386158947616,-0.9009961842020631,2.1792596661102692,88.04320640563965,90.03921051025391,1.7251621899060126
2023-01-18,90.26111602783205,91.92528084237875,89.78563712761265,91.27149829926222,29116700,-1.0103822714301742,-0.1862011216782422,2.139643714766109,88.08580131530762,90.57412261962891,1.7751054337258367
2023-01-19,92.17292022705078,92.72763928780024,89.77572523421122,89.8648808303919,37000400,2.3080393966588844,2.118081720404641,2.9519140535890216,88.31412849426269,90.87724304199219,1.2371835972908256
2023-01-20,97.0960693359375,97.37343643044792,94.12434705493682,94.2035947962255,63191100,2.8924745397119977,5.341209865934005,3.2490893755111045,88.75988693237305,92.24225463867188,2.44518587107612
2023-01-23,98.84938049316406,99.0970239934804,96.58096512336888,97.02672040094632,40005100,1.8226600922177454,1.8057488518514297,2.5160588701115216,89.2655746459961,93.76179656982421,2.4365222779893445
2023-01-24,96.77906799316406,98.67106778903306,96.2837810381172,97.17529906869738,33078500,-0.39623107553332204,-2.094411203865032,2.3872867509158624,89.75788917541504,95.03171081542969,2.781200453880898
2023-01-25,94.3224639892578,95.25360603181932,92.87622675649058,94.669163401654,42330000,-0.3466994123962053,-2.5383629485662973,2.3773792753287353,90.05456619262695,95.84398040771484,3.2716123121222647
2023-01-26,96.60079193115234,96.65032366377186,94.4809637637165,95.59040958005392,30114000,1.0103823510984284,2.415466947676448,2.1693599000553547,90.5562931060791,96.72955474853515,3.3012605268584756
2023-01-27,98.43334197998048,99.37438426539468,96.39275438266596,96.39275438266596,33879800,2.040587597314527,1.897034188015967,2.9816298827287255,91.21750183105469,96.99700927734375,2.402210714111612
2023-01-30,96.02625274658205,97.36352622934068,95.49134184198248,96.56116365118156,27226200,-0.5349109045995135,-2.445400293213651,1.8721843873582031,91.63800163269043,96.43238372802735,2.485621494612613
2023-01-31,97.90834045410156,97.94796432501448,95.9073840966227,95.95691582463402,29870700,1.9514246294675388,1.9599720427354805,2.040580228391775,92.16350173950195,96.65823822021484,2.518224775842303
2023-02-01,99.48334503173828,100.23618337201236,96.66021070256012,97.77955657834522,35531100,1.7037884533930594,1.6086521029074818,3.5759726694522413,92.72367134094239,97.69041442871094,1.9958101517343398
2023-02-02,106.72444915771484,106.83341291100568,104.61452909009137,104.80274058349926,69883800,1.921708574215586,7.278709942519956,2.2188838209143142,93.69740562438965,99.71514587402343,3.4559312574744045
2023-02-03,103.79234313964844,106.79378116863644,101.61308334943692,101.9597827400415,65309300,1.8325603996069333,-2.7473611166016987,5.180697819199523,94.61764907836914,100.78694610595703,4.078664232562962
2023-02-06,101.9300537109375,103.3762906680943,100.91966412167028,101.43476677119288,31999600,0.49528693974461646,-1.794245483219603,2.456626546424019,95.3883155822754,101.96770629882812,3.9441013092799646
2023-02-07,106.6253890991211,107.16029998780996,102.14799776201166,102.24705365455104,49010200,4.378335444570055,4.606428837464427,5.012302225798308,96.36006889343261,103.71111602783203,4.228639140480339
2023-02-08,98.43334197998048,102.1678026680486,97.11587673441662,101.08808062599395,94743500,-2.6547386460134703,-7.68301732669423,5.051925933631978,96.90240821838378,103.50111541748046,5.999412892741513
2023-02-09,94.11443328857422,99.08711120195127,92.7474363981296,99.05739519259022,119455000,-4.942961904016002,-4.387648132768518,6.33967480382168,97.07526397705078,100.97911224365234,4.512168372290121
2023-02-10,93.6785888671875,95.8380406275546,93.36160546921988,94.5502913222284,54980700,-0.8717024550409036,-0.46310051089648585,2.4764351583347235,97.2456428527832,98.95636138916015,4.583430572146633
2023-02-13,93.7182159423828,94.30265103215068,92.9554696553359,93.84698785432812,50076100,-0.12877191194532145,0.0423011017506747,1.347181376814774,97.36897010803223,97.31399383544922,4.671212124219162
2023-02-14,93.78754425048828,93.95594001243452,91.39035704490637,93.53990075675098,54726100,0.2476434937373,0.07397527514618751,2.565582967528158,97.5368724822998,94.74642486572266,3.45192430487172
2023-02-15,96.02625274658205,96.20455638144854,93.26255018489124,93.5993417410389,50169000,2.426911005543147,2.3869998025693118,2.9420061965573012,97.8251293182373,94.26500701904297,2.452999317578051
2023-02-16,94.60973358154295,96.759277545991,93.84698729900944,94.47105381335152,42462600,0.13867976819143735,-1.475137396829751,2.9122902469815557,97.94696998596191,94.36406707763672,1.4170099289543026
2023-02-17,93.4606704711914,94.65926429772296,92.33141653355074,93.95595755112086,34284100,-0.4952870799294544,-1.2145294853422084,2.327847764172219,97.76520004272462,94.3204833984375,1.52882256111431
2023-02-21,90.92479705810548,92.22244670375008,90.85545717377668,92.1233908057776,33629300,-1.1985937476721205,-2.713305393917098,1.3669895299733952,97.36897087097168,93.76179962158203,1.9355431580503586
2023-02-22,90.78611755371094,91.24178073169509,89.75591958534133,90.83564172410104,30884000,-0.04952417039010015,-0.15252110412291575,1.4858611463537557,97.06932334899902,93.16151428222656,1.9187430003329753
2023-02-23,90.03328704833984,91.07339296533152,88.91394094025303,91.0535772494468,41206400,-1.0202902011069597,-0.8292352681848136,2.159452025078494,96.85486450195313,91.96292114257812,0.9448650969084922
2023-02-24,88.28985595703125,89.04269429656404,87.7450448035044,88.59693902936208,36585100,-0.3070830723308262,-1.9364294567769447,1.2976494930596374,96.43931770324707,90.69894561767578,0.9904747576147743
2023-02-27,89.02289581298828,89.31016320477262,88.49788519922211,89.02289581298828,27502300,0.0,0.8302650944563617,0.8122780055505103,95.96879539489746,89.81139068603515,1.4054949909662346
2023-02-28,89.21109771728516,90.37007511496472,88.47807502657972,88.48798288330664,30142000,0.7231148339785136,0.2114084276613859,1.8920000883850037,95.62803764343262,89.4686508178711,1.0595313611447652
2023-03-01,89.50827026367188,90.17195305226244,88.82477176222423,89.13185485166831,31111200,0.376415412003567,0.33311163520088893,1.3471812900382076,95.20803413391113,89.21308135986328,1.1062863540470318
2023-03-02,91.13279724121094,91.41015671927016,88.74551055545453,88.8148579824483,32204400,2.3179392587626353,1.8149462309500208,2.6646461638156325,94.79050674438477,89.4329833984375,1.3761025332330894
2023-03-03,92.76728057861328,92.84652833288268,91.57858693701752,91.6083105129799,35160100,1.1589700656333832,1.7935182358950197,1.267941395865165,94.09264831542968,90.3284683227539,0.7728484864847912
2023-03-06,94.2332992553711,95.06538532191448,93.11395338746972,93.13376154162282,32639300,1.0995377137482762,1.5803186938475378,1.9514319344447557,93.61469612121581,91.37054901123047,0.8046192223653497
2023-03-07,92.97527313232422,94.76820959391353,92.64838190947148,94.08471869587916,27835500,-1.1094455635549423,-1.33501228651417,2.1198276844420434,93.16695709228516,92.12338409423828,1.3597213680596887
2023-03-08,93.36160278320312,95.05548347587344,93.11395927449436,93.2328308793674,34103300,0.12877190383572668,0.4155187049884379,1.9415242013790817,92.50376777648925,92.89405059814453,1.352561602574374
2023-03-09,91.44978332519533,94.62952467830928,91.03374409562431,93.1634795195889,28813500,-1.7136961943935773,-2.047757751596524,3.5957805826849665,92.15458984375,92.95744781494142,1.7196858634427175
2023-03-10,89.77572631835938,91.91536996276952,89.54789851172045,91.3012113113228,35941000,-1.5254849929634275,-1.8305751484210764,2.36747145104907,91.93765449523926,92.35913696289063,1.5752909797817474
2023-03-13,90.2511978149414,91.69743494917104,88.57712533524305,89.24080810196517,37335600,1.0103897129762345,0.5296214423216483,3.1203096139279864,91.76628494262695,91.56271667480469,1.2385692152014522
2023-03-14,93.08423614501952,93.47055938446682,91.56865919680637,91.68752323511042,36050200,1.3967129099090982,3.13905898056579,1.901900187660459,91.73458595275879,91.58450927734376,2.1120302408061584
2023-03-15,95.20407104492188,96.01634145078066,91.76677793656864,92.3413126902805,50622100,2.8627583546413717,2.277329640004555,4.249563514212014,91.80541229248047,91.9530029296875,2.345723761344617
2023-03-16,99.37438201904295,100.23618410795306,94.59981570662056,95.2932144741484,65492000,4.081167544894555,4.380391435313014,5.636368401332504,91.97281875610352,93.53792266845701,2.4198885238955117
2023-03-17,100.66212463378906,101.87061846985974,99.15644804076712,99.31494349581332,61028500,1.3471811379757384,1.295849683371464,2.7141704290926185,92.27543830871582,95.71520233154295,1.5142763509187593
2023-03-20,100.26589965820312,100.79090265941907,98.92862629411955,99.17626978959724,32960400,1.0896298686058827,-0.3936187290178972,1.8622763652995218,92.6156997680664,97.7181427001953,1.8143969718319002
2023-03-21,103.9310302734375,104.10933390947386,100.2659092140549,100.29562522714755,42110300,3.6354050462899465,3.6554108901714955,3.8434246954189604,93.26601142883301,99.8875015258789,1.8982476927921377
2023-03-22,102.3956298828125,105.5852715896912,102.35600601870802,103.28714037398592,43427400,-0.8915104911734204,-1.4773262485567984,3.2292655709831877,93.84648704528809,101.32581329345703,2.521610743732493
2023-03-23,104.6046142578125,105.29802060137732,103.4753604876286,104.06970338391277,40797800,0.534910873899733,2.157303370786523,1.8226601137487108,94.57505340576172,102.37185974121094,2.0338455614802657
2023-03-24,104.44612121582033,104.49564537954834,102.86119682693185,104.00035839739058,30393300,0.44576281842974197,-0.15151630080251222,1.6344485526164902,95.38286666870117,103.12865905761718,2.0918394305679997
2023-03-27,101.49420166015624,103.77252467050126,100.96919869835408,103.63384492804327,31120900,-2.1396432678870383,-2.8262605842149457,2.803325972147178,96.00643196105958,103.37431945800782,2.638207911581404
2023-03-28,100.07769012451172,101.48430339231476,98.79984875616223,101.474403093689,32057900,-1.3967129691772868,-1.3956575966650564,2.684454636152523,96.5497615814209,102.60365142822266,1.8752794079474802
2023-03-29,100.4343032836914,101.52393323759745,99.70128059578812,101.31591359200922,28779600,-0.8816103083178177,0.3563363210481896,1.8226526418093272,97.09606323242187,102.21138610839844,1.8740152268365413
2023-03-30,99.9390106201172,100.20646983328196,98.83947287150616,99.95882633237822,33086200,-0.01981571226102119,-0.49315089305213,1.366996961775797,97.53637390136718,101.27826538085938,1.2510266062503588
2023-03-31,102.7522430419922,102.9107309500924,100.08759659739673,100.34514795022432,36863400,2.4070950917678857,2.814949241961684,2.823134352695675,98.03562202453614,100.93948974609376,2.106719495040439
2023-04-03,103.37631225585938,103.5447080367432,100.96921692373488,101.42488009655725,25035400,1.9514321593021293,0.6073533729206604,2.575491113008326,98.49277267456054,101.31591186523438,1.57293984591568
2023-04-04,103.73291015625,104.5848043981141,103.0593195361128,103.34658690208836,24420100,0.3863232541616384,0.34495126843763213,1.5254848620013064,99.03065452575683,102.04695587158204,1.2395527611201191
2023-04-05,103.48527526855467,105.09990829704094,102.68291268275507,104.78292489397982,28290500,-1.2976496254251515,-0.23872355197817052,2.4169956142858666,99.53683815002441,102.65715026855469,1.3104665011670824
2023-04-06,107.39802551269533,108.14095597289516,103.34658169732892,104.26781577027592,48711500,3.13020974241941,3.780972929710691,4.794374275566241,100.33425025939941,104.14895324707031,1.7377274222977441
2023-04-10,105.43670654296876,106.57586067871368,104.129149071457,105.9716174482436,27067400,-0.5349109052748418,-1.8262151099739943,2.446711607256688,101.11729927062989,104.68584594726562,2.0464401926140536
2023-04-11,104.35697174072266,105.72396872832203,103.69328895955832,105.54566510200388,26311800,-1.1886933612812243,-1.0240596824845682,2.0306797687637186,101.82258796691895,104.88197784423828,2.1587295698535005
2023-04-12,103.6536636352539,105.74377539759396,103.35648840973944,105.57537962995973,24370300,-1.9217159947058207,-0.6739445326337523,2.387286987854523,102.35105934143067,104.86612854003906,2.190356210024363
2023-04-13,106.4173583984375,106.4767904162888,104.84234190806362,104.84234190806362,24843600,1.5750164903738835,2.666277935827477,1.6344485082251765,102.91172370910644,105.45254516601562,2.4765870034814
2023-04-14,107.84378814697266,107.91312802084542,105.83291668970352,105.88244840996096,26578000,1.9613397370116985,1.3404107844835478,2.0802113311418964,103.33519401550294,105.5416976928711,1.8504826973677964
2023-04-17,104.97112274169922,105.15933421068412,103.53478597901366,103.67347328496216,37571200,1.2976494567370622,-2.6637282078393665,1.6245482316704596,103.55064392089844,105.44858093261719,2.090387244488381
2023-04-18,103.5149917602539,105.53576379816514,103.08904460190772,105.48623207098144,26596400,-1.9712403107275378,-1.3871729132862498,2.446719196257419,103.71309852600098,105.28018493652344,2.137550415527631
2023-04-19,103.19800567626952,103.9904679457502,102.09846786716824,102.60366275289918,20905700,0.5943429233703341,-0.30622239213287106,1.8920000785819582,103.67644729614258,105.18905334472656,2.1210048917586453
2023-04-20,104.29753875732422,105.24848890310408,102.89092547236734,102.93054933979316,27820800,1.3669894175310588,1.0654596218689694,2.3575634307367324,103.77154273986817,104.76508941650391,1.679575567635223
2023-04-21,104.41641235351562,105.00084740487684,103.79234587649182,104.47584437704928,25800100,-0.05943202353365962,0.11397545676317122,1.208501528385014,103.76213264465332,104.0796142578125,1.4354548637194875
2023-04-24,104.97112274169922,105.62489761912757,103.71308959239948,104.49564392017724,23542800,0.47547882152197474,0.5312482737920066,1.9118080267280817,103.78838272094727,104.0796142578125,0.9284907657684804
2023-04-25,102.87110900878906,105.68434311564164,102.86120115263496,104.83244886590656,46664100,-1.961339857117494,-2.0005632768905657,2.8231419630066767,103.8572280883789,103.95083770751953,1.167837459034888
2023-04-26,102.73242950439452,105.3475442819754,101.66260776152602,103.93102314766244,53347600,-1.1985936432679267,-0.13480899130065005,3.6849365204493836,103.98996505737304,103.85772247314453,1.1634833575225842
2023-04-27,106.57583618164062,107.34849012775892,102.56401665043973,103.4654349180264,50089200,3.1104012636142215,3.7411815293258543,4.784473477319196,104.2970417022705,104.31338195800781,2.0795823710281205
2023-04-28,106.32820129394533,106.338109149272,104.09940996663532,106.03103365145822,36139800,0.2971676424871106,-0.23235556629670473,2.2386991826366796,104.61650123596192,104.69573974609375,2.0992559422378143
2023-05-01,106.18952941894533,106.97208378320418,105.8131140209073,105.83292217554936,26681700,0.3566072433959704,-0.13041871611900735,1.158969762296877,104.78836555480957,104.93942108154297,2.1082479149395024
2023-05-02,104.32726287841795,106.1895394473162,102.73243798858448,106.13010742029748,30997200,-1.802844541879523,-1.7537195528762983,3.457101458731728,104.8359130859375,105.23065185546875,2.0443333516440467
2023-05-03,104.41641235351562,106.4768005966434,103.97064950457288,104.53527640058292,21795400,-0.11886404706729081,0.08545175310652464,2.5061510920705246,104.87008819580078,105.56744842529297,2.0350280263787943
2023-05-04,103.70319366455078,104.6046120675871,102.98997918095117,104.49564832384382,23419500,-0.7924546592930426,-0.6830522835338804,1.6146328866359312,104.88098411560058,104.992919921875,0.7326546252818885
2023-05-05,104.5749053955078,104.88198094212608,103.12866814460686,103.83197483499484,26639300,0.7429305605129599,0.8405833033230836,1.7533127975192144,104.73982810974121,104.6422607421875,0.9662175936551011
2023-05-08,106.754150390625,106.94236185797476,104.16875935521117,104.18856750875771,26511400,2.565582881867286,2.0839081679062232,2.7736025027635947,104.80570030212402,104.75518493652343,1.460560093628041
2023-05-09,106.33811950683594,109.1117297850802,106.17963159356827,107.3683173942558,36360100,-1.0301978874198596,-0.3897093295827436,2.932098191511926,104.90475769042969,105.15735626220703,1.1095556327688523
2023-05-10,110.69664001464844,111.87542544527842,106.9126477902724,106.95227165556445,63153400,3.7443683590839925,4.098737619233828,4.962777655006022,105.25690650939941,106.4134017944336,1.9612320590146535
2023-05-11,115.47120666503906,116.8084800047562,113.33157083298757,114.31223694111618,78900000,1.1589697239228798,4.313199253165045,3.4769091717686393,105.7095989227295,108.76700439453126,2.039505659344258
2023-05-12,116.40235900878906,116.91745419072438,115.01555382399056,115.58018073153592,41102300,0.8221782772531441,0.8063935336287908,1.9019003667338268,106.13752746582031,111.1324951171875,2.0452075757713932
2023-05-15,115.41177368164062,117.3632055833455,114.91648670384669,115.01554258790956,36266800,0.39623109373106047,-0.8510010755655273,2.4467188794988175,106.65956001281738,112.86401977539063,2.4597357793265013
2023-05-16,118.38350677490234,119.61181648021966,115.33253688856816,115.39196891314602,45035600,2.9915378617563277,2.5748959559872553,4.279279591651502,107.40298576354981,115.27309722900391,2.2057561952080738
2023-05-17,119.70094299316406,120.52312112022634,117.76932696691306,118.48254136352232,33323600,1.2184016296417468,1.1128545302908854,2.7537941533132795,108.22813262939454,117.07395782470704,1.9484621702883849
2023-05-18,121.6722183227539,122.14768965780648,119.6910701259134,119.80993418093624,35234200,1.8622841418176677,1.6468335840114756,2.4566195318930824,109.09686660766602,118.31416015625,1.2607833151223624
2023-05-19,121.60286712646484,124.78260877971135,120.99861637803843,122.38542149832,41353400,-0.7825543718551558,-0.05699838241224331,3.7839924016729185,109.95618934631348,119.35426177978516,1.3591464806448104
2023-05-22,123.87127685546876,125.23826620106011,121.5830458662985,121.78116519300131,35253000,2.09011166246745,1.8654245435223205,3.6552203347616086,110.90119705200195,121.04616241455078,0.9822339020281187
2023-05-23,121.40475463867188,123.45524264502252,121.05805522841555,122.98967918409564,34046300,-1.5849245454237604,-1.9911978623380122,2.397187416606968,111.8278793334961,121.6504119873047,1.58668939061613
2023-05-24,119.7603988647461,120.76088072713311,118.73020099136892,119.97832635531356,34182600,-0.21792749056746175,-1.354441000947415,2.0306797357641955,112.67927780151368,121.6623031616211,1.7314801761124203
2023-05-25,122.31607818603516,124.1387306788188,120.81040150658112,123.34626847305567,42317000,-1.0301902870205168,2.1339936619410915,3.3283291722376873,113.4662899017334,121.79107513427735,1.8550698330263058
2023-05-26,123.43544006347656,124.07931474444764,121.2957963650153,122.00901093116906,35635900,1.4264291323075042,0.9151387896355834,2.783518379432337,114.32165184020997,122.15758972167968,1.882703854316722
2023-05-30,122.50428771972656,124.47553546863791,120.85003091363836,124.45571975597146,35076700,-1.9514320362448956,-0.7543638547172105,3.6255045549995515,115.13738975524902,121.88419189453126,1.6984541845056897
2023-05-31,121.71183776855467,122.89061576373156,121.34532264477144,121.592966160373,37325800,0.11887160818167786,-0.646875277528991,1.5452931189601173,116.00661849975586,121.94560852050782,1.431451009980524
2023-06-01,122.5538101196289,123.2472088605985,121.46418028775692,121.66229205446838,30772700,0.8915180651605255,0.6917752344478778,1.7830285728415873,116.91348838806152,122.50429077148438,1.200277425240729
2023-06-02,123.494873046875,124.96092606169722,122.59345453252652,122.82128234668328,26980100,0.6735907001917241,0.7678773318654741,2.3674715291707003,117.90307235717773,122.74004974365235,0.8221343016215006
2023-06-05,124.82222747802734,126.22884069489604,122.67267622973692,122.84107954751497,32305500,1.9811479305123783,1.0748255359949388,3.5561644651591138,118.91543846130371,123.0174072265625,0.8593754770098528
2023-06-06,126.1099853515625,127.08074373043738,124.17836889335597,124.82224356525164,26638300,1.2877417863108604,1.0316735244624953,2.9023748370814104,119.88323020935059,123.7385467529297,0.7074251744392629
2023-06-07,121.3453140258789,127.82366128329056,120.9688986295934,125.7731809795302,52539000,-4.427866953651289,-3.7781872009586714,6.854762653697165,120.63358993530274,123.66524200439453,2.094844592937365
2023-06-08,120.98870086669922,122.06843039511246,120.09718280596336,121.07785645151252,29389200,-0.0891555848132981,-0.29388292579937136,1.971247589149101,121.14819297790527,123.35222015380859,2.054471187067358
2023-06-09,121.07785034179688,122.59342718983048,120.7608669981394,121.0976584943784,23778300,-0.019808152581518357,0.07368413286450437,1.8325601916910728,121.42852516174317,122.86881561279297,1.9918739926964992
2023-06-12,122.47457885742188,122.8807178585116,120.51324640783484,121.63259239946863,28306400,0.8419864579532401,1.1535788847275574,2.36747145067676,121.73213615417481,122.39928588867187,2.006495631453664
2023-06-13,122.66278076171876,123.9802460011841,122.01890614745164,123.80194237811752,22278300,-1.1391616163987521,0.15366609630558248,1.9613398537324542,122.09468650817871,121.70984497070313,1.8889418051665572
2023-06-14,122.50428771972656,122.88071068558904,120.3052121775111,121.93966082841288,30592300,0.5646268913136794,-0.12921037743314212,2.575498508077942,122.30072555541992,121.94163970947265,0.5655438691103944
2023-06-15,123.91089630126952,124.27741139684176,121.2462574175831,121.97928005124778,35246300,1.931616250021733,1.14821171383086,3.0311539792586615,122.5112232208252,122.52607879638671,0.6210754970297392
2023-06-16,122.36560821533205,124.9212910160558,122.1179647088467,124.74298738908716,45535600,-2.3773791737551164,-1.2470962054703771,2.8033263072091046,122.5458927154541,122.78363037109375,1.0014712835033868
2023-06-20,121.9396514892578,123.39579640203785,120.9887014060601,121.77125573189018,26097500,0.16839575736761958,-0.3481016703032025,2.4070949959777437,122.56273193359375,122.67664489746093,0.8659411143476955
2023-06-21,119.41368865966795,121.50380022812683,118.96792586274572,121.24624889373705,30306300,-1.832560234069092,-2.071486016845281,2.535874365381119,122.33985252380371,122.02682647705078,1.2145491873801704
2023-06-22,121.98918914794922,122.07833718002011,117.70990978650924,118.8688795483101,26952200,3.120309599639114,2.1567883189853587,4.368427393510871,122.36907424926758,121.9238067626953,1.7256477759347217
2023-06-23,121.18682861328124,121.63259148117145,119.91889500746818,120.23587840892144,34913600,0.950950204359799,-0.6577308532601855,1.7136964737032656,122.44039573669434,121.37899322509766,1.589976642869365
2023-06-26,117.22451782226562,120.8500221132534,117.15517794794243,119.62171252918014,33969900,-2.3971947069145187,-3.269588647838717,3.6948441653109683,122.18581771850586,120.35077514648438,2.0417740764750505
2023-06-27,117.21463775634766,117.9575683483946,115.00565413736987,115.97642010293607,39535900,1.2382176534115814,-0.008428327197684826,2.9519142110247287,121.87477760314941,119.40577239990235,2.0676372299694554
2023-06-28,119.04718780517578,119.25520744558725,115.74857445547958,115.98631010773838,27091400,3.0608776974374052,1.5634139932569013,3.5066329901076614,121.70192260742188,119.33247222900391,2.133635279952418
2023-06-29,117.97736358642578,118.9283137332142,117.18490890950874,118.11604334382326,24090900,-0.13867975739748317,-0.8986555990728617,1.7434048237054611,121.51519889831543,118.53010711669921,1.748918355909366
2023-06-30,118.57171630859376,119.93871339832693,118.5618160090164,119.0372873430692,29532200,-0.46557103447543113,0.5037853907733592,1.3768973893105283,121.31609420776367,118.00708465576172,1.8238661172668311
2023-07-03,118.76982879638672,119.0570961746156,117.7000070203923,118.11604630300786,14467900,0.6537824933788556,0.1670824155714845,1.3570891542232886,121.07984199523926,118.31614685058594,0.8918157953454834
2023-07-05,120.60237121582033,121.45426536658378,118.10612833606906,118.11602863359306,27584800,2.486342582227266,1.5429359779369767,3.348137030514721,120.86884918212891,118.99369354248047,1.031623579916619
2023-07-06,118.97784423828124,119.16605571745576,117.2839635981503,118.67076871540064,24745200,0.30707552288059503,-1.3470108101207745,1.8820921193054687,120.51224212646484,118.97982482910156,1.149367722762848
2023-07-07,118.35379028320312,119.90899123235955,118.27454254576682,118.96794135463396,21709500,-0.6141510714308396,-0.5245127435897223,1.6344486865927337,120.36266593933105,119.05511016845703,1.087254371695568
2023-07-10,115.35234832763672,117.19481671679652,115.0452727819369,117.18491641740523,35315200,-1.8325680897685146,-2.535991410485794,2.149543934859622,120.08084831237792,118.41123657226562,1.5389992357583406
2023-07-11,116.0358428955078,116.60046979822025,114.26271445006496,115.19385646970584,23078800,0.8419864258019629,0.59252765789366,2.3377553481552837,119.82874794006348,117.86443939208985,1.5984446490623052
2023-07-12,117.80896759033205,119.19577271910916,117.2938724292045,117.68019568942016,30404400,0.12877190091188595,1.5280836081149385,1.9019002899046598,119.59546737670898,117.30575866699219,1.5938120190779728
2023-07-13,123.3660888671875,123.65335623874292,119.31463721160668,119.79011606460736,44297900,3.5759728025801394,4.717061349845397,4.338719027136236,119.63063278198243,118.18340759277343,2.6828045983391515
2023-07-14,124.23779296875,125.5849742534972,122.32598478947492,123.62364190723412,33283100,0.6141510615158836,0.7065994468714587,3.258989464022278,119.7173080444336,119.3602081298828,2.5908857805305217
2023-07-17,123.4750518798828,125.90195518182102,123.02928904081584,124.75289325990693,25716200,-1.2778413800241282,-0.613936444491614,2.8726661410051832,119.69551582336426,120.98474884033203,2.01290130762078
2023-07-18,122.59344482421876,123.5047711236384,121.8009825723442,123.42552338695492,26193600,-0.8320785627361573,-0.7139961006225493,1.7037885512942097,119.7069076538086,122.29626922607422,2.216204327944122
2023-07-19,120.87975311279295,124.00006295924167,120.65192530782674,123.42552818218525,37224000,-2.545775069392292,-1.397865696557421,3.3481376514149304,119.65391273498535,122.91042633056641,2.456369016380299
2023-07-20,118.07640838623048,122.92031425638964,117.10565017562492,120.2754837005318,37906800,-2.199075314301311,-2.3191185077509835,5.814664080764729,119.58704872131348,121.852490234375,1.1128938542130313
2023-07-21,118.88867950439452,119.84953742367952,117.61084578795172,119.4830299071336,72937900,-0.5943504027390816,0.6879199064957042,2.238691635727804,119.43202323913575,120.78266754150391,1.1062998065717182
2023-07-24,120.38444519042967,121.84059003664971,119.83963407841182,120.51322463457214,29686100,-0.12877944414246656,1.2581228862752036,2.0009559582378955,119.39190406799317,120.16454620361328,1.4716702838241174
2023-07-25,121.05804443359376,121.98918638737764,119.87925898635496,120.21605806734304,52509600,0.8419863662507225,0.5595400984724996,2.109927401022688,119.58358039855958,119.85746612548829,1.5336258219385812
2023-07-26,128.05149841308594,129.74537139876955,127.11045618604405,128.8439605940008,61682100,-0.7924621809148675,5.776942798153684,2.6349152127255024,120.12542343139648,121.29181518554688,2.9158243182602908
2023-07-27,128.18026733398438,131.98408291547318,127.57601659985136,130.4288745072281,44952100,-2.2486071732437267,0.10056026090614623,4.408066315621824,120.58207740783692,123.31258697509766,2.3290097984819695
2023-07-28,131.33030700683594,132.47937651181306,129.3392586434395,129.54727072583006,36591200,1.7830362810058773,2.4575074918855355,3.140117868373551,121.24972457885742,125.80091247558593,2.275034387991883
2023-07-31,131.46897888183594,132.27134138142645,130.53783692899188,131.47887918017878,28055500,-0.009900298342842007,0.1055901552052152,1.7335044524345733,121.89458770751953,128.0178192138672,2.4262239712129534
2023-08-01,130.31002807617188,131.3798499360139,129.4482183164605,129.54728177411607,23166800,0.7627463020558025,-0.881539368086004,1.9316316195534,122.47159767150879,129.86821594238282,2.6824849863384146
2023-08-02,127.1698989868164,128.863772116118,126.35762102589456,128.22980534062592,26273300,-1.0599063538095095,-2.4097370982990918,2.5061510902234545,122.79997406005859,129.6918960571289,1.7724113693680914
2023-08-03,127.23921966552734,128.17036158821978,126.21892971575812,126.76374840615888,20089500,0.4754712593684616,0.05451028841199079,1.9514318724616544,123.21304283142089,129.5036865234375,1.7710619983216818
2023-08-04,126.90243530273438,130.27038084502357,126.70432352641612,128.06140506490377,26147200,-1.1589697621693915,-0.2646859700006554,3.5660573186074487,123.64047508239746,128.61811218261718,1.0442399294166846
2023-08-07,130.29017639160156,130.36942411285528,127.80384148646446,127.94252121991916,22746300,2.347655171682405,2.6695634963864068,2.565582626390821,124.3873664855957,128.38235168457032,1.8469661671355297
2023-08-08,130.1614227294922,130.2703864784232,128.3189544116336,129.388776187967,23535200,0.7726465415251766,-0.09882069828687223,1.9514320667896072,125.09364547729493,128.35263061523438,1.8038648904091892
2023-08-09,128.43783569335938,130.79539166782024,127.78405318898795,130.41898380481655,24912900,-1.9811481114571734,-1.3241919149231007,3.011338478832286,125.62508888244629,128.60621795654296,1.47885380800142
2023-08-10,128.46751403808594,130.8052687287546,128.22977089303356,130.08215411228497,20857800,-1.6146400741990306,0.023107166643177024,2.575497835721052,125.88016014099121,128.85187683105468,1.479731212654752
2023-08-11,128.33877563476562,128.70528320828737,126.96187826549952,127.44726500702475,19591100,0.8915106277408711,-0.10021086208779062,1.7434049427878477,126.085209274292,129.13914489746094,1.4685770180899906
2023-08-14,130.09207153320312,130.13168783844867,127.74441623723256,128.17035575719427,24695600,1.9217157760088526,1.366146661260914,2.3872716012161135,126.416060256958,129.09952392578126,0.9534926642059306
2023-08-15,128.5566864013672,130.18122707956528,128.06139942490483,129.86425127440808,19770700,-1.3075648730408886,-1.1802295971926835,2.1198276546604404,126.71422233581544,128.77857666015626,1.0871901840962945
2023-08-16,127.48687744140624,129.05198625701777,126.66470672211184,127.48687744140624,25216100,0.0,-0.8321690531295278,2.387279534905929,127.0445785522461,128.58838500976563,0.982055421541948
2023-08-17,128.69537353515625,130.74586899055504,128.07130707221577,128.57650949077134,33446300,0.11886404438490672,0.9479376371936299,2.674561918339265,127.57552680969238,128.6339569091797,1.101398372315481
2023-08-18,126.25856018066406,128.03168853418595,125.18873845493916,127.29865833833011,30504800,-1.0400981576660513,-1.8934739358183017,2.8429500792467906,127.94402084350585,128.21791381835936,1.4079129282575615
2023-08-21,127.15999603271484,127.51660332355635,125.36705927860892,125.98121795894284,25248700,1.1787780737720084,0.7139601867476753,2.149544044947433,128.2827983856201,127.63149871826172,1.2320644409172563
2023-08-22,127.86328887939452,129.0519746112735,127.11045810936166,127.29865446565051,22054900,0.5646344137440025,0.5530771222254094,1.9415165019118348,128.62306060791016,127.4928192138672,1.2185864479002262
2023-08-23,131.12229919433594,132.15250480453622,128.64586374765005,128.95293932464511,27819700,2.1693598696908225,2.5488240944712803,3.506641056886167,128.77660064697267,128.21990356445312,1.5928130606027784
2023-08-24,128.5566864013672,132.9845531801372,128.34867433563005,132.68737797126798,28500700,-4.13069156990079,-1.9566563496314693,4.635878844507147,128.7954216003418,128.19216613769532,1.9187007622913035
2023-08-25,128.65574645996094,129.5274412374435,126.0505321954798,128.3189398374532,26762900,0.3368066225077371,0.07705554753059118,3.476909041963694,128.66169357299805,128.67160339355468,1.6122002295498752
2023-08-28,129.7751007080078,131.29067779366306,128.9133061222322,130.07227594567678,20543300,-0.2971752376689665,0.8700382834397669,2.377371671430865,128.57699966430664,129.1946243286133,1.6215910832293916
2023-08-29,133.30154418945312,135.28269209662818,130.99350506379912,130.99350506379912,43075600,2.3080391256540054,2.7173498322916156,4.289187032829062,128.7265754699707,130.282275390625,1.9266651552816212
2023-08-30,134.59918212890625,134.99540563044192,132.80624584477715,133.5095448272466,28315800,1.08963730165965,0.9734605456699574,2.1891597856647707,129.0980396270752,130.97765197753907,1.6944914997603198
2023-08-31,134.88645935058594,136.69921157879557,134.5100363949587,134.72796388348397,30053800,0.1584954671019716,0.21343162501876733,2.1891751838368805,129.48040161132812,132.2436065673828,1.0527322666389063
2023-09-01,134.38125610351562,136.16429210938105,133.57889367961565,136.16429210938105,21543700,-1.7830360058654264,-0.37453963096267806,2.585398429765405,129.85434265136718,133.38870849609376,1.162203896304883
2023-09-05,134.49024963378906,135.1341167520606,133.31146403775733,134.16335836737144,19403100,0.32689126641761845,0.0811076882548889,1.822652714303274,130.06434631347656,134.33173828125,1.216186369103451
2023-09-06,133.1925811767578,135.24306141209425,132.41001928477638,134.73787413439317,18684500,-1.545292957635354,-0.9648792091357827,2.833042127317867,130.21590423583984,134.30994567871093,0.7193762295973177
2023-09-07,133.98501586914062,134.30200676190253,131.69679265373736,132.33075932430347,18844300,1.6542565448371533,0.5949540773079409,2.605214108165171,130.4932632446289,134.1871124267578,0.599351130623183
2023-09-08,135.094482421875,135.3718419233677,133.57890546194733,133.63833748155875,23558300,1.4561449403162499,0.8280527083849076,1.7929364614203678,130.82461166381836,134.2287170410156,0.7266476092449091
2023-09-11,135.62939453125,136.18411357030033,134.51004103926334,135.2529715626258,20763400,0.37642296862421176,0.3959540758330604,1.674072531036984,131.18914260864258,134.4783447265625,0.6998349442695605
2023-09-12,134.0642852783203,135.5798623314705,133.91570522015272,134.97561156998864,18405500,-0.9113262916683311,-1.153960215142802,1.6641571113177918,131.38775329589845,134.39315185546874,0.9275036264097531
2023-09-13,135.42137145996094,135.60956781404116,132.88548944943147,133.81663138154605,20749500,1.604740078414892,1.0122652567932544,2.7240783646096816,131.73098754882812,134.8389099121094,0.8645927102383691
2023-09-14,136.7982635498047,137.3925988291446,134.95579546543004,136.30297659287558,24751000,0.49528695692910674,1.0167465260465525,2.436803363714546,132.19655685424806,135.40155944824218,0.9153305893985116
2023-09-15,136.1048583984375,137.21431153088753,135.19353215336167,136.67939311891212,38919600,-0.5745347204746167,-0.5068815446730657,2.020779377525855,132.5670310974121,135.6036346435547,0.9600794276099078
2023-09-18,136.9072265625,137.84826875270798,135.32230226270676,135.32230226270676,21861300,1.5849242997932436,0.5895220593181261,2.525966490001224,133.0994644165039,135.85920104980468,0.9761030888573723
2023-09-19,136.7388458251953,137.10536853031823,135.33223237880813,136.12469470331175,20353700,0.614151121883566,-0.12298893311363246,1.7731361515101014,133.57840690612792,136.39411315917968,0.6868568790878663
2023-09-20,132.47938537597656,136.77847333591484,132.36050620598186,136.77847333591484,29927500,-4.2990879599382765,-3.1150332032668815,4.4179671299329755,133.80921173095703,135.80571594238282,1.615707645089429
2023-09-21,129.21047973632812,130.98360061103773,128.84397217961927,130.20105377280416,31503900,-0.9905740364760334,-2.4674824919901917,2.1396284314184584,133.71362075805663,134.2881591796875,1.5880942174403425
2023-09-22,129.0222625732422,130.78548307138033,128.37839552385094,129.52744986822796,26397300,-0.5051872949857739,-0.14566710337274857,2.407087547529386,133.73689956665038,132.87164001464845,1.6308580327363487
2023-09-25,129.87416076660156,129.9335927895909,127.74443266302944,128.60622722629518,20094600,1.2679335403063874,0.6602722478810774,2.189160126561461,133.7978202819824,131.46502685546875,1.6488722539523881
2023-09-26,127.35809326171876,129.13121388773126,126.02081245405836,128.54677891577344,25718700,-1.1886856540546802,-1.9373118486628371,3.110401433672905,133.67696990966797,129.58887634277343,1.5959032769865855
2023-09-27,129.30953979492188,129.66614708498366,127.3581226719012,127.3581226719012,22746500,1.9514171230206756,1.5322516875255987,2.308024413082464,133.4773696899414,128.9549072265625,1.6981347685467278
2023-09-28,131.06285095214844,132.04352470913275,128.56660009843606,128.61613182423616,22513100,2.4467191279122744,1.355902402875464,3.476924610696699,133.30055313110353,129.32538146972655,1.411303909242578
2023-09-29,129.62652587890625,132.78645964091183,129.13123883445297,132.0237133602647,30859800,-2.3971874813584577,-1.0959055619556124,3.655220806458857,133.03755645751954,129.44623413085938,1.5429941796095885
2023-10-02,132.90533447265625,133.15297801496536,129.93361196494698,129.9732433960953,22288000,2.932091076560937,2.529427192095679,3.2193660500183796,132.96376037597656,130.0524688720703,1.8974599116419137
2023-10-03,131.1816864013672,132.99443834271233,130.59725146324402,132.67746257362884,22989400,-1.4957761722616567,-1.2968990884588472,2.3971868794683076,132.79833221435547,130.8171875,1.7056794827673523
2023-10-04,133.9652557373047,134.2921470260902,131.28079309513643,131.53833693707548,26752300,2.4269188002292026,2.121919158304464,3.01135393095376,132.83696594238282,131.74833068847656,1.8034085208602315
2023-10-05,133.7968292236328,134.21286846430397,132.19208916394834,133.7968292236328,19832600,0.0,-0.1257240265357673,2.0207793003556276,132.82755661010742,132.29512634277344,1.7950991174636806
2023-10-06,136.28317260742188,136.85770734068427,132.74681617552042,132.74681617552042,27597600,3.536356431901453,1.8582976877824953,4.110891165163849,132.88699111938476,133.62645568847657,1.6489398512994327
2023-10-09,137.11524963378906,137.63035233984527,134.3317391453215,135.6492043634317,19278100,1.4660452703573696,0.6105500851261159,3.2986131945237673,132.9612838745117,134.46843872070312,1.4158839417206788
2023-10-10,136.75863647460938,138.40299285145625,136.03552172670302,137.19449142895036,27786600,-0.4358549543409822,-0.26008278446937316,2.367471124753223,133.09600143432618,135.58382873535157,1.1040487172632747
2023-10-11,139.22520446777344,139.7799235919556,137.2737721177282,137.2737721177282,25884300,1.9514323500452235,1.8035921216734252,2.50615147422738,133.28619308471679,136.6358184814453,1.0175033764787451
2023-10-12,137.66006469726562,139.88885611158636,136.95675053372017,139.72046035185502,24765500,-2.0603956545893993,-1.1241784678937883,2.9321055778661957,133.32928314208985,137.40846557617186,1.298276872705441
2023-10-13,136.06524658203125,138.6803613631377,135.33221637344056,138.06621031388815,23420500,-2.000963731856899,-1.1585190801280065,3.348144989697147,133.32730255126953,137.36488037109376,1.2545908830977242
2023-10-16,137.788818359375,138.31382125173204,136.68928086284384,136.86757688743774,28501900,0.9212414719372646,1.2667244727364135,1.6245403888881924,133.3713821411133,137.49959411621094,1.3670646721294877
2023-10-17,138.4029998779297,138.58129594196157,135.88693346466465,137.3232778502887,23515800,1.0797220276409973,0.4457411899366104,2.69436247729692,133.45458984375,137.828466796875,1.3562751225125051
2023-10-18,136.6595916748047,139.39357039308052,136.08505695789236,138.13553721785942,23375000,-1.4759455430547348,-1.259660704365273,3.3085134351881607,133.6636001586914,137.31534423828126,1.1539349523560773
2023-10-19,136.45156860351562,138.34356857254127,136.08506106002469,137.19449910407923,26066000,-0.7429305005636024,-0.15221988353666394,2.258507512516587,134.0256546020508,137.07364501953126,1.073329910699933
2023-10-20,134.32183837890625,136.5704304415317,133.80673567464444,136.03552714034558,26335700,-1.7136887614393288,-1.560795706788598,2.763694766887255,134.29063339233397,136.72496337890624,1.175972911276142
2023-10-23,135.21334838867188,136.36241783407064,132.68738171446304,133.76710372602042,26317900,1.446244662651452,0.6637118881970494,3.675036119607597,134.5575927734375,136.20986938476562,0.9988590678109412
2023-10-24,137.50157165527344,138.04639036690818,136.12467442857437,136.5308133876984,44814300,0.9707582675750359,1.692305747820133,1.9217159383338185,135.06476669311525,136.0295837402344,1.34855087554859
2023-10-25,124.4260025024414,127.10054931723444,123.8910916279868,126.95196926111925,84366200,-2.525966758677839,-9.509396143931681,3.2094576892476425,134.82058982849122,133.5828659057617,4.485245046457199
2023-10-26,121.12740325927734,123.15808324628972,120.12692127310451,122.10806953068509,57061100,-0.9806662714077419,-2.6510529767275415,3.031161973185206,134.32381744384764,130.51803283691407,4.39782658076807
2023-10-27,121.01842498779295,122.14767875459351,119.07690083509236,121.72173162799471,44566500,-0.7033066402017596,-0.08996995605620173,3.070777919501154,133.893412399292,127.8573501586914,4.505257144196442
2023-10-30,123.28684997558594,124.21799203586896,121.59296919351488,122.04863236669068,28940100,1.2382176088952548,1.874445968059657,2.6250228423540847,133.41248817443847,125.47205047607422,4.710653409166906
2023-10-31,122.9104232788086,124.1882646409759,121.53352602850394,123.88118156302636,26292300,-0.9707582842177658,-0.3053259101452266,2.6547386124719594,132.99892501831056,122.55382080078125,4.423051360582555
2023-11-01,125.25808715820312,125.29771102759383,122.55382420024056,122.9005236105588,30082400,2.357563547644318,1.910060853072748,2.743886827353279,132.56356658935547,122.7202377319336,1.8829700674249819
2023-11-02,126.2882843017578,127.76423752931852,125.73356524871063,127.20951847627134,27124600,-0.9212341745135433,0.822459584787949,2.030672280607888,132.18813934326172,123.75241394042969,1.0478555095523896
2023-11-03,127.8831024169922,128.3090419584001,126.65478528312016,126.81328074199892,26393100,1.0698216749932783,1.262839323577869,1.6542566752799246,131.76813583374025,125.12534942626954,0.9129101619010711
2023-11-06,129.0222625732422,129.1114106050115,127.45715385068908,127.83357680477238,19052700,1.18868576846981,0.890782390104583,1.6542567543224322,131.36348648071288,126.27243194580078,0.8076937969708322
2023-11-07,129.73548889160156,130.66663094824423,128.65576676845674,129.47794507134418,29757300,0.2575438202573821,0.5527932188869267,2.0108641797874895,131.0123291015625,127.63744506835937,0.5249298536113964
2023-11-08,130.59725952148438,130.96378214314169,129.54725360448614,129.7354650641289,26425800,0.8617944573554723,0.6642520387022621,1.416528538655541,130.58093185424804,128.7052795410156,0.27159033628135654
2023-11-09,129.01235961914062,131.30058307721072,128.84396385761158,130.71614806102886,23747800,-1.7037884418882356,-1.2135782237321924,2.4566192195991334,130.1485466003418,129.25009460449218,0.9588056723897792
2023-11-10,131.3402099609375,131.5482371624937,128.19019172994675,128.87369024439658,26913300,2.4665197165409154,1.8043622709242424,3.358045432546959,129.91229476928712,129.94151611328124,1.0968476049781144
2023-11-13,130.84490966796875,131.34019664387745,130.0128311760323,130.5378341612988,18324800,0.3070755066699462,-0.37711245711885555,1.3273654678451408,129.5650993347168,130.30604553222656,1.141066396983168
2023-11-14,132.36050415039062,134.4209000570862,132.06334401742188,132.9251386329532,32395200,-0.5646344825625818,1.1583136755322299,2.3575560396643027,129.26297454833986,130.83104858398437,1.2066874061993396
2023-11-15,133.35108947753906,133.7572285134562,132.31099869452711,133.59873301920138,23861500,-0.24764354166231328,0.7483994817841788,1.4462298189290834,129.09754943847656,131.3818145751953,1.2117441123266732
2023-11-16,135.63929748535156,135.92657242438622,133.0539137238025,133.91570831098554,28013200,1.723589174366026,1.7159274939391622,2.872658700583713,129.05693588256835,132.7072021484375,0.8865463591858246
2023-11-17,134.03456115722656,134.77749163303557,132.3902047431791,134.71805961336432,37240600,-0.6834984561377553,-1.1830910052437416,2.3872868898564548,129.04257202148438,133.2460723876953,1.1765827871524044
2023-11-20,134.96572875976562,135.37186779133089,132.36051389260578,132.42986133871003,27815500,2.535867421055599,0.6947220138593835,3.0113538987251047,129.03019104003906,134.0702362060547,1.0913077883176774
2023-11-21,135.67893981933594,135.88695192229423,134.67846538924488,135.0053415510365,22635300,0.673598268299429,0.5284386385523199,1.2084865330493528,128.93905944824218,134.73392333984376,1.0502022255006203
2023-11-22,137.18460083007812,138.10582740919213,136.1742111022112,136.1742111022112,17813900,1.0103897278669365,1.1097234491565633,1.931616306980942,129.576989364624,135.50062561035156,1.0833989103414954
2023-11-24,135.4015655517578,136.82799456252866,134.7081667590109,136.72893111429622,12514300,-1.3273655625384038,-1.2997342759548114,2.119827803517751,130.29069747924805,135.4530792236328,1.1267086189621591
2023-11-27,135.1241912841797,137.11523941063973,134.71805235170586,134.7477683599397,23436500,0.37642292423998924,-0.20485307274538123,2.3971870589338664,130.9959857940674,135.67100524902344,0.9470257483572538
2023-11-28,135.90675354003906,135.95628526440245,134.14353298041522,134.7973154661077,18730000,1.1094380739313578,0.5791429709381735,1.812752283987237,131.62698097229003,135.8592102050781,0.9321776616880365
2023-11-29,133.71755981445312,136.98644119186451,133.5689646786895,136.2732419770331,23967200,-2.555682162579984,-1.610805694759665,3.4174765131750178,132.16733779907227,135.46693420410156,1.171096284335357
2023-11-30,131.28076171875,134.2722992191977,130.04254430639105,133.7770122542541,38988300,-2.496250535504089,-1.822347116627343,4.229754912806641,132.4684715270996,134.28616638183593,1.022600931276554
2023-12-01,130.61708068847656,130.86472417415052,129.43829527827506,130.61708068847656,31442300,0.0,-0.5055432506518187,1.4264288958754605,132.68491134643554,133.3292694091797,1.0009484352424671
2023-12-04,128.05149841308594,128.80432917172766,126.69440938445004,128.65574912560064,36669900,-0.6042507125146983,-1.9642012069689185,2.1099197872776188,132.69333114624024,131.91473083496095,1.0835403747706145
2023-12-05,129.75531005859375,130.8944642562139,127.0411315150536,127.73453037947289,27384800,2.0207796791208636,1.3305675190238064,3.853332741160287,132.7299835205078,130.68444213867187,1.3800792018622934
2023-12-06,128.79443359375,130.59727038431748,128.65575384062942,130.20104683681856,23576200,-1.4066132430685627,-0.7405295894324815,1.941516543688067,132.68293075561525,129.69981689453124,1.3240433462636994
2023-12-07,135.63929748535156,137.25393802452018,133.4303215848348,133.76711313442814,56767100,1.872184350923419,5.314565001459592,3.823616439685395,132.9350326538086,130.57152404785157,2.842419962087067
2023-12-08,133.71755981445312,135.1142573549108,132.76660233641738,132.93499806498443,32260100,0.782561749468698,-1.416800076766822,2.3476550184934126,133.17029266357423,131.19161987304688,2.964586435506801
2023-12-11,132.03359985351562,132.08313157577382,130.12179931701706,131.1321890142382,31138000,0.9014108392774176,-1.2593409296985159,1.9613322587567552,133.20496215820313,131.9880401611328,2.831610138476255
2023-12-12,131.27085876464844,131.746330009185,130.0227259646723,130.5675446380779,29032800,0.7033141265705467,-0.5776871112454729,1.7236040445126832,133.22625961303712,132.29114990234376,2.8447926198938736
2023-12-13,131.32041931152344,132.2416459947321,130.32984518422208,132.12278193624368,30104800,-0.8023626247202458,0.03775441658673273,1.911800810510016,133.17425537109375,132.79634704589844,2.7969750551459067
2023-12-14,130.6963348388672,132.45955533429708,128.46754335829976,132.12276380482388,38722400,-1.4264289659566884,-0.4752379530374218,3.9920119759973147,133.04151763916016,131.80775451660156,0.5977258141465956
2023-12-15,131.35011291503906,132.2515237297127,129.9434845931054,130.3793395531458,50847100,0.970773361893265,0.5002267867556531,2.3080391366072774,132.82705841064453,131.33426513671876,0.6647458195094889
2023-12-18,134.5199432373047,135.85720897900194,131.18169880212074,131.379825680854,32258000,3.14011755645069,2.4132680603905943,4.675510176881204,132.85132751464843,131.83153381347657,1.2159730180727555
2023-12-19,135.3619384765625,136.17421645628426,134.79731912538074,135.5501499652766,25476800,-0.18821148871410287,0.6259259549139529,1.3768973309035175,132.8711380004883,132.64974975585938,1.0918729800837446
2023-12-20,137.03599548339844,140.3643245325025,136.76855140187814,137.66006190353008,49107200,-0.6240664201316406,1.2367265316060694,3.595773130624366,132.9389907836914,133.79286499023436,1.063208845480694
2023-12-21,139.09637451171875,139.3638336763087,137.86805752893244,138.17514811084678,27488300,0.9212264008719728,1.50353125910625,1.4957761473762616,133.03457946777343,135.47287292480468,0.7695938841212203
2023-12-22,140.15634155273438,140.65162862641927,139.3836949269829,139.4431269574312,26532200,0.7132145953031852,0.7620378638454994,1.2679336994363553,133.27231826782227,137.23411865234374,0.7120795389518214
2023-12-26,140.18603515625,141.33508949612715,139.85914392608302,140.25536747570143,16780300,-0.06933231945143348,0.02118605778851368,1.4759455700441322,133.5254104614258,138.36733703613282,0.5743508986843557
2023-12-27,139.04685974121094,140.74074783674814,138.57138848007864,140.25536116259798,19628600,-1.2085014213870409,-0.8126169013692008,2.169359356669503,133.6824157714844,139.1043212890625,0.9436416083157467
2023-12-28,138.90818786621094,139.80961383431003,138.4327165781313,139.45300658951038,16045700,-0.5448187232994428,-0.0997303177202924,1.3768972561787223,133.94194717407225,139.478759765625,0.8851906175708906
2023-12-29,138.373291015625,139.03697381318452,137.4718650054482,138.3138589912108,18733000,0.05943202441420681,-0.38507222562079724,1.5651088077363227,134.29657363891602,139.33414306640626,0.5802680698169883
2024-01-02,136.86764526367188,138.13557912184945,135.19357232663452,137.24406832358716,23711200,-0.37642305991528247,-1.0881043161596216,2.9420067952149225,134.60910186767578,138.67640380859376,0.47036535816729974
2024-01-03,137.61053466796875,138.31384884016077,135.78788218321773,135.95627794501937,24212100,1.654256722949384,0.5427794150076215,2.525966656943041,135.08705368041993,138.1613037109375,0.6360055296472986
2024-01-04,135.10438537597656,137.84827954999523,135.06476906710992,137.11524935880684,27137700,-2.010863982830273,-1.8211899968553324,2.783510482885305,135.35450744628906,137.37280883789063,0.9120770287915314
2024-01-05,134.45059204101562,135.86712058649852,133.8760573616901,135.4609816574128,22513900,-1.0103896163971626,-0.48391718236349135,1.9910632248084141,135.63731536865234,136.48128967285157,0.8780763543622303
2024-01-08,137.5312957763672,137.69969154899283,134.9756129451259,135.00532895706218,21404000,2.5259668193050118,2.2913277573457957,2.7240786038669285,135.73191528320314,136.312890625,1.5982140581765034
2024-01-09,139.6214141845703,140.15633265456808,136.847803725032,137.19451070058466,24759600,2.4269034839856545,1.5197402136032823,3.3085289295360667,136.027108001709,136.8636444091797,1.625257230323401
2024-01-10,140.9388885498047,141.65210314546837,139.58180680401006,139.67095484972754,21320200,1.2679337000771511,0.9436047993990115,2.0702963414583166,136.47237243652344,137.52931518554686,1.643245093774722
2024-01-11,140.74075317382812,143.8511548726539,139.31432422138022,142.13746611601331,24008700,-1.3967129421851894,-0.14058247373403,4.536830651273675,136.94586715698242,138.65658874511718,1.1502669805796482
2024-01-12,141.3053741455078,141.8501928649969,140.48321103195838,141.32518985756914,18785500,-0.01981571206133026,0.40117802338484054,1.3669818330385226,137.44511489868165,140.0275451660156,0.9487237743313858
2024-01-16,141.1468963623047,142.98936462858398,140.1166909258045,140.66150965520748,22670500,0.48538670709720577,-0.11215269352737867,2.8726737027794798,137.9676429748535,140.75066528320312,0.7122146138389307
2024-01-17,140.13650512695312,140.5030126705263,137.5907226892699,140.01764108362335,20968600,0.11886404332977918,-0.7158437495912273,2.9122899812563787,138.4069625854492,140.8536834716797,0.6260594781136422
2024-01-18,142.12754821777344,142.85067809474862,140.65160268399825,140.7110347034846,25746400,1.4165135142888516,1.4207883156616363,2.1990754107503676,138.78734283447267,141.09141540527344,0.8029170502473054
2024-01-19,145.0001983642578,145.06953067080715,143.0190507549195,143.37565792919867,34271900,1.6245404350591457,2.021177584856937,2.0504799158876494,139.2692558288574,141.94330444335938,1.1148463692605153
2024-01-22,144.6138916015625,146.99126295666431,144.46529644501962,145.71342925416275,32200400,-1.0995376526002474,-0.2664180925634807,2.5259665116446968,139.6481506347656,142.60500793457032,1.182961103109383
2024-01-23,145.6539764404297,145.7926561788179,144.12849931815916,144.5148225261662,21636100,1.1391539142634883,0.7192150265431074,1.6641568606587498,139.97603073120118,143.5064239501953,1.1383512294159264
2024-01-24,147.29837036132812,148.43753968176426,146.704034951283,147.13987487266473,25233500,0.15849548866339092,1.128972899391445,1.7335047304812576,140.33313217163087,144.9387969970703,0.8542603210772045
2024-01-25,150.43849182128906,151.6073771819354,148.13045223035977,148.6554704373613,29149100,1.7830213839277747,2.1318100480393065,3.4769249515756258,140.84575500488282,146.60098571777343,0.98933221582523
2024-01-26,150.7554473876953,151.10213919091456,149.5865623016617,149.67572544188013,26115500,1.07972194581518,0.21068781172226547,1.5155768892528556,141.43118438720703,147.75203552246094,0.9181308065122932
2024-01-29,152.0630340576172,152.3304933133538,150.002637988347,150.62670454674503,27784300,1.4363295108721559,0.8673561669444441,2.3278553250067944,142.08892669677735,149.2418640136719,0.7100004468832343
2024-01-30,150.0323486328125,152.1719770416637,149.76488941359605,151.35971420009986,36331800,-1.3273655672873588,-1.3354234560618128,2.407087628067643,142.67187957763673,150.11753845214844,1.2840521104166889
2024-01-31,138.7794189453125,142.64265137404246,138.55157604993053,142.2662284294629,71910000,-3.486809484150399,-7.500335620980181,4.091075324111927,142.76746826171876,148.41374816894532,3.7765572570309094
2024-02-01,139.82945251464844,141.7115373788747,139.46292979606457,140.78039524700787,40466500,-0.9509427323594366,0.7566205258070058,2.2486075828101377,142.87841415405273,146.29194030761718,3.5215229619424817
2024-02-02,141.03790283203125,141.27563087105102,135.2133240367394,137.9473022901638,62499600,3.0906005418674454,0.8642316018910412,6.062306834311613,143.17509002685546,144.3484313964844,3.6073462423723734
2024-02-05,142.32566833496094,144.0988043000788,141.43415776046106,141.4737891857491,38505400,0.8518791492118396,0.9130634227193068,2.664646539617735,143.56884384155273,142.4009582519531,3.6141665554875715
2024-02-06,142.7417449951172,143.9898630171305,141.84031886618192,143.28654870066302,29128200,-0.5448037055458315,0.2923412656506974,2.1495441509485715,143.82936630249023,140.94283752441407,3.678455892209671
2024-02-07,144.16815185546875,144.24739959945848,142.5733269057092,143.39550524527087,25208900,0.7726466101978815,0.9992920153808926,1.674072693749281,144.05670318603515,142.0205841064453,0.2784505660497565
2024-02-08,144.53466796875,144.95070726949984,143.7323053805209,144.45542022837463,22563800,0.07924774037536508,0.2542282109912142,1.2184018889789456,144.23649215698242,142.9616271972656,0.3607586311084051
2024-02-09,147.59552001953125,148.03137498026427,144.80209419753828,145.2973811774696,26829500,2.298138842061661,2.1177286347958013,3.2292807827259935,144.57923049926757,144.2731506347656,0.7546502125012053
2024-02-12,146.1393585205078,147.93229476618814,145.98086307730932,147.02096864023295,21564100,-0.8816101197251385,-0.9865892263062892,1.951431688878813,144.82092971801757,145.035888671875,1.1372715197677123
2024-02-13,143.77191162109375,145.28748865156425,142.3355823254468,143.553984129069,27837700,0.21792749202475648,-1.6199926723243663,2.951906326117438,144.95218048095703,145.2419219970703,1.5023966298077713
2024-02-14,144.5643768310547,145.13891158413554,142.73180882355612,144.70305659111142,22704200,-0.138679760056732,0.5511961279679234,2.40710276057942,145.1735740661621,145.3211669921875,1.451801883532318
2024-02-15,141.4242706298828,142.16720121612832,139.1360468426405,141.79077821564292,37590700,-0.3665075857601039,-2.1721161672087153,3.031154373487823,145.13841018676757,144.69908752441407,1.7474400038159075
2024-02-16,139.1954803466797,141.84031144795466,138.81905734220405,141.64219964584808,31468900,-2.446719299168393,-1.575960245915653,3.0212541057506144,144.84817428588866,143.01907958984376,1.0448990870129216
2024-02-20,139.789794921875,140.74075259122355,138.17516961610025,138.343565378545,25144700,1.4462295433299914,0.4269639888558885,2.5655829751233057,144.6069694519043,141.7491668701172,1.2706268991765952
2024-02-21,141.2063446044922,141.34502437745533,139.35396071174512,140.1167070205233,23223300,1.08963758396888,1.0133427003085949,1.9910636657102145,144.38458786010742,141.23605346679688,1.4228148182796023
2024-02-22,142.73179626464844,143.63322218318132,141.4539625247731,143.56387475177468,27191900,-0.832078487126239,1.080299659642714,2.1792596584082276,144.15625915527343,140.86953735351562,1.522876539601099
2024-02-23,142.60305786132812,143.31625732644238,142.0780396686664,142.31578290034557,19493800,0.28727496098255756,-0.09019602267290594,1.2382176577759765,143.76448745727538,141.10529479980468,1.0865056444823509
2024-02-26,136.27325439453125,141.09734429910293,136.09494323835807,140.80016911545275,53641800,-4.526914720921496,-4.438757177950691,5.002401060744859,143.04037780761718,140.520849609375,2.3065243453379836
2024-02-27,137.57090759277344,137.93741509771866,135.79777185353214,136.71901343712278,33099200,0.8518941556506547,0.9522434934189583,2.139643244186516,142.315771484375,140.0770721435547,2.3649250151785273
2024-02-28,135.094482421875,136.70910770950192,134.13362446493272,136.60014396856127,37328600,-1.5056615466862695,-1.8001081872840108,2.575483244569199,141.56887817382812,138.85469970703124,2.309377152510603
2024-02-29,137.15487670898438,137.5511002457204,135.11428166141263,135.98599158018274,42133000,1.1688851288016338,1.5251505836301638,2.4368185843077583,141.4876510620117,137.73931579589845,2.409194567279734
2024-03-01,135.84730529785156,137.56099392851314,135.6293778286393,137.12513899008863,31151100,-1.277833692237067,-0.9533539328005269,1.9316160998738496,141.28854370117188,136.38816528320314,2.379011091427423
2024-03-04,132.0930633544922,134.38128712569457,130.66663422050593,134.38128712569457,55999400,-2.2882237712023823,-2.7635748350900435,3.714652905188643,140.84130172729493,135.5521270751953,1.8146339358431598
2024-03-05,131.41943359375,131.98406795515044,129.43828585262474,130.63688688658692,40194800,0.7825467071630783,-0.5099660373038661,2.545782102525692,140.29598999023438,134.32183227539062,1.6061937706886706
2024-03-06,130.1614227294922,132.3208819951356,129.6166190997975,131.86521128643497,35318600,-1.7037885569427829,-0.957248733963223,2.704262895338104,139.66697387695314,133.33522033691406,1.5306092333801495
2024-03-07,133.11337280273438,133.66809196538597,130.36947789287177,131.53834825489284,37738200,1.5750245478415366,2.2679147256841725,3.298614072514198,139.1142349243164,132.52691955566405,1.8141926022803736
2024-03-08,134.13365173339844,136.78838324879158,132.73693852875124,132.9449657546409,39370400,1.1886859787575474,0.7664736526329818,4.051444720040337,138.59418411254882,132.18418884277344,1.8880135228915291
2024-03-11,136.37232971191406,137.7888584846141,134.84685230242854,134.84685230242854,32437800,1.525477409485518,1.6689905550064221,2.9420061821855654,138.03302459716798,133.0400421142578,1.3782495544147815
2024-03-12,137.19448852539062,138.0661984156239,135.73834364736848,135.73834364736848,27563400,1.456144878022144,0.6028780290058711,2.3278547682554063,137.5857810974121,134.19505310058594,1.2261179672353204
2024-03-13,138.47232055664062,139.7600696656856,137.6798735187284,137.68977381646687,23347200,0.7825467401737569,0.9314018696993775,2.080196146957178,137.32080154418946,135.85723266601562,0.7010246706850595
2024-03-14,141.7511444091797,142.23651599205533,139.1360296729057,139.85914445542792,42753400,1.891999953751764,2.3678550625559014,3.1004863191496383,137.1801399230957,137.58478698730468,0.7378495181540277
2024-03-15,139.84922790527344,141.83037587468064,138.7100738688481,141.15679282026272,49475400,-1.3075649149892854,-1.3417292056677632,3.120302005832542,137.10138778686525,138.7279022216797,1.4005282094292646
2024-03-18,146.2879638671875,150.7158309412068,145.78277655889536,147.20920556461434,69273700,-0.9212416974268365,4.604055423370168,4.93305438231144,137.4560119628906,140.71102905273438,2.211864132572346
2024-03-19,145.64410400390625,147.38750892214128,144.7030616623303,146.76345753749575,24070400,-1.1193535335895035,-0.44013181006866686,2.6844472598109803,137.74872741699218,142.4009521484375,2.3543095246730914
2024-03-20,147.3380126953125,147.4568767631262,145.35686428528257,146.6049823422148,21311500,0.7330303530976892,1.1630465256326605,2.10001247784362,138.0553108215332,144.17409057617186,2.349379103330899
2024-03-21,146.20872497558594,148.95260400768646,145.515311100077,148.06109347483115,24755600,-1.852368499245216,-0.7664605345681363,3.4372929076094465,138.2291572570801,145.06560668945312,2.4010054734354673
2024-03-22,149.34886169433594,150.15122429911875,147.57572558614754,147.7144053559253,29211800,1.6344563384106436,2.1477081612430116,2.5754987129712106,138.56644744873046,146.9655334472656,2.176223480667747
2024-03-25,148.65545654296875,148.96253208338902,146.42666490641565,148.5266770782916,19229300,0.1287794646771374,-0.4642855281925984,2.535867176973369,139.18555755615233,147.43903198242188,1.2673029616651093
2024-03-26,149.2498016357422,150.82481086727907,148.56630307093445,148.80404630237763,22149100,0.4457553333645592,0.3998138424213371,2.2585077963446167,139.76950225830078,148.16017150878906,1.1935553595120463
2024-03-27,149.44789123535156,150.21063743065775,147.49645928934754,149.75496675016123,22879200,-0.307075514809668,0.13272352622137884,2.7141781413102137,140.4871726989746,148.58214721679687,1.1372038131503337
2024-03-28,149.50732421875,150.00261121097796,148.75449343194893,149.42809160115786,24485400,0.07923261759214029,0.03976836535273254,1.2481177790290303,141.10479507446288,149.2418670654297,0.9986988372711568
2024-04-01,154.02435302734375,154.2719965214365,149.19034718586528,149.2695949177701,31730800,4.7547581095736575,3.0212759356088137,5.081649335571228,142.0136474609375,150.17696533203124,1.3751562300820959
2024-04-02,153.10311889648438,153.24179865539583,150.71583186847434,152.0531128483034,24586000,1.0500060481809612,-0.5981093981260455,2.5259667869214866,143.06415023803712,151.06649780273438,1.4027045725369118
2024-04-03,153.459716796875,153.61821225881653,151.29035739579777,152.15216702325534,24705000,1.3075497736196553,0.23291354412691145,2.327854863018757,144.16616439819336,151.90848083496093,1.4105960642626125
2024-04-04,149.11109924316406,153.3111383384258,149.0318515113713,152.0531051580242,34724700,-2.9420059148601467,-2.833719261626766,4.279286827054506,145.11364822387696,151.84112243652345,2.095700154753986
2024-04-05,151.0625457763672,151.97387210758342,148.18988701742387,148.6158266126285,23459200,2.446719163738692,1.308719835819061,3.783985090159547,146.0111068725586,152.15216674804688,2.180993788542755
2024-04-08,153.390380859375,153.8064201009343,151.1714897894332,151.3398855456625,20702000,2.050495313712503,1.5409743500906847,2.6349303115011082,146.97394332885742,152.02537231445314,1.7681138912434584
2024-04-09,155.12391662597656,157.06543347920191,153.7272034586808,154.61871414016727,31079500,0.5052024858092921,1.130146334398141,3.3382300205211095,147.91152267456056,152.42953186035157,1.8075153158921224
2024-04-10,154.66824340820312,155.13381445655733,153.22199853385487,154.73759085219538,22838600,-0.06934744399225679,-0.2937478808455629,1.9118159227024591,148.78521041870118,152.67123718261718,1.8258918977875234
2024-04-11,157.9073944091797,158.17483848852615,154.98520432756263,155.43095957476544,27166400,2.476434834414249,2.0942573146238708,3.1896341609635215,149.75696411132813,154.4304962158203,0.8880164261534305
2024-04-12,156.2432098388672,158.70974417796904,155.6587748922991,156.4710527081727,25353700,-0.2278428693055048,-1.0538990758090505,3.050969285669936,150.4815673828125,155.4666290283203,1.3132555319151216
2024-04-15,153.40029907226562,157.73901827873132,153.13283984468552,157.36259530028232,27136500,-3.9622962280166973,-1.819541962516924,4.606178434045802,151.15912094116212,155.46861267089844,1.5945386295727644
2024-04-16,152.9446258544922,154.18284340549994,151.98376782571336,152.7366137703007,20779500,0.20801208419149475,-0.29704845461792084,2.19907557978658,151.49195404052733,155.03275451660156,1.4668423947885985
2024-04-17,154.0045623779297,155.59938734402337,153.1229520000867,154.15314245258116,21763100,-0.14858007465147693,0.6930197890352208,2.4764353439366573,151.90997695922852,154.90001831054687,1.5286017941677748
2024-04-18,154.53944396972656,155.46068564754503,153.16254671725525,153.87576120493418,19883000,0.6636827647923838,0.3473154194511885,2.298138930289781,152.27004852294922,154.22642822265624,1.0250691407420387
2024-04-19,152.63755798339844,154.88616540110863,150.86443701191843,154.7276699190319,32615600,-2.090111935633473,-1.2306799723575401,4.021728389190201,152.59149017333985,153.5052978515625,1.0547580735437834
2024-04-22,154.80690002441406,156.15408123867272,152.60782458474242,152.85546807916526,26446200,1.9514319452487996,1.4212373872304562,3.5462566539302998,152.86439208984376,153.7866180419922,1.0061334568409697
2024-04-23,156.7682342529297,157.4715484365775,154.80690198445652,155.4805001575941,21151600,1.287734095335594,1.2669553025131952,2.6646464521209907,153.2700309753418,154.55133972167968,1.059801894249083
2024-04-24,157.63006591796875,158.0659209529385,155.6885339753658,156.00552495169347,22779100,1.6245409662752763,0.5497489138319933,2.377386977572712,153.6890441894531,155.2764404296875,1.0551907286280335
2024-04-25,154.52955627441406,155.01494301435423,149.44790641398717,149.90357714076376,57109700,4.625979133650304,-1.9669532113043786,5.567036600367061,153.94312744140626,155.274462890625,1.5256530154139576
2024-04-26,170.3291778564453,173.06317147434677,168.0508548798468,172.72636486340193,64665300,-2.3971870069566137,10.224336342475638,5.012316594499964,154.984220123291,158.8127868652344,4.63424146289766
2024-04-29,164.5838623046875,167.95182293786596,163.65273545115042,167.46643624163954,45610000,-2.882573936952042,-3.3730659796878726,4.2990874867155355,155.5121955871582,160.76817932128907,5.308252886196719
2024-04-30,161.2456512451172,166.51551272721193,161.067355161794,164.04897776984578,33562900,-2.8033265247285897,-2.02827361858261,5.448157565417915,155.91932220458983,161.66366271972657,5.519958468704944
2024-05-01,162.3154754638672,165.544741644849,161.55272916136406,162.75133049386898,33493200,-0.4358550300017896,0.6634747731110613,3.992012483484956,156.36211013793945,162.60074462890626,5.519515909660442
2024-05-02,165.04945373535156,165.15841749229028,162.34519064127778,163.236701296259,24294500,1.8127524390925487,1.6843608187519843,2.8132268510125016,157.15902786254884,164.70472412109376,5.315581447102834
2024-05-03,165.66355895996094,166.37677326730005,161.51305253987678,165.9805346993584,34662400,-0.3169757393974635,0.37207346689802634,4.863720727423271,157.88907852172852,163.77160034179687,2.0898063806603195
2024-05-06,166.5155029296875,166.5551192408857,164.46500740235146,165.88153614579352,21871300,0.6339667838939818,0.5142615401208861,2.090111838534227,158.54533462524415,164.15792846679688,1.3696012289292336
2024-05-07,169.63580322265625,170.14099053831322,166.8027608824853,166.91172463075958,28039700,2.724078591896671,1.873879751776819,3.3382296558279165,159.27092895507812,165.8359588623047,0.7023466711433886
2024-05-08,167.78343200683594,168.54616311793023,167.14946523990977,167.40700904320605,19569100,0.37642296362989214,-1.0919694903021027,1.3966978780204613,159.92668838500975,166.92955017089844,1.1932941947385018
2024-05-09,168.3579559326172,169.0810706871072,166.59472038810446,167.79332152345498,15346700,0.5646344091622097,0.3424199391498073,2.486350299002737,160.44921646118163,167.59125061035155,1.0506453716131627
2024-05-10,167.06028747558594,168.24898828516856,164.62348406885067,166.44613647493796,29799900,0.6141510006479791,-0.770779408577893,3.6255042163178928,160.99007034301758,167.87059631347657,1.1756934428412846
2024-05-13,167.54568481445312,167.6843645690759,162.45413508764602,162.71167888481415,31327600,4.834005929638977,0.29055219897076157,5.2302294814298875,161.69733963012695,168.07663269042968,1.1636818563297384
2024-05-14,168.73439025878906,169.63581632642092,167.2089127800717,168.16977087590587,25127100,0.564619382883194,0.7094813845264669,2.426903546349223,162.4868278503418,167.89635009765624,0.7806075580559307
2024-05-15,170.8839111328125,171.02259088483336,168.90276318110884,169.02164233638342,26948400,1.8622687964290776,1.2739079868227865,2.119827703724525,163.33079528808594,168.51644592285157,0.748455681285768
2024-05-16,172.53817749023438,173.46931949790743,171.0622318573979,171.65656720711078,27867900,0.8816102831235924,0.9680644283335482,2.4070876405095305,164.23073196411133,169.352490234375,0.793801523745121
2024-05-17,174.40045166015625,174.60847884553613,172.05279617565412,172.5381677499416,24479300,1.862283910214643,1.0793403506463184,2.555682669882003,165.31887664794922,170.82052307128907,0.38011296019205215
2024-05-20,175.25234985351562,177.0849177951841,174.42027132306535,174.52923506740714,22554400,0.7231147861084821,0.4884724696811116,2.6646464721187613,166.3411491394043,172.36185607910156,0.3091039149328347
2024-05-21,176.17356872558594,176.47072879445125,174.15278956755546,175.23251145765337,16989400,0.941057267932564,0.5256527931524424,2.3179392268957884,167.3114158630371,173.84969177246094,0.34665455477511486
2024-05-22,174.71746826171875,175.4801994519547,173.5584983541899,174.97501209173797,17880000,-0.2575438300192161,-0.8265147118267535,1.9217010977647817,168.1657859802246,174.61640319824218,0.7584702377704786
2024-05-23,171.9141387939453,176.56983406034217,171.3197882854856,175.4009638726557,21024900,-3.486825078710382,-1.6044929540612318,5.250045774856574,169.03501510620117,174.49159545898436,1.1084481366067727
2024-05-24,173.34056091308594,174.1132074738641,172.0131801798613,173.33064549887038,16579400,0.00991541421555553,0.8297293806941219,2.1000272940027855,169.1855842590332,174.2796173095703,1.047847977038803
2024-05-28,174.7372589111328,175.5990686253191,172.7263947696327,172.8056425085786,20572200,1.9316164025542264,0.8057537085894184,2.8726738556864007,169.69325408935546,174.17659912109374,1.1019254507042595
2024-05-29,174.24197387695312,175.17311592654391,173.07310372275933,173.77640285215773,23388700,0.4655710247953948,-0.2834455783878198,2.100012203784587,170.34307022094725,173.7902801513672,1.0538880596896532
2024-05-30,170.48768615722656,173.56837180086202,170.17069523243458,173.54855608932272,22931500,-3.0608699320961534,-2.154640260433338,3.3976765684274426,170.75168075561524,172.94432373046874,1.3671212113649494
2024-05-31,170.8740234375,171.42874248649764,167.84286926621976,170.24005665079406,37638900,0.6339667867059404,0.22660714622939615,3.5858732202778754,171.04290924072265,172.73630065917968,1.229380183628796
2024-06-03,171.53768920898438,172.88487038637814,169.54664100969404,170.91362278332906,27459100,0.6240664256553146,0.3883947706815327,3.3382293766840974,171.33661575317382,172.37572631835937,1.1583678421297576
2024-06-04,172.15184020996094,172.21128734355756,170.2697557499601,171.64665293658192,26879600,0.5051872733790219,0.3580268591751423,1.9415315935974604,171.6184326171875,171.858642578125,1.0751653520365718
2024-06-05,173.756591796875,174.98489390330127,172.2905313702321,173.54856460290543,22068500,0.2080271939695706,0.9321721945910522,2.6943625330691816,171.82447204589843,171.76156616210938,1.207203399276606
2024-06-06,175.0641632080078,175.48020253224715,174.09340478478268,174.24198485952465,23251000,0.8221783484831633,0.7525305357401368,1.3867977474644704,172.18850860595703,172.67686157226564,0.2970371963472309
2024-06-07,172.8155517578125,176.193397709487,172.6570562855748,175.38113486544918,19661400,-2.5655831076366837,-1.2844498891092626,3.5363414239121767,172.4113883972168,173.06516723632814,0.8804998561160832
2024-06-10,173.55931091308594,175.59232118793005,171.32796149412926,173.51964913718612,23726700,0.03966177589981612,0.43037744445346693,4.264359693800799,172.7363395690918,173.46949157714843,0.8825935559768071
2024-06-11,175.1559600830078,175.37413767386394,172.32959332705445,174.75928180816368,21540600,0.39667827484413465,0.9199444048965111,3.044544346809488,173.11685333251953,174.0703155517578,0.9359058217261209
2024-06-12,176.3162841796875,178.91457717394482,174.6502170373927,176.77247787758725,27864700,-0.4561936978997494,0.6624519634557791,4.2643601365521135,173.49594802856444,174.5822540283203,0.9010955548010173
2024-06-13,173.7080841064453,175.2749891373828,173.43040626625967,174.6502064308114,20913300,-0.9421223243660961,-1.4792735029420911,1.844582871123123,173.63715667724608,174.3110382080078,1.139697505558677
2024-06-14,175.32455444335938,175.59232060979843,172.70643840569585,172.77586542867536,18063600,2.5486890146840153,0.9305671323411202,2.885882204102586,173.77647552490234,174.81283874511718,1.0119129960026798
2024-06-17,175.77084350585938,176.88155485978157,173.36097817553005,174.00559933310134,19618500,1.765244172758031,0.2545502333754168,3.520576684251523,173.8449951171875,175.25514526367186,1.0089882109048374
2024-06-18,173.63864135742188,175.9195792372448,172.65685734434638,175.67165153579245,21869900,-2.0330101783705743,-1.2130579258251228,3.262721892898412,173.76430969238282,174.9516815185547,1.105286008226245
2024-06-20,174.83863830566406,175.82042243225433,173.53949942101505,173.91633928082513,20160100,0.9222990248389351,0.6910886533442184,2.280923011239281,173.69756317138672,174.65615234375,1.1107319688977877
2024-06-21,178.14105224609375,179.3509408798961,175.1460807810823,175.5328474668185,57759000,2.6082047792752405,1.8888353126247814,4.204860098813782,173.86874237060547,175.5427459716797,1.1341339255963492
2024-06-24,177.7344207763672,179.39057608957674,177.18897677924866,178.6666314019322,18298000,-0.9322106255650056,-0.2282637632368023,2.2015993103280778,174.15975646972657,176.02471923828125,1.145156897541107
2024-06-25,182.5045623779297,182.76240177371028,177.93277435676467,178.13111351754267,23130200,4.373448860387015,2.6838591988686877,4.829627416945613,174.61795654296876,177.3714630126953,1.5692174876835754
2024-06-26,182.35580444335935,182.98057201802297,180.96740010923585,181.1161658230566,19839000,1.2396386203027419,-0.08150915935037917,2.0131719087871147,174.99888381958007,179.11489562988282,1.2647832973430713
2024-06-27,183.8731231689453,184.50781754506613,182.49464561148105,182.65330785628055,18848900,1.219815312664764,0.8320649458993579,2.0131719335850846,175.48044128417968,180.92179260253906,1.2579846623130824
2024-06-28,180.64013671875,183.5954461342398,180.45172435645105,182.7921627160181,29156600,-2.1520259972681117,-1.758270265102746,3.1437217777887554,175.98806381225586,181.4216094970703,1.629909724047795
2024-07-01,181.47315979003903,182.3557817726737,179.79716616258202,181.51282156274272,16006100,-0.03966177270368121,0.4611505983224573,2.5586156100916924,176.5180206298828,182.1693572998047,1.60410753693981
2024-07-02,183.70452880859372,184.0317952147811,180.05502490239206,180.5409686810897,17372500,3.163560127504013,1.2295862490829812,3.97677031238905,177.1263626098633,182.4093505859375,1.1642302660335062
2024-07-03,184.2797393798828,184.54749044604264,182.47481815419732,183.31777853011567,10242100,0.9619608497671379,0.3131172513925362,2.072672291845322,177.73275756835938,182.79413757324215,1.1591123384182198
2024-07-05,189.0200958251953,189.2779352009688,184.25988067435352,184.3193809047392,20967500,4.700714920456107,2.572369844489808,5.018054526615288,178.49593276977538,183.82353210449216,1.5766271742942637
2024-07-08,187.46311950683597,188.59366938357215,186.2234808204011,188.325903190256,21035900,-0.862783683420048,-0.8237094111936294,2.370188563171041,179.1158805847168,185.18812866210936,1.2551788099311478
2024-07-09,187.4135284423828,189.77380531232768,187.1556890466617,188.73250580309855,15121400,-1.318977360715735,-0.026453771058332354,2.618116265665975,179.8457794189453,186.37620239257814,1.3013724193969702
2024-07-10,189.5953063964844,190.16058894394615,187.46313374677715,187.5821342273757,15952500,2.0131721691087137,1.1641517942886148,2.697455197169006,180.64757919311523,187.55435791015628,1.2944348636649305
2024-07-11,184.03179931640625,189.2779433288804,183.54585552687809,188.2763207656611,25625800,-4.244521449254847,-2.9344118194802093,5.732087802002326,181.09137115478515,187.50476989746096,2.0773687632582862
2024-07-12,183.5359344482422,185.55901792595884,182.9607403388162,183.54584610912124,22898400,-0.009911660879055262,-0.26944521001586175,2.5982775871426327,181.45235366821288,186.40793762207034,1.5039574420256518
2024-07-15,184.98382568359372,186.679657914044,183.38717059216185,183.38717059216185,16474000,1.5966550914318702,0.7888870589316976,3.2924873218821347,182.01614074707032,185.91207885742188,1.607434346708667
2024-07-16,182.3954620361328,187.1160003463077,181.8500180292527,185.80694986210247,18290700,-3.411487825969658,-1.3992378187097199,5.265982317054977,182.36968612670898,184.90846557617186,1.674385914103797
2024-07-17,179.51950073242188,182.02852795037177,178.40877430017733,181.45333384653057,20734100,-1.933833114108694,-1.5767723997109129,3.61975365019444,182.5571189880371,182.89330444335937,1.4086572004436948
2024-07-18,176.2171173095703,180.98724445457364,175.00722876619346,180.4219619618105,25315700,-4.204844652240183,-1.8395680744309972,5.980015688380178,182.68604278564453,181.3303680419922,1.09905348120908
2024-07-19,176.18736267089844,178.79555205599942,175.66175710285674,177.39725118322656,18881900,-1.2098885123281207,-0.016885214743134203,3.133794953142683,182.75347900390625,179.86065368652345,1.1380481291726807
2024-07-22,180.1641082763672,181.1855692411281,178.73604223141416,179.09305874265243,24100300,1.0710495337147563,2.2571117162908827,2.4495270097139326,182.85463180541993,178.89671020507814,1.7026772605784346
2024-07-23,180.2831115722656,182.0880326108952,180.0351838559027,180.5409660819595,36352700,-0.25785450969391377,0.06605272106465776,2.0528487549925103,182.98206634521483,178.47424011230467,1.6372977796342525
2024-07-24,171.1990509033203,174.72953914992098,170.3957675264856,172.16101164978593,49585200,-0.9619607464656212,-5.038775174070576,4.333771623435382,182.4167907714844,176.81015014648438,2.724505158564778
2024-07-25,165.89341735839844,171.982522384464,165.8041669988135,171.08998852399645,44852000,-5.196571165598016,-3.099102195325887,6.178355385650491,181.59367141723632,174.74541015625,2.884934299730378
2024-07-26,165.61570739746094,166.69666856249324,162.70007515743842,165.7644579679493,41336900,-0.14875057048837448,-0.16740264041793518,3.996593405054824,180.6808006286621,172.6310791015625,2.870691912816895
2024-07-29,168.12472534179688,169.0172589803579,166.59749741680673,167.4305308304377,20293800,0.6941945113591714,1.5149637578243391,2.4197615635511625,180.05503005981444,170.22320251464845,2.6588553673873108
2024-07-30,168.87844848632812,169.81065918652655,167.04379233570876,168.82887504541765,18959700,0.04957344091047844,0.448311896420317,2.7668668508177916,179.4252944946289,167.94226989746093,2.714480070414164
2024-07-31,170.11810302734375,172.80564657053054,168.6007863656019,171.80402388022085,25729100,-1.6859208528771035,0.7340513559466855,4.20486020492865,178.7459732055664,167.72608032226563,1.7750067266656298
2024-08-01,169.34454345703125,172.60728070774732,167.48013730321483,168.83877635874134,24531400,0.5057670982899083,-0.4547191372032633,5.1271434045324895,177.99921340942382,168.4163055419922,0.7759555276336579
2024-08-02,165.2785186767578,167.11317450097033,163.30500881931417,165.06034109925932,29130100,0.2181775774984942,-2.401036784102306,3.8081656816561633,176.81213455200196,168.34886779785157,1.5001381041037765
2024-08-05,157.92996215820312,163.06701740006122,153.64576377052947,154.21104625180902,53630700,3.718915906394102,-4.446165525555424,9.421253629531748,175.33547668457032,166.3099151611328,2.1788845462454085
2024-08-06,156.97789001464844,159.2390044759747,155.11348407020466,158.0092776822436,49004600,-1.031387667595169,-0.6028445334527288,4.1255204057700325,173.8136947631836,163.92980346679687,2.022285729864078
2024-08-07,157.62252807617188,161.62903333217733,157.15642275675472,159.91337776437143,25138600,-2.2908496881995575,0.410655323156206,4.472610575422607,172.21505584716797,161.4306884765625,1.9390626234468804
2024-08-08,160.6868896484375,162.33313310507484,158.88198397429082,159.17948508981146,25578800,1.5074045586260354,1.9441139598933121,3.4511491307840174,171.04781036376954,159.69915771484375,2.482570907921878
2024-08-09,162.31332397460938,162.43232444231467,157.74153604180353,158.68365838652156,28602300,3.6296655880878177,1.0121761207341207,4.690788400511138,169.9866798400879,159.10611877441406,2.476825513341284
2024-08-12,160.9447479248047,163.53311386044192,160.4984810667238,162.98768499629125,15895300,-2.0429370714865627,-0.8431692582543504,3.0346327937181172,168.78472595214845,159.70907592773438,1.1520717925542905
2024-08-13,162.7992401123047,163.3645073701746,161.61910190037165,162.05545705089867,18551700,0.7437830614060204,1.1522539327387227,1.7454054698029609,167.80491485595704,160.87334594726562,1.037870593954736
2024-08-14,159.04066467285156,161.8670466571722,156.4027253040999,161.05383649410487,40591100,-2.0131718212533087,-2.3087180485979686,5.464321353072307,166.7809730529785,161.15697326660157,1.7313176866993498
2024-08-15,159.96295166015625,160.30012969322283,158.28695802267646,159.1695800105894,31524300,0.7933716495668364,0.5799063963935591,2.0131716705463703,165.9682647705078,161.0121856689453,1.4744808356889256
2024-08-16,161.60919189453125,163.6917754083996,159.79435939024972,160.1315374164515,24208600,1.4776544780797565,1.02913844567738,3.897416018149869,165.23935623168944,160.8713592529297,1.4776423823252933
2024-08-19,165.28846740722656,165.30830586389538,162.8984403109757,163.9099897487635,22416200,1.378477658463055,2.276649904354744,2.4098655529196833,164.4955741882324,161.74010314941407,1.7136715220847738
2024-08-20,165.79421997070312,167.24212453394256,165.43721857593138,165.5165421310091,18341500,0.2776778396940358,0.3059817611052784,1.804905958011176,163.7711296081543,162.33909912109374,1.6802715190100652
2024-08-21,164.47525024414062,165.46696109244462,163.30502357434244,163.7810405444825,22902000,0.6942096996581313,-0.7955462662061263,2.161937518102178,163.4349395751953,163.42601623535157,1.1178473433952543
2024-08-22,162.44223022460938,166.20080745577815,161.95628649048913,165.87354107961212,22493300,-3.4313108550027493,-1.2360644027071044,4.244520965289013,163.26238021850585,163.9218719482422,1.413970814960743
2024-08-23,164.24717712402344,164.8025328836362,162.4720210258105,163.35464324354714,13955700,0.892533880476293,1.1111315677692746,2.330511857825684,163.19395370483397,164.44946899414063,1.4247431194712514
2024-08-26,164.78269958496094,166.16117723782313,163.09679395037034,165.00087721050534,14190400,-0.21817762554439923,0.3260466756960678,3.0643832874527845,163.0268524169922,164.3483154296875,0.9458663946241611
2024-08-27,163.31495666503906,165.0603776717608,163.09679417150747,164.46534503177682,11821900,-1.150388366737758,-0.8907142094520148,1.9635835002533213,162.74867782592773,163.8524627685547,0.981568714154658
2024-08-28,161.50010681152344,164.22731146050197,160.19104131650704,163.67194071175507,16407400,-2.1718339002316327,-1.1112575912063605,4.036270143994926,162.31777801513672,163.25743408203124,1.0305850719193361
2024-08-29,160.43898010253906,164.59425098521132,158.92166371262243,162.94800734245646,19699800,-2.509027239917401,-0.6570439672976547,5.672587272588885,161.87249984741212,162.85678405761718,0.9357235729999184
2024-08-30,162.02572631835938,162.3034041505786,160.34973253169585,161.27201637464404,22123800,0.7537099437153358,0.9890029310870796,1.953671618882737,161.7098602294922,162.41249389648436,0.8920700975612167
2024-09-03,156.05563354492188,160.50842109663853,155.18292307861995,160.3794938325781,38945300,-4.323860287656231,-3.684657312818984,5.325498018018578,161.61614379882812,160.66708068847657,1.6793078812499826
2024-09-04,155.1531524658203,157.68201804584697,154.66722385588943,155.3614183931521,19353800,-0.20826592733178018,-0.5783072732467365,3.0147941899575414,161.52490692138673,159.03471984863282,1.6934419209901534
2024-09-05,155.9365997314453,158.12827195798573,154.68703453419326,155.00438922946515,18688700,0.9322105019801654,0.5049509166741517,3.4412374237924723,161.44061050415038,157.9220184326172,1.8185418366754695
2024-09-06,149.6689910888672,156.52171630140364,149.3020629377333,155.99611079160965,37912100,-6.327119702742465,-4.019331352211242,7.219653363670346,160.88971557617188,155.7680206298828,2.349624857953083
2024-09-09,147.67303466796875,152.33031802848635,146.1934191551348,151.44652470733544,39260500,-3.773490039366692,-1.3335804607070068,6.136898873351555,160.15770111083984,152.8974822998047,1.9683611824724827
2024-09-10,147.6233673095703,150.21516785637962,147.30559146131813,149.4008786095233,31118800,-1.7775112999529767,-0.033633329544635604,2.9095763950614923,159.49163208007812,151.21102905273438,1.772138709272658
2024-09-11,150.10592651367188,150.44355197063078,146.49130976548943,148.87456789416893,29607700,1.2313586195029416,1.6816844442354206,3.9522422051413457,158.8569664001465,150.2015838623047,2.177713596936097
2024-09-12,153.61129760742188,153.74039592294935,151.58551472055188,152.72750447951435,29621500,0.8837931279075235,2.335264952667093,2.154881202397462,158.585498046875,149.7365234375,2.5417001707907687
2024-09-13,156.36199951171875,157.2755823080463,154.1276893129349,154.3461412588433,29591200,2.0158582528754607,1.7906898432215046,3.147892995111391,158.40545043945312,151.07512512207032,1.5267766286048736
2024-09-16,156.95782470703125,157.14650223678444,155.50801396162132,156.21305455425028,18379800,0.7447701527809727,0.3810549859768475,1.6384882751631267,158.17288208007812,152.9320831298828,1.0071586591603012
2024-09-17,158.20904541015625,159.4304641960374,157.2755977444437,157.911134323935,20715600,0.29791108622126217,0.7971700075867227,2.154866451593705,157.81891098022462,155.04921875,0.7918835439611499
2024-09-18,158.69561767578125,159.38080862321627,157.49406367866266,158.74527204850892,23677300,-0.049654372727673035,0.3075502189925805,1.8867449445536124,157.4639808654785,156.76715698242188,0.8995832141569932
2024-09-19,161.0093536376953,162.64784168369965,160.2149292220262,162.56841287927963,26587700,-1.5590592415843219,1.4579709230793547,2.432912461673453,157.29068603515626,158.24676818847655,0.6566092026689929
2024-09-20,162.44924926757812,162.5882724123634,160.9299194880009,162.3598804928704,40896400,0.08936877470773652,0.8942931558640232,1.6583529243625037,157.2910369873047,159.46421813964844,0.46222299842373843
2024-09-23,160.7213897705078,164.33600662936618,160.5426370715715,163.20395671072333,24150900,-2.48256694021552,-1.0636303367732247,3.7933695577946764,157.1147476196289,160.21693115234376,0.9540947894112668
2024-09-24,161.15830993652344,162.08183272389985,159.5694761752488,161.89315521075918,23332100,-0.7348452742357381,0.2718494200675492,2.5123565486510415,156.93352813720702,160.8067840576172,0.9390591642955453
2024-09-25,160.36390686035156,161.6746943855023,160.17522933988295,160.3440420812531,18869200,0.0198647790984694,-0.49293336253325437,1.4994650456193597,156.78597564697264,161.14044189453125,1.0180498325958893
2024-09-26,161.5952606201172,162.93585297471674,161.14840155271324,162.498918721295,20319300,-0.9036581011778253,0.7678496887943309,1.7874514220034996,156.79073333740234,161.25762329101562,0.8380122059376055
2024-09-27,162.80673217773438,164.5445289853853,161.4959447506325,161.67468229198863,21101300,1.1320498857457437,0.749694980513782,3.048584234752809,156.90912094116212,161.32911987304686,0.8045167199435528
2024-09-30,164.69349670410156,164.9913926147097,162.12154584089137,162.1811401753991,20413900,2.512356528702469,1.158898345989412,2.869846773818324,157.04250946044922,162.12354125976563,0.6336025679611889
2024-10-01,165.8255615234375,167.98042800067057,163.4323631439142,166.52067729796633,28338100,-0.6951157745288299,0.6873767586402568,4.548064856756383,157.531005859375,163.05699157714844,0.6248506692614342
2024-10-02,164.7034454345703,166.3518737571152,163.58132016704218,165.25953808497383,17760200,-0.5560926504035137,-0.6766846308604801,2.770553590073007,158.0085205078125,163.92489929199218,0.7037277398354266
2024-10-03,164.7034454345703,165.4780052194021,162.77697078682365,163.26355943212087,15073100,1.439886002449441,0.0,2.701034432578439,158.44686279296874,164.54653625488282,0.7243523843927304
2024-10-04,165.8950653076172,167.05690491903522,164.32608104579808,166.8880921706125,19047400,-0.9930268629953218,0.7234941988631727,2.730823873237142,159.25816650390624,165.16420288085936,0.7211317865924651
2024-10-07,161.84352111816406,167.30516910862042,161.6151291721409,166.5504741138898,22463100,-4.706952995725743,-2.4422330959274707,5.690039936479508,159.96669082641603,164.59420776367188,1.3071773498057846
2024-10-08,163.23374938964844,163.58129967642142,161.73426923186602,162.7968151755234,23072700,0.43693421412504563,0.8589953196021627,1.8470304445554007,160.74720993041993,164.07584533691406,1.3427210312931261
2024-10-09,160.7313232421875,163.69053895167258,158.62611121223813,162.31023226464953,31181800,-1.5789090224620281,-1.5330323274554636,5.06442773943445,161.2784797668457,163.2814208984375,1.4518033717176784
2024-10-10,160.94979858398438,161.9329006503817,159.2815055457696,159.74822939172097,14144100,1.2015691922634062,0.13592580300461066,2.6513951046121065,161.64540481567383,162.53069152832032,1.4642240926661156
2024-10-11,162.10169982910156,162.7570859994371,160.11564623470997,160.99943947811877,15344300,1.1022603509827889,0.7156897711283028,2.6414397647271244,161.93238983154296,161.7720184326172,1.4626618898137975
2024-10-14,163.80972290039062,165.07085614450466,162.2605882196447,162.49892012877203,19016100,1.3108027716185973,1.0536737573324517,2.8102679248599713,162.27498474121094,162.1652587890625,1.051876974573688
2024-10-15,164.3062286376953,166.51073429604153,163.4820145370709,164.6339141628374,20247200,-0.32768552514210114,0.30309906427630207,3.028719758970624,162.5798439025879,162.37975463867187,0.9989684748911938
2024-10-16,164.00831604003906,164.6438526096412,162.59821974974642,163.38270428394787,16406000,0.6256117560911889,-0.18131546206514582,2.0456328598947664,162.8454788208008,163.0351531982422,0.4857611200918477
2024-10-17,161.7938690185547,165.20988405229943,161.6250562602158,164.5743474287461,21453400,-2.780478410191421,-1.3502041085183492,3.5848277920836153,162.88470458984375,163.20396728515624,0.9369780999247512
2024-10-18,162.2804412841797,163.5614543687219,161.94281580158204,162.0520493579974,19757700,0.2283919261822973,0.3007359108083474,1.6186385671398682,162.87626419067382,163.23971557617188,0.886748455788034
2024-10-21,162.9259033203125,163.35289754226278,161.48600243587356,161.81370307597712,20946500,1.1122002443353836,0.397744812021128,1.8668951063892223,162.98648986816406,163.06295166015624,0.7314832983270896
2024-10-22,163.98846435546875,164.61407616151644,161.84352257963812,161.84352257963812,16568100,2.144941775830631,0.6521744016770858,2.7705535818783176,163.12799758911132,162.99939880371093,0.7942541337026748
2024-10-23,161.64491271972656,164.6637228904858,160.80083381909756,163.6111016800633,18280500,-1.9661889603367513,-1.4290954214085438,3.8628890713882242,163.1920478820801,162.52671813964844,1.0162596081298925
2024-10-24,161.5853271484375,162.1910741214277,159.88724460042005,161.69456070594023,22412500,-0.10923355750273345,-0.03686201457658855,2.303829521007657,163.1915512084961,162.485009765625,0.8238610442218715
2024-10-25,164.1175537109375,164.43531442750802,162.28044795544452,162.52870467092262,19828900,1.5888490400148783,1.567114172547246,2.154866472063503,163.25709228515626,162.85243225097656,1.097503596628166
2024-10-28,165.55743408203125,167.57327733196706,162.80674552404707,167.57327733196706,32138600,-2.0158432499358128,0.8773469616966345,4.766531807919989,163.30028915405273,163.3787384033203,1.1360860761499445
2024-10-29,168.49679565429688,169.19192660016526,165.92485964222502,166.56039624660548,42169000,1.9363994076913968,1.7754331531915524,3.2670669579402443,163.4338508605957,164.28040466308593,1.3138289745723006
2024-10-30,173.2434844970703,180.75076564711756,172.84626463450343,179.42009804800398,68890800,-6.176613550933666,2.8170795915384517,7.9045010126141335,163.8608528137207,166.6001190185547,1.0623947492357118
2024-10-31,169.9168243408203,175.58701430239046,169.80759078159048,171.92274281377416,44769000,-2.0059184729538515,-1.9202223771401128,5.7794235207999805,164.12152175903321,168.26641845703125,1.7863866895829799
2024-11-01,170.09556579589844,171.11839741159756,167.7023825564108,168.8840869554026,31796500,1.211478840495829,0.10519350027375918,3.416014855186745,164.33154678344727,169.46202087402344,1.7947562487244
2024-11-04,168.0598602294922,169.53946045641658,166.83842636200512,168.7450359899921,21492700,-0.6851757604999023,-1.1968010787823502,2.7010340944114546,164.64236373901366,169.96250610351564,1.9823623005721418
2024-11-05,168.55636596679688,169.34085043209328,167.66263280054076,168.24851494635325,18242100,0.30785102044362134,0.2954338630454023,1.6782176315525135,164.9084945678711,169.97442016601562,1.8132735336573553
2024-11-06,175.2791748046875,175.706184256144,172.2901692540448,172.58808035816057,33695500,2.6910944465269324,3.988463324615643,3.416015002099215,165.6358871459961,170.38155822753907,2.280468281024218
2024-11-07,179.48960876464844,179.8173094537086,175.95443549219976,176.17290261823987,25352900,3.3167061464085634,2.402130181553286,3.862873961508825,166.5628776550293,172.29611511230468,2.0584728686646385
2024-11-08,177.10633850097656,179.63854475709948,176.83821701828134,179.39028805337082,22006200,-2.2839495523942617,-1.3278040328211338,2.8003277388181402,167.31310958862304,173.69826965332032,2.3182568666397896
2024-11-11,179.0924072265625,179.29100957580837,177.22551180839807,177.33474537334146,17450400,1.7576618532210375,1.1213990094290027,2.0654977674103066,168.07724380493164,175.90477905273437,2.0241571336852786
2024-11-12,180.35353088378903,181.2174745432505,178.13908526034365,178.56609468327508,25134900,1.7874362005139517,0.70417483172871,3.0783892829068407,168.87960891723634,178.26421203613282,1.981452797316457
2024-11-13,177.6326446533203,179.69814228328764,177.295004014443,179.2016288670182,23184000,-1.5689842136978882,-1.5086404004044263,2.4031382688446286,169.5608253479004,178.7349060058594,1.671493800419196
2024-11-14,174.35565185546875,177.57306422524127,173.10444351008397,177.03682125408577,31007500,-2.6811693986170155,-1.844814507067194,4.4686207151573,170.18891448974608,177.70811462402344,1.3752100228418052
2024-11-15,171.28720092773438,172.92568911299827,170.02605262888574,172.51854448191054,32504600,-1.2313435541761635,-1.7598803910744198,2.899636484112534,170.63925247192384,176.544287109375,1.446378085594942
2024-11-18,174.0775909423828,174.21661408019878,171.69431766961333,172.2106958182379,20135300,1.8668951241449179,1.6290709402307924,2.5222964105854544,171.19683685302735,175.54132385253905,1.6109368532692132
2024-11-19,176.87791442871094,177.6226844683365,172.34971501216913,172.50860292386173,23434900,4.3693115048492075,1.6086639705710226,5.272969456167374,171.84130935668946,174.84620056152343,1.824459642587553
2024-11-20,174.7528533935547,176.4409959363333,172.56819744687726,176.1033704582549,18997100,-1.350517064700199,-1.2014281387361936,3.872798489456045,172.49670639038087,174.2702423095703,1.7814076431740378
2024-11-21,166.46109008789062,172.91576439472308,162.55848682005697,172.6873573172244,59734400,-6.226267229333786,-4.744851454293841,10.357277574666114,172.74049453735353,172.6913299560547,2.6600061681377554
2024-11-22,163.611083984375,165.29924160304688,162.75708036226996,164.6934946716423,38604600,-1.0824106872672985,-1.7121154871753141,2.5421612407769203,172.71517105102538,171.1561065673828,2.656200715737362
2024-11-25,166.48094177246094,167.4541189743164,164.45517370894052,164.93182234405353,33135300,1.5491194284074083,1.7540729626606577,2.9989452653758804,172.76134643554687,169.63677673339845,2.686187832352073
2024-11-26,167.94068908691406,168.6358199751134,166.41143446812606,166.46108883905265,20486700,1.4796002478614128,0.8768254785873619,2.224385506987346,172.73354110717773,167.84933166503907,2.533714404021236
2024-11-27,168.0499267578125,168.29818346613916,166.8483727748482,167.82153482882035,19266500,0.22839192899215277,0.06504538685196959,1.4498106912909634,172.47386322021484,166.5087463378906,2.5722422890091625
2024-11-29,167.77186584472656,168.2485144405321,165.99435463496883,167.3250068391348,14257200,0.4468590055917616,-0.16546327537926286,2.254159805563262,172.36661529541016,166.77090148925782,1.2917622692867707
2024-12-02,170.294189453125,170.88007169070767,167.39455270779308,167.59315505838524,23789100,2.7010343947397644,1.503424662829267,3.4855189829145843,172.37654647827148,168.1075225830078,0.8489716331070943
2024-12-03,170.1452178955078,171.4758702461707,169.6586444335241,170.29418101536214,22248700,-0.1489631198543293,-0.08747894340704887,1.8172258126465977,172.48081436157227,168.8403778076172,0.7257905333795148
2024-12-04,173.15408325195312,173.69032622472676,169.86716687371202,169.956535651712,31615100,3.197547600241137,1.7684101814093633,3.8231593510147377,172.71070022583007,169.883056640625,0.9387075046517614
2024-12-05,171.43614196777344,174.83229172271828,171.12830609165766,174.1371760101365,21356200,-2.7010340423630623,-0.9921459846141456,3.7039856310606183,172.51854858398437,170.5602996826172,1.1816729891461828
2024-12-06,173.49172973632812,173.85914482652376,170.66159711852214,170.83040986678466,21462400,2.661319869543462,1.1990399136146523,3.197547708001622,172.21865463256836,171.7042724609375,1.174430515145003
2024-12-09,174.34671020507812,175.2315164432607,172.63674520121344,172.94494909205568,25389600,1.4017611130224452,0.4928076226165867,2.594771242047244,172.08067321777344,172.51477661132813,1.0800873068397945
2024-12-10,184.0895233154297,185.2725820417294,179.99356854584033,181.78306850285867,54813000,2.306454812571019,5.58818293668486,5.279013495889075,172.3305290222168,175.3036376953125,2.451489142575406
2024-12-11,194.2598114013672,194.4685927007692,183.77138405763577,184.22869140717975,67894100,10.031119994187435,5.524642523252732,10.697208643133422,173.0258430480957,179.5247833251953,3.021060012064573
2024-12-12,190.8398895263672,194.0410863577681,190.59134831615197,193.86214396789396,34817500,-3.022254441526769,-1.760488621052958,3.4497380416161434,173.68620529174805,183.40553283691406,3.245556119276189
2024-12-13,188.7123870849609,191.6053953917311,188.53342951612584,189.89543056387427,25143500,-1.183043478913362,-1.1148101409440003,3.071965875605258,174.40404205322267,186.4496643066406,3.5738878431606476
2024-12-16,195.512451171875,197.83879313889875,191.496016926658,191.74455812406867,44934900,3.767893047806325,3.603401023088426,6.34277621224075,175.61530456542968,190.6828125,3.5719242171784855
2024-12-17,194.2797088623047,200.2446984442106,193.8422738658045,196.09903250515637,43504000,-1.8193236428516855,-0.6305185691148685,6.402424578406112,176.6254104614258,192.720849609375,3.2374358650439654
2024-12-18,187.30067443847656,195.8504992556076,186.6445370867345,194.0808868210915,34166100,-6.780212382614934,-3.592261108839989,9.2059621688731,177.14654846191405,191.3290222167969,2.6545225681325095
2024-12-19,187.4100341796875,191.90366411909912,187.2808030482296,190.5118392204889,32265200,-3.101805040801395,0.05838726504259206,4.622861070869533,177.7794075012207,190.64305114746094,2.596677735214927
2024-12-20,190.2931060791016,191.7644658752926,184.1392229555645,184.69595286927185,63462900,5.597153209829742,1.5383764866345517,7.625242919728095,178.97100830078125,190.95919494628907,2.6676463144096427
2024-12-23,193.4943084716797,193.9615671620114,189.04043904765624,191.49602742629256,25675000,1.998281045387131,1.682248221460747,4.921128114355156,180.46516952514648,190.55556640625,2.1403109826558486
2024-12-24,194.96568298339844,194.96568298339844,192.64927690043316,193.70308928801543,10403300,1.2625936953830035,0.7604226312083462,2.3164060829652726,181.88940658569337,190.69276123046876,2.158851546023868
2024-12-26,194.4586639404297,195.6019475277096,193.24578152744004,194.01127759173056,12046600,0.4473863486991263,-0.26005553141981164,2.3561660002695533,183.21530532836914,192.12435913085938,0.8644507776701527
2024-12-27,191.6352081298828,194.1802828500262,189.53751972128225,193.8124315456521,18891400,-2.1772234157692765,-1.4519568083692147,4.642763128743951,184.39456939697266,192.96939392089843,1.3153808724357243
2024-12-30,190.1240997314453,191.42645331502607,188.01645984137917,188.69249985736332,14264700,1.4315998740819964,-0.7885338050267476,3.4099934736468924,185.5121810913086,192.9355926513672,1.2455043919267417
2024-12-31,188.1954040527344,190.8398861230044,187.4100053473998,189.96501622432825,17466900,-1.7696121715938489,-1.0144404004727603,3.4298807756046017,186.40724182128906,191.8758117675781,0.8496176268293218
2025-01-02,188.32464599609372,190.87965701997763,186.4059150585719,189.53752836365504,20370800,-1.2128823675613205,0.06867433559807345,4.473741961405722,187.31621322631835,190.5476043701172,0.6033210040290762
2025-01-03,190.6708831787109,192.08261071335764,188.87144710211905,190.2533357330172,18596200,0.4175474456937138,1.2458471222432932,3.2111636112385895,188.19205322265626,189.79004821777343,1.0680434013300113
2025-01-06,195.7212371826172,197.06336585299624,192.7188701348508,192.8481012552134,29563600,2.87313592740378,2.6487284894845198,4.344495718145453,189.40630798339845,190.6072540283203,1.5239857659288771
2025-01-07,194.3492889404297,199.82713171693257,193.4644828445925,195.9598311178576,26487200,-1.6105421774279023,-0.7009705548240541,6.36264887234006,190.4491859436035,191.4522918701172,1.506859884445393
2025-01-08,192.8182830810547,195.14462535167837,191.2574520458894,191.44634580773328,24864800,1.3719372733214072,-0.7877599489670706,3.887173305788963,191.37276458740234,192.37686767578126,1.4542945014696422
2025-01-10,190.91940307617188,195.3732723387585,189.1995022056591,193.16622525115787,26665200,-2.2468221749859936,-0.9848028799657849,6.173770133099424,191.71425857543946,192.89581909179688,1.600452094611818
2025-01-13,189.8954162597656,190.06442245830837,186.2667207451249,188.96091407425016,21823700,0.9345021855154414,-0.5363450754126475,3.7977017131834714,191.49603881835938,192.7407257080078,1.5296327140135246
2025-01-14,188.5533142089844,190.8597688353095,187.21118555715896,190.12409653498483,17174900,-1.570782326000426,-0.7067585290975509,3.6485832781505394,191.38171005249023,191.30714111328126,0.16298598572911777
2025-01-15,194.4089508056641,195.21422195403463,190.7404798677513,191.963298457138,21776000,2.445652348526096,3.1055601548268363,4.473742086283323,191.6665382385254,191.31907348632814,1.733527026539845
2025-01-16,191.7843475341797,194.33934334611155,191.68492497988967,193.0071660692365,17815400,-1.2228185350568026,-1.3500424031957392,2.6544183662218757,191.48013305664062,191.11228637695314,1.8151789521594914
2025-01-17,194.8563232421875,196.07914183949293,192.61945218456037,195.3832294332928,27735100,-0.5269061911052972,1.6017864583345753,3.4596896549325606,191.50896377563475,191.89967041015626,1.8658806930058887
2025-01-21,196.89434814453125,201.1095973264173,196.7153905863796,197.9084005213865,29971300,-1.0140523768552612,1.0459116072977892,4.394206740037674,191.9886474609375,193.29945678710936,1.7953772330532705
2025-01-22,197.21250915527344,199.3101979435439,196.377414183482,197.8984854427286,26200600,-0.685976287455162,0.16158971232056452,2.932783760061909,192.4787712097168,195.0312957763672,1.6572108076978753
2025-01-23,196.82476806640625,199.13123797930663,194.060990781993,196.98383809552067,26951400,-0.15907002911441737,-0.1966107984366805,5.07024719731362,192.80535430908202,195.51445922851562,1.1432610447024516
2025-01-24,199.04177856445312,199.7277396623471,196.8446672702301,196.9440898367529,23877500,2.0976887277002163,1.1263879641910224,2.8830723921169863,193.0827278137207,196.9659454345703,0.7411218700045761
2025-01-27,190.6907958984375,195.7312199856692,189.6170958235878,191.2873009966056,41728900,-0.5965050981681088,-4.195592868113085,6.114124162081424,192.86898345947264,196.13283996582032,2.189926703834321
2025-01-28,194.1604156494141,194.33935805697908,189.56736331512155,191.6252920206379,24157900,2.535123628776205,1.8195003773672003,4.771994741857526,192.85407104492188,195.58605346679687,2.3407794666144
2025-01-29,194.269775390625,195.6417126982154,192.3013178788486,194.4188940643566,18218300,-0.14911867373160703,0.056324426812293105,3.340394819366793,192.98579940795898,194.99750671386718,2.336543616744004
2025-01-30,199.6978912353516,200.2247973993167,196.51656670676425,196.8446429320212,24354700,2.853248303330389,2.7941123799685608,3.708230692552462,193.4644889831543,195.57213134765624,2.7147789343901008
2025-01-31,202.8295440673828,204.2810164474162,200.622496591671,200.82132655430863,32001100,2.008217513074186,1.5681952436545465,3.6585198557451974,194.19619598388672,196.32968444824218,2.754480909481473
2025-02-03,200.05581665039065,202.5611166722236,198.93242052734664,199.51897423058907,27838300,0.5368424198015873,-1.3675164679513796,3.6286961448769546,194.78275451660156,198.20268859863285,1.6359688034048971
2025-02-04,205.1757659912109,205.84185468330165,201.62658985975028,202.20320734762427,43856400,2.9725586435866376,2.559260423688481,4.215264823551365,195.50799865722655,200.4057586669922,1.7602644812228663
2025-02-05,190.21359252929688,191.6253050182698,186.93284497363248,189.9551150886976,70373900,0.2584774405992789,-7.2923687598441695,4.692460044637329,195.23261642456055,199.59452209472656,4.220796972316033
2025-02-06,190.48199462890625,190.97907706252056,187.61879495696715,188.39424233982533,29297400,2.0877522890809246,0.14110563605911342,3.3602821055534093,195.03925170898438,197.7513427734375,3.8801082232614976
2025-02-07,184.25851440429688,190.0644336371024,182.17077726737304,189.9352025187049,49315000,-5.676688114408023,-3.2672275596094313,7.893656369729371,194.61126327514648,194.03713684082032,3.717077919127448
2025-02-10,185.38194274902344,187.1018438956916,184.77550151190877,186.25681277496037,23105600,-0.8748700259369286,0.609702269856327,2.3263423837828157,194.33439025878906,191.10236206054688,3.882130485163835
2025-02-11,184.2386474609375,185.8491897525843,183.20470746476104,183.95033114344977,21239500,0.2883163174877268,-0.6167241917589439,2.6444822878232515,194.05155181884766,186.9149383544922,3.2744141394407174
2025-02-12,182.5386199951172,184.0298673622676,180.7690076663456,182.1508962864482,22072600,0.3877237086690002,-0.9227311909032254,3.2608596959219938,193.7508171081543,185.37994384765625,1.5006815703144694
2025-02-13,185.05386352539065,185.1930460118556,182.07136866992408,183.244491201346,21402500,1.8093723240446593,1.3779240416853966,3.1216773419315302,193.28306274414064,184.29431762695313,1.7739470800102788
2025-02-14,184.14915466308597,185.3123257408716,183.24447616019845,183.980148455519,20448400,0.16900620756698004,-0.4888894752421935,2.0678495806731405,192.90130310058595,184.27244567871094,0.9670670117535815
2025-02-18,182.6976776123047,184.8749010476211,180.67952419275375,184.51700109702452,29916700,-1.8193234847198312,-0.7882072841642218,4.195376854867362,192.2933708190918,183.7355926513672,0.945622774100584
2025-02-19,184.1889495849609,184.37784335780145,182.518744534888,182.99595464619665,19549400,1.192994938764258,0.8162511927605198,1.8590988229134666,191.6581008911133,183.72565307617188,1.0340032369601275
2025-02-20,183.4830780029297,184.22870170428732,181.65381816300632,183.72168304847523,20441500,-0.2386050455455404,-0.3832323185629649,2.5748835412809967,190.97162933349608,183.91454467773437,0.9374290616339885
2025-02-21,178.6116943359375,184.25854446928727,178.03507679362988,184.06965068494023,35199200,-5.457956349002728,-2.654949829713671,6.223467675657389,190.06097564697265,182.62611083984376,1.2523514153207664
2025-02-24,178.2040557861328,182.05146903999804,177.8461558204417,180.92807303443476,29854200,-2.724017248301948,-0.22822612557383826,4.205313219556331,189.01908950805665,181.4370910644531,1.2686458088001895
2025-02-25,174.39639282226562,177.69702734245087,173.6706567432134,177.00109982499515,41913400,-2.6047070027295263,-2.1366870395120863,4.0263705992374526,188.20436935424806,179.7768341064453,1.4380179492833052
2025-02-26,171.72210693359375,175.05256557173047,170.57882331320525,174.0484644370393,35431300,-2.326357503445564,-1.5334525246731179,4.4737422585252204,187.08245391845702,177.28346557617186,1.0655376273337382
2025-02-27,167.51678466796875,173.5414214994902,166.96005475439284,172.97475539808346,39991000,-5.45797073011471,-2.4489114073421137,6.58136674509737,185.74480438232422,174.0902069091797,0.9755643322678341
2025-02-28,169.286376953125,169.61445314978715,165.79686404821965,167.69570724259657,48130600,1.5906697105284309,1.0563671507089367,3.8175891015675063,184.2242286682129,172.2251434326172,1.4563076890359201
2025-03-03,166.0354766845703,172.35836613901347,164.96177675799476,170.92676623691273,40770500,-4.891289552342414,-1.9203555106237835,7.396589381018714,182.38452529907227,169.7914276123047,1.411132914951851
2025-03-04,169.9226531982422,172.2788190225673,164.8325340548135,165.26996901303033,45388000,4.652684185211854,2.3411722550455982,7.4462849677537974,180.87786712646485,168.8966796875,2.0843597755108845
2025-03-05,172.01040649414062,172.76596631858905,168.07350701574754,169.52499437059117,30954900,2.4854121235494517,1.228649186322861,4.692459302841513,179.21959915161133,168.95433959960937,2.108216576090551
2025-03-06,171.34432983398438,173.78996703932643,169.50511866618623,169.5349424001719,28302000,1.809387433812475,-0.3872304436295493,4.284848373140193,178.2761360168457,169.7198486328125,1.6484164350351354
2025-03-07,172.84548950195312,173.9490130161033,169.27644157744749,170.2606550023985,27385800,2.5848344995546313,0.8761070001109594,4.672571438655808,177.39431076049806,170.43167114257812,1.6341236804180381
2025-03-10,165.09205627441406,167.66992058295483,162.922287876859,167.47084644350338,43604000,-2.3787901690893136,-4.4857596515131775,4.747632706095828,176.4359878540039,170.24298706054688,2.6454555639294806
2025-03-11,163.2706298828125,165.96792640359425,160.6131542630149,164.13655982614347,39587400,-0.8659299433309684,-1.1032792447469464,5.3547721405793425,175.33042221069337,168.91258239746094,2.2786307093694167
2025-03-12,166.3262481689453,166.85376123322993,162.76303668655365,165.7987351046607,28372400,0.5275130642846193,1.871505174155308,4.0907245466762845,174.43480224609374,167.77575073242187,2.4328204739259847
2025-03-13,161.9966278076172,165.3508323726828,161.34968247166375,165.261242942738,31756200,-3.264615135120806,-2.6030890547896757,4.0011499010190335,173.40770263671874,165.90621032714844,2.571812690205266
2025-03-14,164.71383666992188,165.70914654485404,161.68808614528302,162.50424753259463,31995900,2.2095891373272423,1.677324336363073,4.021060399571013,172.3907012939453,164.27987976074218,2.7440500102438206
2025-03-17,163.5194549560547,165.52003755245735,162.90236768488202,164.2559897412009,31184300,-0.7365347851462047,-0.7251253070260644,2.61766986757533,171.35921630859374,163.96535949707032,1.9156744109387185
2025-03-18,159.9164276123047,163.47963860497418,155.9849568446372,162.91230471538228,42074800,-2.9958771030775893,-2.2034242620967093,7.494681760336988,170.22015380859375,163.29451904296874,2.102771978072402
2025-03-19,163.12135314941406,165.09206267109968,160.24490789469397,161.0013380173548,34275600,2.120015132059251,2.004125270281354,4.847154776405716,169.1667739868164,162.6535400390625,2.139056624149077
2025-03-20,162.03643798828125,164.11663181906812,160.20507160674322,160.81221119039924,28138500,1.224226797882011,-0.6650969601380563,3.9115602123249005,168.09444198608398,162.6615020751953,1.7784566559469122
2025-03-21,163.22088623046875,163.4697137211131,160.1354192715889,160.45392574948156,36625800,2.766960480987194,0.7309764747316594,3.334294449524208,167.32490158081055,162.3629119873047,1.598957788088117
2025-03-24,166.89356994628906,167.53058291242263,164.36548928265282,166.28644543898992,30879100,0.6071245072991474,2.250130973210407,3.165093629769814,166.75937728881837,163.03773498535156,1.871848887859505
2025-03-25,169.7600555419922,169.82973452544573,167.53057106706197,168.1874640642974,24174400,1.5725914776948002,1.7175530469062616,2.2991634583837595,166.52756042480468,165.00646057128907,1.1953597069846678
2025-03-26,164.28585815429688,168.81452147078184,164.06688875000268,168.20738179291607,28901600,-3.921523638619192,-3.2246675286585313,4.7476327207791655,166.15574798583984,165.23936157226564,2.19416137505866
2025-03-27,161.47906494140625,164.6441427669695,161.240185125672,163.85785471941338,24508300,-2.378789778007132,-1.708481329083411,3.4039576412974952,165.8538619995117,165.1278869628906,2.337402224473452
2025-03-28,153.60617065429688,161.06104688273138,152.90945679818688,159.73728296251087,48669300,-6.131112308214,-4.875489147751821,8.151590084544495,165.06985168457032,163.20494384765624,3.0934411553210617
2025-03-31,153.91470336914062,154.8104760939089,149.9533747075238,152.3918806247014,54603500,1.5228227444392246,0.20085958365443357,4.8571013863850965,164.46381301879882,160.60917053222656,2.62806893459306
2025-04-01,156.3333282470703,157.35849619606978,152.89949705290155,152.89949705290155,30672900,3.4338311941687607,1.5714059962997684,4.458999143168228,163.78434677124022,157.9238250732422,2.5826724810366155
2025-04-02,156.30345153808594,157.6670363544579,153.97443014331054,154.42231653657922,25041700,1.8811350015067205,-0.0191109018910951,3.692606211147364,162.9989990234375,156.32734375,2.476488099580883
2025-04-03,150.0131072998047,152.06344323592336,149.68465321481136,150.40127754802887,46883400,-0.3881702482241849,-4.024443591220694,2.378790021111996,161.93243789672852,154.03415222167968,2.839950700386703
2025-04-04,144.9171142578125,150.3614601277394,144.698144884866,147.3157993550897,62259500,-2.3986850972771947,-3.397031855228305,5.663315242873409,160.5360191345215,152.2963409423828,2.4402882095058986
2025-04-07,146.06173706054688,152.13313390933345,139.87090787612016,140.88612829073566,76794100,5.17560876981122,0.7898465330313353,12.262226033213295,159.58450317382812,150.72574768066406,2.53325802144625
2025-04-08,144.02134704589844,151.5259925903324,142.35918124819136,150.5107721866655,52200200,-6.489425140767054,-1.3969367034178393,9.166811342141045,158.6220390319824,148.2633514404297,2.083183087249481
2025-04-09,157.9656219482422,158.80167851894325,143.23503415914513,143.74263667980892,70406200,14.222985268433263,9.68208893220519,15.566644359798119,158.20400772094726,148.59578552246094,5.556691451837296
2025-04-10,152.10325622558594,156.98026834062628,149.2267962236283,155.80579483834862,48022000,-3.7025386127626803,-3.711165537383232,7.753472116997983,157.7093391418457,149.0138153076172,5.496750161148439
2025-04-11,156.4029998779297,156.9305129193936,152.1032689303263,152.18288035899425,33636200,4.220119518935434,2.826858384916342,4.827243989067313,157.2937973022461,151.3109924316406,5.11528415526839
2025-04-14,158.32394409179688,160.96150910212248,156.8210165083235,159.24957495636372,30333000,-0.9256308645668412,1.22820164278592,4.140492593798967,157.0340217590332,153.76343383789063,5.100846646341097
2025-04-15,155.576904296875,158.9012360653349,154.48207240479906,158.38368579805189,27551500,-2.8067815011768857,-1.735075392847163,4.419163660535844,156.81704559326172,156.07454528808594,5.154557662114571
2025-04-16,152.61087036132812,155.1588613016161,150.7993990348029,152.381953334393,28187400,0.22891702693513594,-1.9064744532305555,4.35946226681321,156.29152145385743,155.00359497070312,2.6335613976223597
2025-04-17,150.45103454589844,153.9545141427958,147.8035068059891,153.56634392432957,33046600,-3.115309378431135,-1.4152568623165385,6.151007336806714,155.71225128173828,154.67315063476562,2.1181945004694995
2025-04-21,146.97738647460938,148.25138171808808,145.414758090889,148.1817179341213,26049100,-1.204331459511934,-2.3088229880063427,2.8366236271990886,154.90007629394532,152.78802795410155,1.4101083015718892
2025-04-22,150.75958251953125,151.47620681854735,147.84331679407512,148.191681312594,26971800,2.5679012069372504,2.5733183421214667,3.632890024472232,154.09337692260743,151.27515563964843,2.000466489508968
2025-04-23,154.6214141845703,156.79118268922488,153.08862828359344,154.88018931651595,31128800,-0.25877513194564017,2.5615828861417445,3.702554405631446,153.33644485473633,151.0840576171875,2.4547301376814046
2025-04-24,158.532958984375,158.84150262211006,155.0593219807129,155.41763415068155,45894000,3.1153248336934496,2.5297561922021483,3.7821806413971615,153.04879989624024,152.2684753417969,2.4398425063657676
2025-04-25,161.20040893554688,165.3209915913829,160.28471040116125,164.29582354036455,56034000,-3.0954146048176767,1.6825838414047167,5.0362811902216436,153.03486709594728,154.41835021972656,2.111707021475113
2025-04-28,159.85671997070312,162.38480037619334,157.85615258510526,161.66817604969367,29745800,-1.8114560789905454,-0.8335518338424275,4.528647791088076,153.34739456176757,156.9942169189453,1.4673663544028925
2025-04-29,159.40882873535156,159.98611026905985,156.78121134684457,159.56808195579998,26809000,-0.15925322044842005,-0.2801829259562183,3.2048989222152784,153.62210083007812,158.72406616210938,1.5935986624937564
2025-04-30,158.05520629882812,158.52300314058715,154.67114371616248,157.2390449367046,34981100,0.8161613621235233,-0.8491514850602844,3.851859424424674,153.70819473266602,159.41082458496095,1.5582935925298576
2025-05-01,160.54347229003906,161.19041757915633,158.164682497567,159.69745289298837,30203200,0.8460193970506964,1.5743018211665127,3.025735081589346,153.92019577026366,159.81292724609375,1.2717111587499006
2025-05-02,163.2606964111328,164.19629023149636,161.11082318824108,162.64360907737185,25715000,0.6170873337609635,1.6925161031678737,3.085467043255278,154.58257522583008,160.22498474121093,1.2744958606192478
2025-05-05,163.43983459472656,164.61429290949133,161.95681747402023,162.2355030126838,21341800,1.2043315820427551,0.10972523548633539,2.657475435471099,155.5087112426758,160.9416076660156,1.1340908137524015
2025-05-06,162.46441650390625,164.02706019999394,160.43399116800987,161.40939053220953,21277200,1.0550259716967219,-0.5968056032600644,3.593069031984072,156.32884521484374,161.55272521972657,1.1923589295679546
2025-05-07,150.67002868652344,164.22614566911673,147.1466228745946,163.31046231573168,127490100,-12.640433629208246,-7.259674500538537,17.07952279452212,156.661279296875,160.07568969726563,3.687823219338266
2025-05-08,153.55641174316406,155.19866702023802,152.1828792070647,154.27303609354425,57498700,-0.7166243503801866,1.9156982193491823,3.0157878131733185,156.4408187866211,158.67827758789062,3.747669184520448
2025-05-09,152.03358459472656,154.3228003625665,151.48616112175256,153.4469228058081,32435300,-1.4133382110815376,-0.9917053486405703,2.836639240813952,156.4373352050781,156.43285522460937,3.479024767090112
2025-05-12,157.71682739257812,158.35382517745646,155.5171856365556,156.75137548916837,44138800,0.9654519034097575,3.738149575964611,2.8366395409008476,156.50302658081054,155.2882537841797,4.172691984400795
2025-05-13,158.7817840576172,159.81691483841985,155.42759461947415,158.0452492784777,42382100,0.7365347791394754,0.6752333803851096,4.389320218945699,156.52591857910156,154.55172729492188,4.214466423883556
2025-05-14,164.5944061279297,166.21676625125212,158.86142612462882,159.20979069166216,48755900,5.384615436267524,3.660761279898006,7.355340126623304,156.9767936706543,157.33660278320312,2.0181030948451455
2025-05-15,163.19102478027344,165.43047214987735,161.6084704301294,165.06219714400763,33146700,-1.871172363734189,-0.8526300380861551,3.822001719747959,157.50580139160155,159.263525390625,2.333411094231269
2025-05-16,165.41053771972656,168.5557203255822,164.84320384513654,166.9433081258995,42846900,-1.5327704061729435,1.3600704710577949,3.7125164804456574,158.25377655029297,161.938916015625,1.9798311859704851
2025-05-19,165.7589111328125,165.85844820194703,163.44979996369122,163.73843316462222,30426100,2.020477968190278,0.21061137814339936,2.4086482382558074,159.19285278320314,163.54733276367188,1.6859391255373073
2025-05-20,163.21092224121094,167.7097274922387,162.13598566686494,165.6494285946027,46607700,-2.438506353391773,-1.5371655582124388,5.573741825373759,159.8154197692871,164.43316040039062,2.047570864604833
2025-05-21,167.76943969726562,172.32796100800184,162.79289003758296,162.9222851886465,73416000,4.847154508619127,2.7930223011163546,9.535070970418872,160.4728210449219,165.06816711425782,1.732463228517106
2025-05-22,170.06858825683594,175.94092545127197,169.90935022401754,171.0440028391721,74864400,-0.9754145823361569,1.3704215521724628,6.031575227254422,161.04960250854492,166.4436798095703,1.6134714675864734
2025-05-23,167.6798553466797,169.1628725233235,167.10257379846712,168.26708452621156,35211400,-0.5872291795318745,-1.4045703175643465,2.0602987248563807,161.37357482910156,166.89754333496094,1.847212355200119
2025-05-27,172.0890655517578,172.3578034614341,169.20267308577203,169.3619263053745,37995700,2.7271392463833024,2.6295407972305673,3.155130375662054,161.9851921081543,168.16357421875,2.1191263479815303
2025-05-28,171.55160522460938,174.4479605139837,171.10371883250124,172.34785613681433,34784000,-0.7962509122049539,-0.3123152103971405,3.3442416814824583,162.5923309326172,169.8317108154297,1.8378326717028446
2025-05-29,171.05397033691406,173.60196140461508,169.82974333850962,173.1839330438727,29317300,-2.1299627069586506,-0.2900788290752354,3.7722180661054665,163.24226913452148,170.48861694335938,1.5931600774992303
2025-05-30,170.93450927734375,171.40230609492238,166.65467413099773,170.54633906565317,52639900,0.3881702116905785,-0.06983822669244244,4.747631963924647,163.7618209838867,170.66180114746095,1.501063170754354
2025-06-02,168.23724365234375,169.07330038538143,166.60493590284045,167.05282235359456,38612300,1.1844212987491858,-1.5779526535649069,2.468364482540977,164.01064834594726,170.77327880859374,1.5461404448225458
2025-06-03,165.4005889892578,167.68980475652552,164.50481616986866,166.70445769264217,45084900,-1.303868703384353,-1.6861038623218194,3.184988586656857,164.10868606567382,169.43558349609376,0.7779091900599249
2025-06-04,167.2618408203125,167.43104169003885,165.57976456796413,165.9579872104258,26900800,1.303853609886687,1.1252993973168701,1.8512771220747197,164.34855728149415,168.57763061523437,1.1661397990931177
2025-06-05,167.4210662841797,170.12829493792012,166.80396388771035,169.54106580736408,36379100,-2.11999952318439,0.09519533151511883,3.3243310502097643,165.18610916137695,167.8510498046875,1.1958080061677248
2025-06-06,172.8654022216797,173.68156356382352,170.02877834744078,170.02877834744078,35731800,2.83662387423891,3.2518822501457656,3.652785216382739,166.15155868530275,168.2372283935547,2.0549313976798147
2025-06-09,175.47630310058594,175.8549836240846,173.76229627558533,173.93170198198985,28935900,1.5446011185960913,1.510366357495907,2.0926873484992825,167.3236946105957,169.68504028320314,1.8222259511227694
2025-06-10,177.9775390625,180.478785591731,174.30039723040252,175.58589455754145,61766100,2.391644504958549,1.4253981407850391,6.178388361328473,168.33673019409179,172.20043029785157,1.1387442006163886
2025-06-11,176.73191833496094,179.74138229531297,176.1340033305199,179.1434824964821,31646800,-2.41156416152117,-0.6998752393703067,3.607378964793071,169.23423690795897,174.09444580078124,1.512670512344284
2025-06-12,175.087646484375,176.10409583310096,174.1409604700089,175.56596932852466,20941900,-0.478322844149659,-0.9303762818154593,1.96313536309205,169.75889892578124,175.6277618408203,1.7384734458293207
2025-06-13,174.06126403808594,176.5126974991646,171.78921117445762,171.83903996295,27663100,2.2222240751359266,-0.5862106590030947,4.7234863247069825,170.3024108886719,175.86693420410157,1.2153760263621736
2025-06-16,176.1539306640625,176.32333636040028,174.04130888575864,174.12103189678987,27389200,2.032898767272627,1.2022586630869636,2.2820274746416374,170.83958053588867,176.00245971679686,1.1338471967365324
2025-06-17,175.3367919921875,176.74188163753837,173.97157145760983,175.08766326949169,24973000,0.24912872269581499,-0.4638776261162936,2.7703101799285434,171.31847457885743,175.47431030273438,0.8547999597813457
2025-06-18,172.71595764160156,175.94465595934807,172.596365522182,175.39656976170295,28707500,-2.6806121201013866,-1.494742957714612,3.348290437166071,171.79372634887696,174.6711181640625,1.0088171925148695
2025-06-20,166.05921936035156,173.73237998796506,164.88333923967906,173.34373983894176,75659900,-7.284520478590196,-3.854153589596643,8.849040748286,171.70821533203124,172.8654327392578,1.8501226383484437
2025-06-23,164.6143035888672,166.75680460442126,161.43541853179397,165.6905415370858,57671000,-1.076237948218619,-0.8701207780273168,5.321386072627291,171.4355010986328,170.97604064941407,1.837049270576113
2025-06-24,166.18878173828125,167.63372519441324,165.5510128580625,166.3382528798913,40524300,-0.14947114161003583,0.9564649699860928,2.0827123363507383,171.3609474182129,168.9830108642578,1.7619218338565625
2025-06-25,170.0851287841797,171.7592814568519,166.96604798303133,167.04577098702603,35479000,3.039357797153656,2.3445307229187806,4.793233473820578,171.260750579834,167.93267822265625,2.3745813352169756
2025-06-26,172.9351806640625,173.08466701517526,169.34773632150527,171.8290485705118,31796700,1.1061320935507126,1.6756620054062532,3.73693069366999,171.32992935180664,167.97652282714844,2.4909016087210505
2025-06-27,177.90777587890625,178.0572470081361,171.1314725843347,172.93516183654685,108140200,4.972614042359396,2.875409847637256,6.925774423801414,171.67261962890626,170.3462341308594,1.4573150424762447
2025-06-30,175.6157989501953,180.59837295030212,173.9715556124037,180.1499443314144,63378900,-4.534145381219076,-1.2882949704632218,6.626817337898416,171.90668411254882,172.546533203125,1.6225409350887414
2025-07-01,175.22715759277344,175.47628629108172,172.92521085330227,175.12751523681553,35904500,0.09964235595791138,-0.2213020467094151,2.5510754377794456,172.2561798095703,174.35420837402344,1.7663179647148386
2025-07-02,178.01739501953125,178.23662948182692,174.4598452552033,174.92819320035304,29128900,3.0892018191782142,1.5923544415656687,3.7767842266236187,172.88702011108398,175.94066162109374,1.6602425566869987
2025-07-03,178.904296875,179.0438083356934,176.43294448317042,177.8778878701253,21689700,1.0264090048746937,0.49821078180110057,2.610863852522982,173.46914291381836,177.13448486328124,1.610214047818119
2025-07-07,176.17385864257812,178.67512071867887,175.06772651945082,178.43595167386934,34175600,-2.262093031291215,-1.5262004770794424,3.607394199228054,173.9067825317383,176.78770141601564,1.2887086816391353
2025-07-08,173.75233459472656,177.32981935448504,172.20773349396308,177.23017699013243,40442500,-3.4778423954058724,-1.3745081514984325,5.122085860521963,173.9511291503906,176.41500854492188,1.3075325863310456
2025-07-09,176.0044403076172,178.81461936142807,172.16786742488128,174.63921988812407,43025600,1.365220419493113,1.2961585340096837,6.646751936546792,173.9775360107422,176.57046508789062,1.4692814578605977
2025-07-10,177.00094604492188,177.8081205641565,173.77224796798342,175.0178914126315,29252400,1.9830546322903615,0.566182157429096,4.035872596173078,173.92870635986327,176.36717529296874,1.2658011068154291
2025-07-11,179.56201171875,180.797680390592,175.86493496639972,176.17385213436023,34282900,3.3881595843897685,1.4469220255908244,4.932745424192291,174.07021102905273,176.49871826171875,1.4386929654161873
2025-07-14,180.9272308349609,183.02987774300456,179.05377808117527,180.3791446351184,32536600,0.5480861998425155,0.7603050907834863,3.976099661829295,174.36219024658203,177.44939270019532,1.1301371275430478
2025-07-15,181.3657073974609,183.57797163820845,180.96710752938097,182.1728820139696,33448300,-0.8071746165086893,0.24234967863956403,2.610864108827485,174.72741241455077,178.97206726074216,0.5031011937547474
2025-07-16,182.33230590820312,183.68756658300003,181.39557960576292,182.60136914957832,33104200,-0.2690632413751928,0.5329554989267793,2.2919869772371158,175.0363311767578,180.23764038085935,0.4517492373272759
2025-07-17,182.940185546875,183.418508384776,179.8509836397114,181.5052018275631,31992600,1.4349837193119015,0.33339107715661953,3.567524745064617,175.4165008544922,181.42548828124998,0.48127491091733815
2025-07-18,184.4150238037109,185.7702845204503,183.069737966418,184.75383518149357,34014500,-0.3388113777826618,0.8061860506083374,2.7005465540323144,176.00145416259767,182.39609069824218,0.25029922058464393
2025-07-21,189.4374542236328,189.62677924759168,185.5012089178604,185.60086647203485,45803100,3.8365877515979605,2.7234388589010505,4.125570329731289,177.1703659057617,184.09813537597657,1.0269098138048958
2025-07-22,190.6731414794922,190.98205863993607,186.8066743284532,190.8325874995953,44660200,-0.15944602010310405,0.6522930013621364,4.175384311482873,178.47330780029296,185.95962219238282,0.9734908363856907
2025-07-23,189.5670166015625,191.8590038090936,188.520672962732,190.8325947249331,58681900,-1.2655781233706023,-0.5801157254487599,3.3383308463616004,179.64221954345703,187.40656433105468,1.2086227687397244
2025-07-24,191.50022888183597,197.2600826556752,190.33430850259245,196.34329095248225,74881700,-4.843062070646283,1.019804138362712,6.925774153082756,180.71297454833984,189.1185729980469,1.1829229749985444
2025-07-25,192.50672912597656,193.65273031316045,190.59342246149265,191.31091436137527,39785900,1.1958147646012947,0.5255869666670909,3.0593078516677963,181.69155197143556,190.7369140625,1.1965066863151297
2025-07-28,191.9088134765625,193.37369138388397,190.17487232763284,192.97507635824056,38139500,-1.0662628816780568,-0.31059467486084236,3.198819056251125,182.39160385131837,191.23118591308594,0.676959295871028
2025-07-29,195.0677795410156,195.23718523880464,191.41057191018163,191.7593429801203,41389200,3.308436560895302,1.6460765960802926,3.8266133286230115,183.36420288085938,192.11011352539063,0.9219702782414972
2025-07-30,195.84506225585935,196.911340444062,194.0114785811888,194.9183107440436,32445400,0.9267515118157519,0.3984680179744071,2.8998618628731947,184.39509811401368,193.36572265625,0.7297671849380621
2025-07-31,191.231201171875,195.3069586253216,190.42402654445044,195.02793567277016,51329200,-3.7967345008951554,-2.3558730717227028,4.882932080871171,185.05578842163087,193.31191711425782,1.4823408373069555
2025-08-01,188.47085571289065,190.16492789219944,187.16542371122097,188.371198147092,34832200,0.09965756579865115,-1.4434597712448594,2.9995041809784766,185.53411636352538,192.50474243164064,1.5608784951906045
2025-08-04,194.36024475097656,194.5894541087341,189.4573936373196,189.62679933287328,31547400,4.733445418103287,3.1248274518674624,5.132060471414491,186.4434356689453,192.99502868652343,2.229977806629466
2025-08-05,193.99151611328125,197.1704004603002,193.2142358585653,194.0313852166864,31602300,-0.03986910340515237,-0.18971402210763433,3.9561646017348835,187.45539474487305,192.77977600097657,2.094614758393252
2025-08-06,195.40660095214844,195.94472750739843,192.9950367452259,193.8221459278432,21562900,1.5844550243052424,0.729457074834583,2.949690762172537,188.4255027770996,192.69208374023438,2.11912290239716
2025-08-07,195.8350982666016,196.85153244317704,193.65272836026733,196.3732095832821,26321800,-0.5381113166804994,0.21928497418470805,3.198804082909703,189.3672103881836,193.61286315917968,1.6787794232261508
2025-08-08,200.71800231933597,201.9038573236332,196.48281456433625,196.53264334375208,39161800,4.185358975583881,2.493375342803472,5.421042759296938,190.42500991821288,196.06229248046876,1.4546337638568951
2025-08-11,200.2994842529297,200.77780712193308,198.37621789685548,200.23969579500547,25832400,0.05978845792421339,-0.20851047816848878,2.4015892250776005,191.39362258911132,197.25014038085936,1.1206611181216233
2025-08-12,202.63131713867188,203.7872779637538,199.8909014203329,200.66818175308575,30397900,1.9631353855861278,1.1641731851878667,3.8963765434208995,192.45690307617187,198.9781005859375,1.040167773617779
2025-08-13,201.25613403320312,203.81716914109543,196.82163104540848,203.41856930663727,28342900,-2.1624352734341414,-0.6786626691705488,6.995538095686953,193.40309448242186,200.14800720214845,1.258645257378832
2025-08-14,202.2327117919922,203.72748396129663,200.5286648285173,200.7977280765625,25230400,1.434983715429695,0.4852412392200467,3.1988191327793345,194.36772079467772,201.42752990722656,1.244179507583667
2025-08-15,203.1893615722656,205.7205176785909,200.57849766290207,203.13954799676895,34931400,0.04981357549664267,0.4730440351595533,5.142020015688843,195.30643768310546,201.9218017578125,0.7094720928374488
2025-08-18,202.79074096679688,204.5545762391642,201.7842665962138,203.48829821401324,18526600,-0.6975572472163662,-0.1961818288045314,2.7703096429503944,195.97410202026367,202.42005310058593,0.707511684284621
2025-08-19,200.86749267578125,202.73097045946375,199.2631032623919,202.3223957479328,24240200,-1.4549030721515521,-0.9483905832419204,3.467867197071854,196.48381958007812,202.06728820800782,0.6534747723958002
2025-08-20,198.62533569335935,200.57849617106172,195.9148142419443,200.03040999419304,28955500,-1.4050743008336894,-1.1162368547313672,4.663681929117416,196.93673553466797,201.54112854003907,0.7589190822282811
2025-08-21,199.0538482666016,201.77432964491464,198.73495620472804,199.0538482666016,19774600,0.0,0.21573913103603015,3.0393734401866084,197.31441650390624,200.90535583496094,0.6999959899659216
2025-08-22,205.37173461914065,207.81319287530533,200.59843534470969,202.0234442317804,42827000,3.348290387360265,3.1739584075145544,7.214757530595648,197.95766677856446,201.34183044433593,1.7356262791467316
2025-08-25,207.76339721679688,209.78632124970213,204.56457769360568,205.710563747695,29928900,2.05283346910187,1.1645529517932518,5.221743556096442,198.75039596557616,202.33636169433595,1.7594405182107213
2025-08-26,206.41807556152344,207.12560776169755,204.9830918131657,206.7867811726176,28464100,-0.3687056110941569,-0.647525826635198,2.142515948531866,199.31791076660156,203.44647827148438,1.7018114534542972
2025-08-27,206.7568817138672,208.18190575216585,204.93325784693596,204.9830866269172,23022900,1.7737950869499741,0.1641358933427206,3.2486479052298876,199.86350173950194,205.07278747558593,1.4670197745322489
2025-08-28,210.9023895263672,211.4803699291827,206.17890394821848,206.5276902069273,32339300,4.374699319439884,2.005015638723462,5.301465980964224,200.84706115722656,207.44249572753907,1.5023541747725713
2025-08-29,212.16796875,213.90189476250455,209.46740696384475,209.77632411753885,39728400,2.3916446324611513,0.6000781814160527,4.434487798659802,202.03191680908202,208.80174255371094,1.002833311000466
2025-09-02,210.6134185791016,210.94225509702449,205.48135800383685,207.7135567307211,47523000,2.899861848380482,-0.7326978620086355,5.46089709318764,202.84457550048828,209.3717468261719,1.1155032981310296
2025-09-03,229.85610961914065,230.5038381631016,224.0065573472935,225.42162175778444,103336100,4.434487861356217,9.136498125266378,6.497280815808097,204.63780517578124,214.05935363769532,3.9828459204626125
2025-09-04,231.49038696289065,231.56013509073304,225.32195802773,228.8496136665047,51684200,2.6407732963859587,0.711000175917853,6.238177063003036,206.44199447631837,219.00605468750004,3.918767747825044
2025-09-05,234.1809844970703,234.9383302920627,231.09178244912047,231.3907399385365,46588900,2.7902445585338,1.162293419385474,3.846547842942215,208.3592887878418,223.66177368164068,3.9549466146602295
2025-09-08,233.43292236328125,237.512324973524,233.06388696786647,234.85922103336077,32474700,-1.4262986700795182,-0.3194376073683336,4.448438005657522,209.99503479003906,227.91476440429693,4.06632352913869
2025-09-09,239.0084228515625,239.8462403027557,232.62501483391665,233.56257898038905,38061000,5.445843871173452,2.388480781474489,7.221225468839037,211.93048171997071,233.59376525878906,3.772523744919773
2025-09-10,238.5496063232422,241.0331528996711,237.23303823372945,238.28030242478397,35141100,0.2693038984582188,-0.1919666775113016,3.8001146659416634,213.7263961791992,235.33246459960938,1.1053420411132981
2025-09-11,239.7465057373047,241.62163412512044,235.63719736660352,239.25778647565332,30599300,0.4887192616513687,0.501740259609007,5.984436758516921,215.6509147644043,236.9836883544922,1.111137824425457
2025-09-12,240.17539978027344,241.4520784124984,237.38265956507763,239.746507229255,26771600,0.4288925510184356,0.1788948045977845,4.0694188474207635,217.54804916381835,238.1825714111328,1.097622542967509
2025-09-15,250.9573516845703,251.7552796155814,244.0253822711298,244.0253822711298,58383800,6.931969413440498,4.489199107885677,7.729897344451587,219.9364486694336,241.6874572753906,1.9574045017180428
2025-09-16,250.50851440429688,252.38362748338088,248.8228956960496,251.42612617048883,34109700,-0.9176117661919534,-0.17885002262758576,3.560731787331264,222.32233734130858,243.9874755859375,1.9937013358394247
2025-09-17,248.88275146484372,250.94738946798665,245.64118152849247,250.56837026682,34108000,-1.6856188019762897,-0.648985102689692,5.306207939494186,224.7231002807617,246.05410461425782,2.0687697503065596
2025-09-18,251.37625122070312,253.33117381914667,249.15203994052996,251.02715300766397,31239500,0.3490982130391558,1.0018772860648006,4.17913387861671,227.36064605712892,248.3800537109375,2.058675710344899
2025-09-19,254.05926513671875,255.33594363736893,251.15680993729336,252.5930770553269,55571400,1.4661880813918629,1.0673299100399047,4.1791337000755675,230.11091690063478,251.15682678222657,2.0112893657290583
2025-09-22,251.8749542236328,255.11652395864965,249.6507429437536,253.7700196733437,32290500,-1.8950654497108985,-0.8597643199158567,5.465781014896038,232.4360778808594,251.34034729003906,0.9091465803159484
2025-09-23,251.00721740722656,253.7002107757565,249.8302703204236,252.38362744671,26628000,-1.3764100394834315,-0.344510957463362,3.8699404553328804,234.59826889038087,251.440087890625,0.9236732074783024
2025-09-24,246.4989471435547,251.69543970951247,245.80076590550527,251.00722705371743,28201000,-4.5082799101627415,-1.796071965674917,5.894673804007198,236.60231246948243,250.96332702636718,1.2301731450580273
2025-09-25,245.1524353027344,245.8506317386469,240.1155467413105,243.76604145127703,31020400,1.3863938514573704,-0.5462546012564129,5.735084997336401,238.52209014892577,249.71856384277345,1.0358554861735356
2025-09-26,245.90049743652344,248.7730319241888,245.33198386371188,246.42913668030897,18503200,-0.5286392437855341,0.30514162866270844,3.4410480604769305,240.2719955444336,248.08681030273436,0.770365112869745
2025-09-29,243.4169464111328,250.4985201433971,242.1402679011131,247.20709239615744,32505800,-3.7901459850246226,-1.009982107104812,8.358252242283982,241.83444442749024,246.39520874023438,0.7834915012811099
2025-09-30,242.4694366455078,242.6589310263489,238.6294169517045,242.18018034462705,34724300,0.2892563008807656,-0.3892538213114638,4.029514074644396,243.42724533081054,244.68765258789062,0.7789680237821203
2025-10-01,244.2647399902344,245.66111761710096,237.9910625183314,240.12551089529904,31658200,4.139229094935359,0.7404245951836641,7.670055098769552,244.14767684936524,244.24081115722657,0.6980945005734709
2025-10-02,245.05270385742188,246.16979380429245,241.67149783253905,244.51409604788847,25483300,0.5386078095334028,0.3225860053395202,4.498295971753407,244.8257926940918,244.22086486816406,0.6922410852337909
2025-10-03,244.71359252929688,245.66112527970623,241.0331615881319,243.8558226752064,30249600,0.8577698540904635,-0.13838301834135924,4.627963691574337,245.35242309570313,243.98348388671874,0.6704423818221538
2025-10-06,249.7804107666016,250.66811683606912,243.94559401576447,244.14507219866996,28894700,5.635338567931626,2.070509522963304,6.722522820304647,246.16979751586913,245.2561767578125,0.9684837190234061
2025-10-07,245.12252807617188,249.7903967365714,244.88316034229132,247.62602723387863,23181300,-2.503499157706756,-1.8647910283012936,4.9072363942800905,246.47550277709962,245.78679504394532,1.4300663433025187
2025-10-08,243.9854736328125,245.37186749350337,243.18756093367097,244.3246032710778,21307100,-0.3391296382652911,-0.46387186534158076,2.1843065598324074,246.74729614257814,245.73094177246094,1.4231786808169118
2025-10-09,240.9034881591797,244.12510552114733,238.5296568297252,243.8358644557508,27892100,-2.932376296571107,-1.2631840034341812,5.595448691422121,246.80514526367188,244.9010986328125,1.5036191091364544
2025-10-10,235.9563446044922,243.45682676282496,235.22822726703515,240.80372315157257,33180300,-4.847378547080382,-2.0535790463185877,8.228599495789808,246.5941925048828,243.14964904785157,1.6760405435702945
2025-10-13,243.51670837402344,243.865806618421,239.08823779870892,239.58694087972825,24995000,3.9297674942951915,3.2041366729103515,4.777568819712087,246.22216033935547,241.89690856933595,2.1552236874017825
2025-10-14,244.81332397460935,246.47899033376285,239.88613541009548,240.60426901896764,22111600,4.2090549556417045,0.5324544706782008,6.592854923667375,245.9374008178711,241.83506774902344,2.035780528736999
2025-10-15,250.3788299560547,251.4560302752389,245.35191035240305,246.60863644851395,27007700,3.770193507540739,2.2733672706566344,6.104119922835849,246.01220474243163,243.11373901367188,2.2405556677458995
2025-10-16,250.8077392578125,256.29345747170413,249.45126638195015,251.1169327071502,27997200,-0.3091934493376982,0.17130414014359108,6.842191089753982,245.9837791442871,245.09458923339844,2.034525504182559
2025-10-17,252.6429748535156,253.5605866634714,247.1672097408255,250.10955476977685,29671600,2.533420083738747,0.7317300499314339,6.393376922645899,245.91296463012696,248.43191528320312,1.2966378594515908
2025-10-20,255.8845367431641,256.6625123260812,253.5705623788801,254.0293759063695,22350200,1.855160836794596,1.2830603706784238,3.0919499472010727,246.11344375610352,250.90548095703124,0.8183640275628399
2025-10-21,249.81033325195312,254.2188662949897,243.5166881090968,254.07923005269296,47312100,-4.268896800739839,-2.3738063927277286,10.702178185892905,246.05359954833983,251.9048828125,1.7424251565616256
2025-10-22,251.0371551513672,255.69502480450944,248.64337127106648,253.71019631561148,35029400,-2.673041164244296,0.49110134214371826,7.051653533442959,246.28050994873047,252.0365478515625,1.4202769244625042
2025-10-23,252.4235382080078,254.3784456458486,251.19673296350095,252.3237915100895,19901400,0.09974669791830593,0.5522620967420844,3.181712682347637,246.64406509399413,252.35970764160157,1.4378053790092855
2025-10-24,259.2458190917969,261.0012332121926,254.65774472843228,255.9144557753844,28655100,3.331363316412478,2.702711851763695,6.3434884837602965,247.31133117675782,253.6802764892578,1.8521522146843645
2025-10-27,268.571533203125,269.43930209007345,263.59448643744673,264.1330942614516,35235200,4.4384389416733825,3.597247640867818,5.844815652626721,248.5690605163574,256.21767578125,2.317690324409234
2025-10-28,266.77618408203125,270.0277373828665,265.80869904433325,268.9904266199372,29738600,-2.214242537905932,-0.6684807952955674,4.219038338533267,249.7843978881836,259.6108459472656,1.7555041270336753
2025-10-29,273.8577880859375,274.6257797911847,266.97569238760303,267.05547147917497,43580300,6.802316606762531,2.6545113193945147,7.650087403581665,251.26405029296876,264.1749725341797,1.7621146529882203
2025-10-30,280.7498779296875,290.8336389163956,279.3335478851562,290.8336389163956,74876000,-10.083760986708114,2.5166674615757945,11.500091031239435,253.04890899658204,269.8402404785156,1.6380073454733606
2025-10-31,280.4606628417969,285.25818441737897,276.3114492340243,282.4754124871923,39267900,-2.0147496453953977,-0.10301521411989478,8.94673518335469,254.83626251220704,274.0832092285156,1.8699956918713796
2025-11-03,282.9840087890625,284.7893110688649,279.07416419046365,281.44799514978297,29786000,1.5360136392795312,0.8997147484775869,5.715146878401242,256.4964424133301,276.9657043457031,1.5025218782541918
2025-11-04,276.8200988769531,280.5404041676455,275.5434202802167,276.03213953132416,30078400,0.7879593456289626,-2.1781831201295843,4.996983887428769,258.08132095336913,278.9744873046875,2.0045116606190936
2025-11-05,283.5725402832031,285.6770830892533,276.6206181949745,278.1466483880774,31010300,5.425891895125744,2.439288705424336,9.056464894278804,260.0606742858887,280.9174377441406,1.9553103411965256
2025-11-06,284.0113830566406,287.60205105478576,280.41076169575746,284.58986519375543,37173600,-0.5784821371148041,0.1547550312873236,7.191289359028303,262.21606903076173,281.5697387695312,1.6766483346229588
2025-11-07,278.1067199707031,283.04389217242976,274.47617771869056,282.4753634096288,34479600,-4.368643438925687,-2.079023390678647,8.5677144537392,264.32358779907224,281.0989501953125,1.9832936320039483
2025-11-10,289.3475036621094,290.0456696400176,282.1262631003564,283.6822445549795,29557300,5.665259107129884,4.041895748722069,7.919406539661168,266.61512756347656,282.37164916992185,2.749824794534611
2025-11-11,290.55438232421875,291.16281590202783,286.5747415369323,287.0036188750348,19842100,3.5507634491839326,0.4171035335831741,4.588074365095508,268.90218048095704,285.118505859375,2.3376879130753667
2025-11-12,285.96630859375,291.2525794490294,282.95415298016115,290.9234183741868,24829900,-4.957109780436781,-1.579075728876489,8.298426468868229,270.6815544128418,285.5972595214844,2.406657888416603
2025-11-13,277.8474426269531,282.1063559927165,276.5208753822851,281.60765291032834,29494000,-3.7602102833752156,-2.8390987759088437,5.585480610431375,272.03353958129884,284.3644714355469,2.7638897481543796
2025-11-14,275.6930236816406,277.8374407083971,269.9978433748845,270.7059931829425,31647200,4.987030498698118,-0.7753963559798183,7.839597333512586,273.18604202270507,283.88173217773436,2.624794232232766
2025-11-17,284.2806701660156,293.1875295999499,282.8344496120376,285.0387085276487,52670200,-0.758038361633055,3.114930646301617,10.353079987912338,274.60584869384763,282.8683654785156,2.2627322525198985
2025-11-18,283.5426025390625,288.05086711584505,277.4783868942568,287.1731753233953,49158700,-3.6305727843327986,-0.2596263849111158,10.57248022158825,276.29246215820314,281.46600952148435,2.2266511951146226
2025-11-19,292.0504455566406,303.02191144888764,285.88648384239787,286.4151077996695,68198900,5.635337756971126,3.0005519246110612,17.13542760648977,278.3431266784668,282.6828369140625,2.5705297185868723
2025-11-20,288.69921875,305.625202125324,287.921243180084,303.75007371618807,62025200,-15.05085496618807,-1.1474821756403353,17.703958945240004,280.1569107055664,284.8531921386719,2.09748676095968
2025-11-21,298.8826904296875,303.1316497984607,293.0877639113642,295.6511046778972,74137700,3.2315857517903055,3.5273637815091963,10.043885887096508,282.1387542724609,289.4911254882812,2.1775586007341308
2025-11-24,317.75360107421875,318.651290855991,308.7969143651049,310.3229443803346,85165100,7.430656693884146,6.3138185143480685,9.854376490886125,284.5978576660156,296.1857116699219,3.0225775316020775
2025-11-25,322.6010131835937,327.9770159307299,316.82602366827604,325.3638169665917,88632100,-2.7628037829979917,1.5255254678428365,11.150992262453883,287.38909912109375,303.9973937988281,2.7386744572447976
2025-11-26,319.1201171875,323.658303098724,315.9683100285969,319.8482042131112,51373400,-0.7280870256112166,-1.0790096291832474,7.689993070127116,289.6522155761719,309.411328125,3.1782894377544753
2025-11-28,319.3494873046875,326.0021995827445,315.9682963529555,322.5312152935296,26018600,-3.1817279888421126,0.0718757937321568,10.033903229788962,291.5821960449219,315.5413818359375,2.929978709260865
2025-12-01,314.0732116699219,319.02033724928003,313.07580560094704,316.8759202886677,41183000,-2.8027086187458394,-1.6521948036608558,5.9445316483329975,293.2628234863281,318.57948608398436,3.1907756099847253
2025-12-02,314.9908142089844,317.554155160306,313.09574872951146,315.9183945655828,35854700,-0.927580356598412,0.29216198802299864,4.4584064307945255,294.86316375732423,318.0269287109375,1.2419833113667633
2025-12-03,318.8009338378906,320.74585757492326,313.2852790244178,315.0706445626379,41838300,3.730289275252744,1.2095970603061446,7.460578550505488,296.9622055053711,317.26691284179685,1.137943955439429
2025-12-04,316.7961120605469,321.52380710663783,313.8837033726762,321.3941698854088,31240900,-4.5980578248619395,-0.6288632072712796,7.64010373396161,298.6233840942383,316.80211181640624,1.0699038391374067
2025-12-05,320.4366455078125,322.32175763971526,318.3421170569229,318.6612638744486,28851700,1.7753816333639065,1.1491723883814142,3.9796405827923422,300.44464721679685,317.01954345703126,1.2213656481833255
2025-12-08,313.11090087890625,319.81785493964355,310.6157547321785,319.4285975207571,33909400,-6.31769664185083,-2.286175670481372,9.202100207465037,302.19485626220705,316.82708129882815,1.4557814426831701
2025-12-09,316.4643859863281,317.3726229056239,311.2944500995635,311.7635388280278,30194000,4.700847158300348,1.0710215128277634,6.078172806060422,303.55070037841796,317.1217956542969,1.5410940509644637
2025-12-10,319.5883178710937,320.6861883612462,314.069055340672,315.2168165746965,33428900,4.371501296397184,0.9871353691282447,6.617133020574215,305.00239715576174,317.2792724609375,1.503920035372814
2025-12-11,311.82342529296875,320.49655652430846,308.0008744502611,319.45856710455377,42353700,-7.635141811585015,-2.429654697596584,12.495682074047352,306.29525299072264,316.28473510742185,1.8786182774594795
2025-12-12,308.68951416015625,314.25866704717134,304.9667450846256,313.0909556884665,35940200,-4.401441528310272,-1.005027486266652,9.291921962545757,307.8373565673828,313.9353088378906,1.7013486583665116
2025-12-15,307.62158203125,310.81538131016634,304.288070405232,310.7155693717638,29151900,-3.09398734051382,-0.3459567234772254,6.527310904934325,309.4337844848633,312.8374450683594,1.4629698138199088
2025-12-16,305.97479248046875,310.1666197797816,302.002508804578,304.3579426322819,30585000,1.6168498481868596,-0.5353296540208108,8.164110975203641,310.51849060058595,310.7395263671875,1.2326573168706751
2025-12-17,296.1439208984375,307.4918412298865,295.54507970361715,307.4120099511304,43930400,-11.268089052692915,-3.212967807685918,11.94676152626937,311.1485565185547,306.05064697265624,1.2555627875669466
2025-12-18,301.8727722167969,303.3698600006946,298.6490626821344,301.1342186567393,33518000,0.7385535600575963,1.9344821602210294,4.720797318560187,311.6396728515625,304.0605163574219,1.8356563072460141
2025-12-19,306.56365966796875,306.65348128006514,300.3856749721532,301.1442091965169,59943200,5.419450471451853,1.5539286358039028,6.26780630791194,312.53289489746095,303.6353454589844,2.050178785933464
2025-12-22,309.1785583496094,309.52788491338026,304.70724534166345,309.2783702904479,26429900,-0.09981194083854916,0.8529708591268559,4.820639571716811,313.04768829345704,303.9467407226563,2.0870951655052545
2025-12-23,313.7396850585937,314.328535898872,308.7194521900694,309.0288478780405,25478700,4.710837180553199,1.4752403055799057,5.609083708802643,312.8469924926758,305.4997192382813,2.1229794995832765
2025-12-24,313.4801940917969,314.4682622711062,311.3144241794057,314.15886656933606,10097400,-0.6786724775391804,-0.08270900340463516,3.153838091700493,312.3909515380859,308.96697387695315,0.7893189941201599
2025-12-26,312.9013366699219,314.4782557314601,311.67371372407564,313.8694546536391,10899000,-0.9681179837172067,-0.18465518166213002,2.804542007384441,312.080012512207,311.1726867675781,0.828583914919872
2025-12-29,312.95123291015625,313.41033130955566,310.0169383701615,310.76548227407176,19621800,2.1857506360844923,0.01594631738086605,3.3933929393941753,311.76009979248045,312.4502014160156,0.7215385932876028
2025-12-30,313.2406616210937,316.3346490163796,311.85334570689247,311.8932765746258,17380900,1.3473850464678776,0.09248364617260307,4.481303309487146,311.7184722900391,313.26262207031243,0.6854829397993046
2025-12-31,312.392333984375,313.9692531312569,310.8353650439947,312.24263128978663,16377700,0.14970269458837038,-0.2708229615939417,3.1338880872621644,311.5885482788086,312.99315185546874,0.14675886212279796
2026-01-02,314.5381164550781,321.87385220157,309.7274673850438,316.28471875384633,32009400,-1.7466022987682095,0.6868870446771203,12.146384816526222,311.37540740966796,313.204736328125,0.37582104910595804
2026-01-05,315.9254455566406,318.4006111389099,314.01915017003046,317.0432662013207,30195600,-1.11782064468008,0.4410686746643133,4.3814609688794235,311.33187408447264,313.80955810546874,0.37484853625700604
2026-01-06,313.72967529296875,320.31686685595974,311.17464821348415,315.7856731700802,31212100,-2.0559978771114515,-0.6950279866830833,9.142218642475598,310.9965255737305,313.9652465820312,0.5518954926174395
2026-01-07,321.3548889160156,325.51677583182123,313.58000462136766,313.7496575108236,35104400,7.605231405192001,2.4305044194261383,11.936771210453571,311.4087249755859,315.5880920410156,1.2026836259633527
2026-01-08,324.80816650390625,329.6786969446188,320.8758135066914,328.3313118537803,31896100,-3.523145349874028,1.0745993625736139,8.802883437927449,311.82591400146487,318.0712585449219,1.1302562066843143
2026-01-09,327.9320983886719,330.1876899539591,325.16745676828174,326.45496079982934,26214200,1.4771375888425382,0.9617775065172474,5.020233185677341,312.24310302734375,320.75005493164065,1.130817697173892
2026-01-12,331.2156982421875,333.3914890456728,324.3690311583512,325.1674658209474,33923900,6.048232421240073,1.001304803540104,9.022457887321593,313.2127166748047,323.80810546875,1.1086251673832115
2026-01-13,335.31768798828125,339.82890107364614,332.97224461379506,334.2996793666924,33517600,1.0180086215888764,1.2384647732168519,6.856656459851081,314.54412536621095,328.1257080078125,0.6180017462134916
2026-01-14,335.1879577636719,335.8666302231012,329.83837890700147,334.40947336413166,28525600,0.7784843995402184,-0.03868875077472911,6.028251316099727,315.92244415283204,330.89232177734374,0.5065751035402792
2026-01-15,332.1339416503906,337.0344130603199,330.09789356603824,336.9944821877514,28442400,-4.860540537360748,-0.911135392111706,6.93651949428164,317.23040161132815,332.35747680664065,0.9054053730616244
2026-01-16,329.3593139648437,334.00028002450074,327.0637915356931,333.7607557246461,40341600,-4.401441759802424,-0.8353942002312875,6.93648848880764,318.89117126464845,332.642919921875,1.0030741412360924
2026-01-20,321.3748474121094,327.0937337673917,319.80788820634325,320.2470363972373,35361000,1.1278110148720657,-2.424241918838399,7.285845561048461,319.86627502441405,330.67474975585935,1.3393028997117935
2026-01-21,327.7424621582031,331.83450818795274,318.729994927537,320.2969541162656,35386600,7.445508041937501,1.9813668671861961,13.104513260415729,320.92521514892576,329.1597045898437,1.6077493197205985
2026-01-22,329.89825439453125,334.49928930997066,328.11172120927307,333.8006666576773,26253600,-3.9024122631460614,0.6577701961876237,6.387568100697592,321.96119995117186,328.1017639160156,1.6803493335186062
2026-01-23,327.2933349609375,333.0421619901957,326.814286347386,331.8444795396569,27280000,-4.551144578719402,-0.789612978818155,6.2278756428097495,322.6388824462891,327.133642578125,1.6702630115157857
2026-01-26,332.61297607421875,335.1879535299186,326.3651202937951,327.1735452193246,26042100,5.439430854894169,1.6253435511957903,8.822833236123529,323.5955215454102,327.784375,1.8220793486257145
2026-01-27,333.90045166015625,337.2539439848537,332.8325522369338,334.71886692218493,21636200,-0.8184152620286795,0.38707918167637523,4.421391747919927,324.6454772949219,330.28949584960935,1.0943731376759505
2026-01-28,335.3576354980469,336.8846637353836,331.2955302242731,335.40752623810386,27434400,-0.049890740056980576,0.43641265851708244,5.589133511110504,325.7657974243164,331.8125305175781,0.860884327061019
2026-01-29,337.5932922363281,341.62545715973704,325.9060355700189,339.6393000059441,39785600,-2.046007769615983,0.6666485273135514,15.719421589718138,326.9834289550781,333.3515380859375,0.8613944726869284
2026-01-30,337.3437805175781,339.33989756206086,331.64487488391205,339.33989756206086,31024000,-1.9961170444827303,-0.07390896812468073,7.695022678148803,328.23100128173826,335.36162719726565,0.6288233295919962
2026-02-02,343.022705078125,344.16047585276425,334.97835654941485,335.5672073695487,32006100,7.455497708576274,1.683423524759764,9.182119303349396,329.6552307128906,337.4435729980469,0.6524016649853629
2026-02-03,339.0504455566406,348.322417578686,336.8148042563824,346.66563680855586,36506700,-7.615191251915235,-1.1580164993975184,11.507613322303598,330.8114807128906,338.47357177734375,1.040663837605862
2026-02-04,332.3934326171875,342.6434831024425,327.8821884154679,342.2941565134455,70618400,-9.900723896258,-1.9634284593031182,14.761294686974566,331.7446685791016,337.8807312011719,1.4436889204720156
2026-02-05,330.6069030761719,332.0441098613053,305.8650224655501,311.6138496060838,88205800,18.993053470088057,-0.5374743799686166,26.179087395755175,332.2072692871094,336.48345336914065,1.3678722111330328
2026-02-06,322.233154296875,329.7385737476322,319.2988903139048,326.54477434837446,56380500,-4.31162005149946,-2.5328414807381017,10.439683433727396,332.0785186767578,333.461328125,1.6331803279645096
2026-02-09,323.6903381347656,327.0637807183464,316.6440476026885,320.3069052195784,39640100,3.3834329151872,0.4522141246049882,10.419733115657891,331.8664306640625,329.5948547363281,1.1743334881409795
2026-02-10,317.9614562988281,321.0454837970353,313.9991629255859,320.3468306795893,39170000,-2.3853743807611636,-1.7698649483792517,7.046320871449382,331.2037185668945,325.37705688476564,1.2070720241527175
2026-02-11,310.35626220703125,320.43665913490463,309.0587983421378,318.3507205277581,45406400,-7.994458320726835,-2.39186037840049,11.377860792766853,329.95564727783204,320.96962280273436,1.281490274534899
2026-02-12,308.40008544921875,315.62601945223736,306.60359228041904,311.4840826487114,47761300,-3.0839971994926714,-0.6303003986133815,9.022427171818322,328.6162536621094,316.52825927734375,1.2672616248227166
2026-02-13,305.12646484375,308.03081891465297,303.1203573871305,307.1325723003695,38499700,-2.0061074566194748,-1.0614849865233866,4.910461527522443,327.26587982177733,313.10692138671874,1.0893970378197766
2026-02-17,301.4336242675781,303.8489392958333,295.67483755264817,299.4574878846074,39247600,1.976136382970708,-1.2102655789175576,8.174101743185133,325.8695953369141,308.65557861328125,0.6824226418600745
2026-02-18,302.7410888671875,304.7871271852118,300.66514046909924,301.5035060024616,28482100,1.23758286472588,0.4337487573877086,4.121986716112531,324.93790740966796,305.61150512695315,1.021478061959688
2026-02-19,302.26202392578125,304.87693233204385,299.4574819671566,301.23402488534225,25834400,1.0279990404389991,-0.15824245833258033,5.419450364887268,323.66388549804685,303.99265747070314,0.6749450024496007
2026-02-20,314.36846923828125,315.885507154404,303.30996428502766,303.7291622459488,53210800,10.639306992332422,4.005281627927126,12.575542869376363,322.88739624023435,305.18633422851565,2.1236587828131968
2026-02-23,310.8852233886719,318.8996316925602,309.2683735389658,318.43054299285177,31423000,-7.545319604179895,-1.1080137451600414,9.631258153594388,322.0669906616211,306.3380859375,2.1317603527863045
2026-02-24,310.29638671875,311.6637220131571,305.33603467292323,309.91711960911005,25615600,0.37926710963995447,-0.18940645152043523,6.327687340233865,320.95116119384767,308.1106384277344,1.983616157404516
2026-02-25,312.2925109863281,313.031095017384,308.8392369672335,311.4541454679639,29963600,0.8383655183642418,0.6432960076288019,4.191858050150529,319.8707641601562,310.0209228515625,1.9815258891071157
2026-02-26,306.783203125,312.53202939170336,301.762970472535,312.0330001798944,36431200,-5.249797054894373,-1.7641498491039131,10.769058919168344,318.4420425415039,310.92515869140624,2.2543394824137364
2026-02-27,311.1547546386719,311.7635557563691,303.21018636103327,303.549553083736,44640600,7.6052015549358885,1.4249644273681694,8.553369395335835,317.12011566162107,310.28241577148435,1.286741478459623
2026-03-02,305.92486572265625,307.8910420913047,300.71499938521333,302.6412753457796,34790200,3.2835903768766457,-1.6807999357389969,7.17604270609138,315.549169921875,309.29034423828125,1.4077473209737885
2026-03-03,302.9906005859375,303.34991750153205,296.13394323483243,298.01029817831704,35497000,4.9803024076204565,-0.9591456810113863,7.215974266699618,313.5475646972656,307.8291870117188,1.4326899408015834
2026-03-04,302.5414733886719,304.87692658824284,300.1660893213747,302.30194909897057,29536200,0.23952428970130768,-0.14823139608854952,4.710837266868111,311.7221160888672,305.8789794921875,1.3184925633170692
2026-03-05,300.2958679199219,302.7111526067185,297.41146402777275,302.4516780897468,35752300,-2.1558101698249175,-0.7422471516376539,5.299688578945734,310.1172378540039,304.5815124511719,1.1685336666771045
2026-03-06,297.9403991699219,299.94650641213514,294.6068875835616,295.515124433063,25576900,2.425274736858853,-0.7843826711022572,5.339618828573521,308.4839126586914,301.9386413574219,0.5499310891687981
2026-03-09,305.9804077148437,306.4198649966507,293.71562375842984,293.99527562141907,29312100,11.985132093424625,2.698529157952967,12.704241238220845,307.67127532958983,301.9497497558594,1.532102067829753
2026-03-10,306.6596069335937,309.1265479913924,305.1914269440574,305.79068968096857,23239700,0.8689172526251241,0.22197474139682427,3.935121047334974,306.8197387695312,302.6835510253906,1.4325821809113901
2026-03-11,308.31756591796875,311.0341973481569,305.5410112597432,306.3699695674413,24125700,1.9475963505274763,0.5406512455140788,5.493186088413722,306.3375442504883,303.83876953125,1.4178633163909358
2026-03-12,303.17388916015625,308.5572255769297,300.65702241451555,306.4398571350748,24928300,-3.265967974918567,-1.6683048020627589,7.90020316241413,305.97842559814455,304.41437377929685,1.6445920352594505
2026-03-13,301.9054870605469,307.3087879643589,300.0677703977713,306.6296377698095,23693100,-4.724150709262631,-0.4183744527350486,7.241017566587573,305.65369567871096,305.2073913574219,1.5971910868951222
2026-03-16,305.1814270019531,306.11026747244654,302.64456537566065,303.97293465389924,23519700,1.2084923480538805,1.0850879105583244,3.46570209678589,305.6564437866211,305.04759521484374,1.0566278360449717
2026-03-17,310.5347900390625,311.03417054952814,305.1214918945171,305.48103123176395,21955200,5.05375880729855,1.7541575480853666,5.912678655011064,306.1115020751953,305.8226318359375,1.3388973137849116
2026-03-18,307.30877685546875,312.08285325242963,306.5497087361953,308.88680583632095,20009800,-1.5780289808521957,-1.0388572511273009,5.533144516234302,306.3398864746094,305.6208740234375,1.4383666472687675
2026-03-19,306.7494812011719,307.67832164750223,301.9754046785898,303.63335165234247,25075800,3.116129548829406,-0.18199794357318666,5.702916968912405,306.5642593383789,306.33599243164065,1.1460651934009651
2026-03-20,300.6270751953125,305.62088043111504,297.9004465638477,305.0815409313132,44364100,-4.454465736000714,-1.9958977540516787,7.720433867267332,305.87718963623047,306.08031005859374,1.5265924128954877
2026-03-23,301.685791015625,305.60094814101865,300.5571860375472,301.7357168812967,29326900,-0.0499258656716961,0.35216915163900353,5.043762103471465,305.41721801757814,305.3811828613281,1.4186646897944373
2026-03-24,290.0801696777344,299.5484356615691,289.97029010977093,298.82932646685043,36864300,-8.749156789116057,-3.84692341618752,9.578145551798173,304.40640716552736,301.2902587890625,1.659060920434642
2026-03-25,290.5695495605469,295.6332754793409,288.8816409209488,293.07644958925243,29460700,-2.5069000287055587,0.16870504569690414,6.751634558392084,303.3202590942383,297.9424133300781,1.7964794349778648
2026-03-26,280.57196044921875,287.5932492331535,278.15494535852446,287.55329025783345,39080600,-6.981329808614703,-3.4406871354718094,9.438303874629014,302.0096969604492,292.7069091796875,1.963191838511943
2026-03-27,274.0001220703125,279.02388928595167,273.6106210828978,276.9364822022131,35890600,-2.936360131900585,-2.342300480911985,5.41326820305386,300.15196533203124,287.3815185546875,1.9799680153835968
2026-03-30,273.1611633300781,276.7467120540596,271.772870758184,276.07755917965534,35141200,-2.9163958495772135,-0.3061891848424425,4.973841295875616,298.51378021240237,281.6765930175781,1.8142030480596802
2026-03-31,287.2037353515625,287.72308014338427,276.74670556560056,277.6955407888773,43875400,9.508194562685219,5.140764466768588,10.976374577783702,297.7244369506836,281.10130615234374,3.307294337067726
2026-04-01,297.0215759277344,300.14767254424095,290.05021252939383,290.47967248402244,37684500,6.541903443711931,3.4184237068344503,10.097460014847115,297.44844207763674,282.39171142578124,3.684811393758857
2026-04-02,295.403564453125,297.71070019384774,289.0914173614996,290.3298713924274,21666500,5.073693060697622,-0.5447454345885783,8.61928283234812,297.2038269042969,285.3580322265625,3.091571623529553
2026-04-06,299.6183166503906,300.2475409865838,294.8142784540748,295.5034260146893,16945500,4.114890635701329,1.4267777049570496,5.433262532508991,297.2877227783203,290.48167114257814,2.441798248523377
2026-04-07,305.08154296875,305.2513457589993,297.3511421656273,302.3549447988444,23205400,2.7265981699056283,1.8233953048785612,7.900203593371998,297.24277954101564,296.8657470703125,2.1442935313356033
2026-04-08,316.9268798828125,321.68096199730417,314.6297110626625,320.0530070056894,33547100,-3.1261271228768805,3.882678971266329,7.051250934641644,297.7561431884766,302.8103759765625,1.7601065121782609
2026-04-09,318.09539794921875,319.1441153425082,310.6746106421415,315.51860784412145,23739200,2.5767901050973023,0.36870273257929576,8.469504700366713,298.2450347900391,307.0251403808594,1.672491500390362
2026-04-10,316.8469543457031,321.4312640320202,315.9281112234418,319.6235089208505,19152600,-2.7765545751473724,-0.39247458830414805,5.503152808578363,298.9286880493164,311.313818359375,1.6292509791925143
2026-04-13,320.91192626953125,321.2315371363443,315.0791651091577,316.74710955552524,18866400,4.164816714006008,1.2829449259571968,6.152372027186573,299.87901000976564,315.5725402832031,1.6304108380281914
2026-04-14,332.49755859375,332.8770926852431,323.3489033390031,324.38762340838895,27721400,8.109935185361053,3.610221801008451,9.528189346240026,301.2448165893555,321.0557434082031,1.9186625438027274
2026-04-15,336.70233154296875,337.0619013824557,330.49003638532656,332.4775916674409,24918800,4.22473987552786,1.2646026536261568,6.571864997129126,302.5531936645508,325.0108337402344,1.5036340884283883
2026-04-16,335.6036682128906,339.458901613874,334.105526677332,338.33029678032364,20541500,-2.7266285674330106,-0.3263010758028928,5.353374936541968,303.9679382324219,328.5124877929687,1.6296354785669707
2026-04-17,341.2566833496094,341.89590508018404,335.8234205588037,337.2316773591919,25581900,4.025005990417469,1.6844318677508463,6.072484521380318,305.69329833984375,333.39443359375,1.4075600373982633
2026-04-20,337.0019836425781,340.97703331198585,336.1929591105031,340.3378420577138,18784200,-3.3358584151356467,-1.246774030993092,4.784074201482724,307.51204376220704,336.61244506835936,1.881405677586511
2026-04-21,331.8783264160156,338.9195798085849,330.9394885663705,337.2716301294484,23123800,-5.393303713432772,-1.5203641151253944,7.980091242214371,309.02167053222655,336.4885986328125,1.4495503582262121
2026-04-22,338.8996276855469,339.3990082413208,334.7547751685775,336.6024588411248,20293000,2.2971688444220604,2.1156251284484062,4.6442330727433045,311.4626434326172,336.9280578613281,1.6722547342152865
2026-04-23,338.4701538085937,341.53632713037314,335.7634893621326,340.7572947145818,18650300,-2.2871409059881103,-0.12672598075311736,5.772837768240549,313.85767364501953,337.5013549804687,1.660644099367057
2026-04-24,343.9732971191406,344.8422143498026,334.9744808477988,338.3103390739037,26426100,5.6629580452369055,1.6258873193466306,9.867733502003773,317.0277404785156,338.044677734375,1.647550433617986
2026-04-27,349.90594482421875,352.7424225666816,342.3053878156813,345.55136124882,28576900,4.354583575398749,1.7247407734162667,10.43703475100034,320.8230316162109,340.62546997070314,1.5414664378439724
2026-04-28,349.3466491699219,351.9833930501032,345.6911799613628,348.11816206941427,27824100,1.228487100507607,-0.1598417124858642,6.292213088740368,324.63230590820314,344.1191345214844,1.092003938675371
2026-04-29,349.5064697265625,355.3492283904879,343.78355752060145,347.1394107424554,35376300,2.367058984107075,0.04574841551232556,11.565670869886446,327.7474426269531,346.2405029296875,0.9653703825801022
2026-04-30,384.3232421875,385.3619622201579,365.3667768501622,373.6065555628184,72040000,10.716686624681586,9.96169612773592,19.99518536999574,332.1125259399414,355.41112060546874,4.184573229150076
2026-05-01,385.2121887207031,386.2808704617397,378.5804000830116,381.1572209075714,30105200,4.054967813131725,0.23130178860466533,7.700470378728085,336.6029571533203,363.6588989257813,4.313526816107162
2026-05-04,382.7751770019531,386.9000650646733,379.31947226185457,385.15223320621686,26298600,-2.377056204263738,-0.6326413831408972,7.580592802818728,340.76080017089845,370.2327453613281,4.5241128921419405
2026-05-05,387.9487609863281,392.33333678038815,383.5442209432822,385.7515048868787,23878600,2.197256099449419,1.3515986132895508,8.789115837105953,344.90416107177737,377.9531677246094,4.401811662169642
2026-05-06,397.546875,399.3546301445318,392.2734176347804,393.7615619135972,31308500,3.785313086402823,2.4740674488222147,7.081212509751424,348.9351608276367,387.5612487792969,4.236739127759492
2026-05-07,397.4969177246094,399.6043194807176,392.1934987581594,399.4245497990884,24433500,-1.9276320744790496,-0.012566386137635721,7.410820722558185,352.9052368164063,390.19598388671875,1.232243962578427
2026-05-08,400.3034362792969,401.5019617899809,395.86893456144384,396.5081562950806,21461800,3.795279984216279,0.7060478784974844,5.63302722853706,357.07806091308595,393.2142333984375,1.2068284001115581
2026-05-11,388.1585083007813,396.9475933307253,387.9887055115338,393.16228042470647,30753700,-5.00377212392516,-3.033930483185232,8.958887819191489,360.4403900146484,394.2908996582031,2.0742498825233002
2026-05-12,386.8701171875,388.0386506028281,382.2957742925754,386.8601198229993,26017500,0.00999736450069122,-0.33192396552671477,5.742876310252711,363.1590179443359,394.0751708984375,1.9954143644204083
2026-05-13,402.1211853027344,403.1998643489371,384.5230197682841,385.1222825184223,28144600,16.998902784312065,3.942167522813045,18.67684458065304,366.4299606323242,394.9900329589844,2.501588412699123
2026-05-14,400.5731201171875,402.430801125594,395.349588612008,396.7878070287349,21136700,3.7853130884525967,-0.3849747892246569,7.081212513585967,369.6784332275391,395.6052734375,2.517004235367902
2026-05-15,396.2884216308594,399.0450119758119,392.69287563304505,395.8290000666237,20309700,0.45942156423569713,-1.0696420381563931,6.352136342766869,372.4300201416016,394.8022705078125,2.5491983374748552
2026-05-18,396.4482421875,408.10376741205215,394.04122422601415,395.1997907850553,26837200,1.2484514024446867,0.040329353046164584,14.062543186037999,375.40233306884767,396.46021728515626,1.9987733618403087
2026-05-19,387.1797180175781,396.65795076850566,385.63162007935824,396.4681837278221,39545700,-9.288465710243997,-2.337890090968886,11.026330689147414,378.16740264892576,396.5221374511719,2.3607817430582494
2026-05-20,388.4281921386719,393.37204141138,382.42562803382646,387.2196997137571,31744400,1.2084924249147662,0.32245338869663076,10.94641337755354,380.64383087158205,393.7835388183594,1.0619640783306619
2026-05-21,387.1797180175781,392.0137179133836,382.5454520468608,385.2221548650084,24852800,1.957563152569719,-0.32141696878892345,9.468265866522756,383.0793090820313,391.1048583984375,1.0668365024902253
2026-05-22,382.49554443359375,388.258385079403,381.2970189068101,386.87012298265273,20442100,-4.374578549058981,-1.209818946087382,6.961366172592932,385.0054214477539,388.3462829589844,1.0815977596874609
2026-05-26,388.398193359375,388.7777274266938,382.12597532411496,384.0336125447445,27747400,4.364580814630472,1.5431941657051196,6.6517521025788255,386.9300338745117,386.73627319335935,1.4760877402323123
2026-05-27,388.3482360839844,393.3919975499695,385.421873594791,386.1909390913781,23087300,2.157296992606291,-0.012862386139989024,7.970123955178508,388.88011322021487,386.9699768066406,1.0039773189161612
2026-05-28,389.6466674804688,391.38450201712897,384.682823662297,387.5193014898567,24357500,2.127365990612134,0.3343471852936819,6.701678354831984,390.88712310791016,387.21367187500005,1.004755643300701
2026-05-29,379.8687744140625,384.7626974671623,377.9910987617443,384.7626974671623,44415800,-4.8939230530997975,-2.5094255597339132,6.7715987054180005,390.6643997192383,385.75148315429686,1.5464796771514704
2026-06-01,375.9037170410156,378.0910063274456,373.0572417592453,376.05352511273605,28672100,-0.14980807172042887,-1.0437966055943604,5.033764568200297,390.19897613525393,384.43311767578126,1.5256059517518894
2026-06-02,361.4017028808594,373.07722234401785,357.99592394061045,366.1358206463617,50412300,-4.734117765502333,-3.8579065603051466,15.081298403407402,389.1303024291992,379.0338195800781,1.755670406296302
2026-06-03,358.54522705078125,365.9960065843375,357.6363508187865,361.5814692403301,55441600,-3.0362421895488296,-0.7903880383817063,8.359655765550997,387.6601257324219,373.0732177734375,1.6300460788885927
2026-06-04,371.7289123535156,372.7875967270043,357.76622059782807,358.4553682250688,44055500,13.273544128446815,3.6769936699972083,15.021376129176247,386.36922760009764,369.4896667480469,2.842573872236998
2026-06-05,368.0734252929688,371.6190149899659,363.6688852043904,365.88613605551615,37471200,2.18728923745266,-0.9833744266495081,7.950129785575484,384.89805297851564,367.13059692382814,2.7058643963251163
2026-06-08,363.0766296386719,365.9647879200631,360.2984165590168,364.9454235864071,27942500,-1.8687939477352415,-1.3575540397462116,5.666371361046288,383.0367126464844,364.5651794433594,2.722326406272211
2026-06-09,364.0260314941406,371.84098522768176,357.0704802123837,366.8542002567408,29535100,-2.8281687626001712,0.2614880105099582,14.770505015298056,381.83008880615233,365.0900451660156,2.0550575898070464
2026-06-10,356.1510925292969,368.3232616719084,354.97185779418805,362.9567158453765,32357100,-6.805623316079618,-2.1632900626697316,13.351403877720372,380.2941375732422,364.61121826171876,2.2920759652300875
2026-06-11,357.5401611328125,358.5694982511428,346.13748714351743,355.70134679025995,35538200,1.8388143425525527,0.3900222778065343,12.432011107625385,378.0650863647461,361.7734680175781,1.0887634417337821
2026-06-12,359.4489440917969,366.3345327833823,354.7119986974298,362.3870579560934,24704600,-2.938113864296497,0.533865329404315,11.622534085952509,376.0088775634766,360.04857177734374,1.218339013189867
2026-06-15,369.1127624511719,372.7504085202595,366.3145426692825,367.6936611370599,27727500,1.4191013141119697,2.6885093191168385,6.435865850976995,374.6500946044922,361.25579833984375,1.719606411092636
2026-06-16,373.01025390625,375.7584875251172,366.8242274297617,369.3626044753487,24876100,3.6476494309013106,1.055908072426437,8.934260095355455,373.4781951904297,363.0526428222656,1.7467797308735844
2026-06-17,363.5563354492188,372.0908279957741,361.78745285393074,368.8929017493238,24543600,-5.336566300105005,-2.5344929148803708,10.303375141843333,372.2970260620117,364.53369140625,1.8903159337290951
2026-06-18,367.7935791015625,369.2426598317581,358.4396065335441,365.5150449761754,44470100,2.278534125387125,1.1654985044087018,10.803053298213968,371.2652954101562,366.584375,1.9181557425686717
2026-06-22,349.45538330078125,358.68946892539066,341.50050477393233,357.72009076397745,52814800,-8.264707463196203,-4.9860021606623395,17.188964151458322,369.3790786743164,364.5856628417969,3.1473106826026123
2026-06-23,345.9076538085937,349.0656275102868,339.98147051143604,340.47114598010614,34007700,5.436507828487549,-1.0152167234276033,9.084156998850744,367.54968414306643,359.94464111328125,2.589100973831115
2026-06-24,345.0682067871094,353.25294826847323,341.7103492701006,348.8157979233392,44997300,-3.7475911362298007,-0.24267951640897234,11.542598998372625,365.3831848144531,354.3562316894531,2.35268939718109
2026-06-25,343.4891967773437,345.34801779729577,335.6242572392167,336.51370015420923,44491400,6.975496623134461,-0.4575935941672715,9.72376055807905,363.1402328491211,350.3428039550781,2.3123640373926997
2026-06-26,337.1732788085937,346.1374872957393,329.98789515004995,342.3299372399904,114706300,-5.156658431396693,-1.838753016981809,16.149592145689326,360.51656341552734,344.2187438964844,1.9334569734304936
2026-06-29,353.4228210449219,354.122383587675,340.4511784786947,341.6104064955248,34213900,11.81241454939709,4.819344609319631,13.671205108980303,359.1942657470703,345.0122314453125,2.6261163754527526
2026-06-30,357.14044189453125,358.3896389689017,350.1749177879227,353.64269008629407,35237200,3.497751808237183,1.0518904349803737,8.214721180978984,358.25610198974607,347.2587890625,2.5377711973395845
2026-07-01,360.97796630859375,362.7368455226467,356.20103798676814,358.1397942573561,26736400,2.8381720512376774,1.0745141025489735,6.535807535878575,358.2349151611328,350.44074096679685,2.4876772436474788
2026-07-02,359.6788024902344,363.97602803095486,353.19298133516355,359.2490860357571,25974800,0.4297164544772727,-0.3599011406831276,10.783046695791313,358.29159393310545,353.678662109375,2.474403757898832
2026-07-06,366.2245788574219,367.693635754559,357.15042523629825,361.3177293642356,26915800,4.906849493186257,1.8198949512364448,10.543210518260764,358.0163772583008,359.4889221191406,1.9233681419956519
2026-07-07,366.7942199707031,372.9202869594668,365.26520405735874,368.8329180211536,24045600,-2.0386980504504777,0.15554420597831964,7.655082902108063,357.9524169921875,362.1632019042969,0.8553314697846155
2026-07-08,361.6875305175781,367.6037106679975,357.79001132287857,364.525702555654,22094800,-2.838172038075868,-1.3922491618141852,9.813699345118948,357.8829620361328,363.07261962890624,1.2471788410834814
2026-07-09,358.65948486328125,359.41897594546776,350.8544734886641,354.0824097063769,24729100,4.577075156904357,-0.8371993499371455,8.564502456803666,357.61463470458983,362.6089233398437,1.227764607477103
2026-07-10,356.9505615234375,357.5901650645865,352.52341441108456,357.30034280387986,18146100,-0.34978128044235746,-0.47647515595333756,5.066750653501913,357.65460815429685,362.0632751464844,1.2344815879433362
2026-07-13,352.2835693359375,357.8999543595846,351.5240477747128,355.9611981097028,15901700,-3.6776287737653206,-1.307461786187314,6.375906584871814,357.39177856445315,359.2750732421875,0.6370540710726517
2026-07-14,359.2790832519531,359.92865963343,350.86447830880365,350.9744235107016,18259400,8.304659741251498,1.9857621884558307,9.064181324626361,357.38328552246094,357.7720458984375,1.3871504626825484
2026-07-15,370.6817626953125,373.4099896327818,357.5302120160503,357.74006858863044,28284600,12.941694106682064,3.173766571699632,15.879777616731474,357.461735534668,359.5708923339844,1.959894519129554
2026-07-16,354.2322998046875,375.02892981037553,352.07368364698067,372.8203579699616,41158500,-18.588058165274106,-4.437624006915575,22.95524616339486,356.52283782958983,358.6854553222656,2.975712308423857
2026-07-17,346.5472412109375,348.2961170979314,341.1407126662452,345.77774679993126,29959300,0.7694944110062352,-2.16949685220329,7.155404431686236,355.6723831176758,356.60479125976565,3.106712936510857
2026-07-20,351.7638854980469,359.4489481797366,350.2948285491913,350.6546131580819,24736600,1.1092723399650026,1.5053198140839052,9.154119630545267,354.8708984375,356.5008544921875,3.189066884845288
2026-07-21,346.927001953125,351.09433677099497,346.77710440528256,351.09433677099497,23369800,-4.167334817869971,-1.3750369905294657,4.317232365712414,354.7444793701172,354.0304382324219,3.0185541207269164
2026-07-22,341.8702392578125,349.7152025525983,341.51048515922605,347.93634723653764,39334100,-6.066107978725142,-1.457586946776701,8.204717393372277,354.5426086425781,348.26813354492185,2.126586327533247
2026-07-23,317.4859313964844,324.2815511558238,314.69771503877246,320.92372412122546,69419700,-3.4377927247410867,-7.1326208196026535,9.583836117051362,353.1634948730469,340.9188598632812,3.1331034528098827
2026-07-24,319.5346069335937,323.97175736278774,317.11617848672984,318.2154780071113,31806600,1.3191289264823922,0.6452807304242025,6.855578876057905,351.96576538085935,335.5163330078125,3.3674251409428604
2026-07-27,326.3502197265625,330.2077559724587,324.2415898017393,324.83120713377,28471600,1.5190125927924782,2.1329811059824344,5.9661661707194185,351.4246124267578,330.4335998535156,3.5187006518239157
2026-07-28,333.4956359863281,335.66425552638333,324.2316014627561,327.68937042492354,29511900,5.806265561404587,2.189493319708058,11.43265406362724,350.4282531738281,327.74732666015626,3.8773149052373035
2026-07-29,336.49371337890625,342.2800028423013,331.40698648547414,334.455045685483,27501600,2.0386676934232355,0.8989854945811171,10.87301635682718,349.3959167480469,326.672021484375,3.909022920496604
2026-07-30,333.4456787109375,336.29385412629074,330.12780397797883,333.98534038388266,30168000,-0.539661672945158,-0.9058221734254301,6.166050148311911,348.01930236816406,329.8639709472656,1.2714581116077817
2026-07-31,355.9012451171875,358.3496530632621,339.78160132747564,340.611054758666,46498000,15.2901903585215,6.734400185679612,18.56805173578647,347.8304244995117,337.1372985839844,2.8241660859309627
2026-08-03,373.2700805664063,376.4480305309448,363.1166033198653,365.2152604560987,38669700,8.054820110307617,4.880240147375647,13.331427211079472,348.1826995849609,346.5212707519531,3.0626123949178727
2026-08-04,377.4074096679688,380.2755612380555,367.263935640354,367.9834743668337,35705700,9.423935301135089,1.1084009453113497,13.011625597701482,348.7133590698242,355.3036254882813,3.1498317121101778
2026-08-05,362.1971740722656,384.2330278418686,356.54080629618977,383.0937455186354,46926300,-20.896571446369762,-4.030189976684529,27.69222154567882,348.7388412475586,360.4443176269532,4.339724154300589
2026-08-06,357.52020263671875,363.8961093831237,356.65076635274994,360.5382517887205,25235900,-3.0180491520017654,-1.2912777267041098,7.2453430303737605,348.68187713623047,365.2592224121094,4.39745987903795
2026-08-07,354.0723876953125,358.6694387836589,353.5527327193329,356.49084652154687,19859900,-2.418458826234371,-0.9643692624860201,5.116706064326024,348.53796844482423,364.8934509277344,3.3116260720488433
2026-08-10,357.29034423828125,357.38028276908574,352.4834362714388,354.951850943437,18991400,2.338493294844227,0.9088414275721046,4.896846497646948,348.7883071899414,361.6975036621094,2.076668180418699
2026-08-11,343.5791320800781,356.5807842683805,343.1694223006263,355.6613923515014,29081800,-12.082260271423252,-3.837554632895135,13.411361967754203,348.00330963134763,354.9318481445313,2.086328642586107
2026-08-12,343.3193359375,346.25744987105145,340.661040926288,346.0875456512855,25012000,-2.7682097137854953,-0.07561464545453589,5.596408944763425,346.635188293457,351.1562805175781,1.7764061369816833
2026-08-13,346.13751220703125,347.7065110877775,343.5392066313974,345.5478948342235,17866100,0.5896173728077656,0.8208615054656532,4.167304456380123,346.2304489135742,348.87974243164064,1.9481134308846386
2026-08-14,345.67779541015625,350.22489088982945,344.27870083870846,346.5772111705174,17808600,-0.899415760361137,-0.13281334171028059,5.946190051120993,346.18697662353514,347.20082397460936,1.947880806974767
2026-08-17,343.7790222167969,347.0269344906474,341.7103446182459,346.04755304110785,18291300,-2.2685308243109716,-0.5492898932390022,5.316589872401494,345.78773345947263,344.4985595703125,1.7941906131705727
2026-08-18,343.9789123535156,344.6484648943574,339.97147845233087,342.19005363605754,19248800,1.7888587174580834,0.058144948877281166,4.676986442026532,345.6403289794922,344.578515625,0.4998321237574687
2026-08-19,344.4985656738281,346.5072842825429,340.44117610948047,342.2400076559886,19733800,2.258558017839505,0.151071272583847,6.066108173062446,345.771745300293,344.8143615722656,0.49878815562639683
2026-08-20,340.451171875,343.6790774504127,338.3525147854226,342.83962071417653,18570400,-2.388448839176533,-1.1748652105159185,5.326562664990092,346.9200073242188,343.6770935058594,0.5437952095158008
2026-08-21,344.5985107421875,345.97762917305914,340.1813365286692,342.359928876986,20849800,2.2385818652015246,1.2181890414259655,5.7962926443899505,348.17320251464844,343.46123657226565,0.890870846589792
2026-08-24,347.83642578125,351.3741604480826,342.2699962782288,343.39927531721605,26338200,4.437150464033948,0.939619568316985,9.104164169853789,349.2475128173828,344.27271728515626,0.9339609452401207
2026-08-25,346.73712158203125,349.9350782600912,345.37800981753963,349.41542326154587,20649700,-2.678301679514618,-0.3160405632474217,4.557068442551554,349.90958709716796,344.82435913085936,0.9664452358070938
2026-08-26,341.7803039550781,346.65717399060424,339.96146577825954,346.3973312516375,20420300,-4.6170272965593995,-1.429560701299304,6.695708212344698,350.1739166259766,344.28070678710935,1.2014963346911856
2026-08-27,340.4311828613281,341.4705233735174,338.3025461528343,339.4518318672432,23391400,0.979350994084939,-0.39473342323650407,3.167977220683099,350.52319183349607,344.276708984375,1.0800634608625868
2026-08-28,346.36737060546875,348.91575095848634,340.0514228221321,340.49114263603377,25347200,5.876227969434979,1.7437262045876256,8.864328136354231,350.04649810791017,344.63048095703124,1.2413534663577812
2026-08-31,339.13201904296875,344.3686432833908,336.94342338566804,343.60912172254496,33493600,-4.4771026795762054,-2.088924124074454,7.425219897722741,348.33959503173827,342.889599609375,1.4549871576823583
2026-09-01,334.8047790527344,336.9834018439635,332.8360433203593,335.7841605001305,23342700,-0.979381447396122,-1.2759750619967591,4.147358523604225,346.20946350097654,340.5031311035156,1.4880782061043063
2026-09-02,336.9034423828125,339.78159726283246,332.6062167342666,333.84541044728496,22582300,3.058031935527538,0.6268319514482146,7.175380528565881,344.9447769165039,339.5277587890625,1.5161731954969129
2026-09-03,342.260009765625,344.4585782378343,339.841550898423,340.34122971001256,20726900,1.9187800556124444,1.5899414220665653,4.6170273394112655,344.18176727294923,339.8935241699219,1.7235270150990738
2026-09-04,338.4599914550781,343.5299987792969,337.0899963378906,342.4700012207031,23189300,-4.010009765625,-1.110272366657461,6.44000244140625,343.4011474609375,338.3120483398437,1.5103956962436287
2026-09-08,338.3599853515625,339.67999267578125,333.2200012207031,335.4200134277344,22915800,2.939971923828125,-0.029547392909179404,6.459991455078125,342.4546295166016,338.1576416015625,1.2015198967382164
2026-09-09,330.6499938964844,331.8500061035156,327.8999938964844,331.6499938964844,33151600,-1.0,-2.2786357101497345,3.95001220703125,341.80817260742185,337.3266845703125,1.5048075063819286
2026-09-10,332.6000061035156,333.2300109863281,327.739990234375,328.2300109863281,23557600,4.3699951171875,0.5897511698251368,5.490020751953125,341.27220611572267,336.46599731445315,1.4995475943245626
2026-09-11,338.5,342.9800109863281,335.0299987792969,335.0299987792969,24708300,3.470001220703125,1.7739007180439081,7.95001220703125,340.8903305053711,335.7139953613281,1.5570618610616982
2026-09-14,349.3900146484375,349.9100036621094,342.1400146484375,343.1199951171875,35905400,6.27001953125,3.2171387439992705,7.769989013671875,341.07594146728513,337.9,2.055211281012326
2026-09-15,344.9800109863281,348.07000732421875,342.70001220703125,346.79998779296875,21928600,-1.819976806640625,-1.2622008292214049,5.3699951171875,341.13599090576173,339.2240051269531,2.224722510274348
2026-09-16,342.8699951171875,348.3999938964844,340.6400146484375,347.0799865722656,18928900,-4.209991455078125,-0.6116342402297192,7.759979248046875,341.08054504394534,341.6680053710937,1.807170119737585
2026-09-17,347.3299865722656,349.5,343.8900146484375,348.67999267578125,19238400,-1.350006103515625,1.3007820802615866,5.6099853515625,341.2221160888672,344.61400146484374,1.8201830923146558
2026-09-18,349.5400085449219,359.44000244140625,348.45001220703125,357.3099975585937,47526100,-7.769989013671818,0.6362888486728613,10.989990234375,341.67655792236326,346.82200317382814,1.7508537265210184
