Date,Close,High,Low,Open,Volume,Daily Price Change,Daily Return,Daily Trading Range,20-Day Moving Average
2021-09-20,282.4476623535156,286.68966885034547,277.8601681732073,284.39590711591853,38278700,-1.9482447624029078,,8.829500677138185,
2021-09-21,282.9275817871094,285.5572543702067,282.22699963878074,283.78175309872546,22364100,-0.854171311616085,0.16991446471703586,3.3302547314259527,
2021-09-22,286.55535888671875,288.1293256872321,282.6492911094491,284.7798868463927,26626300,1.7754720403260649,1.2822281506435607,5.4800345777829875,
2021-09-23,287.49591064453125,288.78194172532284,285.5476653767462,286.81451245521663,18604600,0.6813981893146206,0.32822689530798144,3.234276348576657,
2021-09-24,287.2943420410156,287.72620170617705,284.971789339243,286.21945226743645,14999000,1.074889773579173,-0.07011181587374127,2.754412366934048,
2021-09-27,282.322998046875,284.53035916304015,281.142522901756,284.21366203503686,23571700,-1.8906639881618617,-1.7304009396157505,3.3878362612841215,
2021-09-28,272.10186767578125,279.0694970956445,271.3628882146194,278.12895381807755,43186200,-6.027086142296298,-3.6203676079540337,7.706608881025147,
2021-09-29,272.5626220703125,275.2210568191589,271.6125011755757,273.6183282247758,26353700,-1.0557061544632802,0.16933158102401258,3.608555643583202,
2021-09-30,270.5663452148437,276.23830803362955,270.27840943903544,274.20369075422246,32343600,-3.637345539378771,-0.7324103504382284,5.959898594594108,
2021-10-01,277.4571838378906,278.301748595393,269.96171554788884,270.7582763645691,30086300,6.698907473321526,2.5468203067071205,8.340033047504164,
2021-10-04,271.7084045410156,276.1615536435043,268.9635982922401,275.8256432027342,31350700,-4.117238661718602,-2.0719518656377,7.197955351264227,
2021-10-05,277.13092041015625,278.7048582695295,272.61058282776827,272.61058282776827,24993000,4.520337582387981,1.9957114975153623,6.094275441761226,
2021-10-06,281.3056335449219,281.8047104478072,274.0117300480355,274.270845855537,28002600,7.034787689384871,1.5064046727759628,7.79298039977175,
2021-10-07,282.9755249023437,284.6934445126324,282.0829857802922,283.2922219400396,20430500,-0.31669703769591706,0.5936217260843257,2.6104587323402484,
2021-10-08,282.9755249023437,284.6934445126324,281.929425938561,284.29034626701986,17685700,-1.3148213646761633,0.0,2.7640185740714287,
2021-10-11,282.38055419921875,285.9699246769011,280.960147351055,281.1233138675637,19298600,1.2572403316550549,-0.21025518137310906,5.009777325846073,
2021-10-12,281.0849304199219,283.5418299133524,280.57627613312303,283.44585132765303,17974100,-2.360920907731156,-0.45882188416657144,2.9655537802293566,
2021-10-13,284.37677001953125,285.307706593833,281.67033223174053,283.0331577701654,23416300,1.3436122493658331,1.1711192039685514,3.637374362092487,
2021-10-14,290.5574951171875,291.0565428638463,285.83562301972944,287.16005163079296,27262900,3.397443486394536,2.1734282646334924,5.22091984411685,
2021-10-15,291.9586181640625,292.18897261999524,288.41722227281656,290.1639328949292,25384800,1.7946852691333106,0.4822188621601109,3.7717503471786813,281.40931243896483
2021-10-18,294.9145812988281,295.79751392665924,290.4998302940227,291.34439492137415,22729300,3.570186377453979,1.01245962642027,5.297683632636563,282.0326583862305
2021-10-19,295.8166809082031,296.8435665984587,294.84734720965776,295.9318434687144,17682100,-0.11516256051129403,0.30588504827469,1.9962193888009665,282.67711334228517
2021-10-20,295.0297546386719,297.2275382211196,293.7820916523756,296.75725195686545,16537100,-1.7274973181935707,-0.26601822017449095,3.4454465687439892,283.1008331298828
2021-10-21,298.2449035644531,298.49441277839924,294.0220794692839,294.7994856279611,16918100,3.445417936492049,1.0897710740121358,4.472333309115356,283.6382827758789
2021-10-22,296.709228515625,298.56149475669326,295.40398445260985,297.89928072629334,17449300,-1.190052210668341,-0.5149040370764468,3.1575103040834165,284.10902709960936
2021-10-25,295.7208251953125,296.93966851845744,294.1180674595812,296.9012712194873,17554500,-1.1804460241747847,-0.33312186656858644,2.82160105887624,284.77891845703124
2021-10-26,297.6210632324219,299.81884727726106,296.1718947099922,298.4752347150335,28107300,-0.8541714826116049,0.6425783628374315,3.6469525672688405,286.0548782348633
2021-10-27,310.1551513671875,312.9671459338334,303.2738922540767,303.2738922540767,52588700,6.8812591131107865,4.211425091569332,9.693253679756708,287.934504699707
2021-10-28,311.2875061035156,311.7865536762648,308.4179020167002,311.2682928158976,26297900,0.01921328761801533,0.36509299662979,3.3686516595645912,289.97056274414064
2021-10-29,318.2648010253906,318.62950212965984,310.8557042019177,311.07645205149026,34766000,7.188348973900361,2.2414310838273055,7.773797927742123,292.0109436035156
2021-11-01,316.1053771972656,318.1399943940643,313.2261952874065,318.0152251584686,27073200,-1.9098479612029564,-0.6784991055145739,4.913799106657791,294.2307922363281
2021-11-02,319.7139587402344,320.02107850414706,316.7100076181724,317.00752073679007,26487100,2.7064380034443047,1.14157550085483,3.3110708859746296,296.35994415283204
2021-11-03,320.5489196777344,321.41266839400566,317.33382735020217,320.4529410895813,21500100,0.09597858815305926,0.2611587372631341,4.078841043803493,298.32210845947264
2021-11-04,322.8907165527344,322.9866951586953,316.239812128318,319.4836957053107,23992200,3.4070208474236665,0.7305583426562068,6.746883030377262,300.3178680419922
2021-11-05,322.5259704589844,325.14603666479826,320.9520328371746,324.8773141787061,22570100,-2.35134371972174,-0.11296270690099863,4.194003827623646,302.2953903198242
2021-11-08,323.41851806640625,324.0519416472353,320.97122498059144,323.7160312089624,20897000,-0.2975131425561699,0.2767366628342094,3.080716666643866,304.34728851318357
2021-11-09,322.42041015625,325.07884433236194,321.0575844525398,323.5336680917774,21307400,-1.113257935527372,-0.30861186184499845,4.021259879822139,306.4140625
2021-11-10,317.47772216796875,321.15349346911216,316.63318689786576,321.0959121845267,25500900,-3.6181900165579464,-1.5329947585780768,4.520306571246408,308.06911010742186
2021-11-11,319.0420837402344,320.32811458361215,317.1994240467713,317.90961275273645,16849800,1.1324709874979249,0.49274688050016113,3.1286905368408497,309.4933395385742
2021-11-12,323.1593933105469,323.6488636296379,320.3473992143328,320.4721684555564,23831000,2.687224854990461,1.2905224044564623,3.3014644153050767,311.0533782958984
2021-11-15,322.5355834960937,324.2726876885674,320.57773146516666,323.94638389817203,16723000,-1.410800402078337,-0.19303471517961857,3.694956223400709,312.4344284057617
2021-11-16,325.8370056152344,326.9502927316448,321.9980966435647,322.161233873272,20886800,3.6757717419623646,1.023583842550102,4.952196088080143,313.9354446411133
2021-11-17,326.05816650390625,329.0099268651389,324.9813100529108,325.8851065761686,19053400,0.1730599277376541,0.06787469957694192,4.0286168122280515,315.486865234375
2021-11-18,328.1252746582031,329.2598468353323,324.1351262978114,325.15429587394624,22463500,2.9709787842568858,0.6339691400651049,5.124720537520943,316.9808837890625
2021-11-19,329.8944396972656,331.8078109454933,329.0195159309197,329.442570826056,21963400,0.4518688712096264,0.539173655825631,2.7882950145736345,318.64014434814453
2021-11-22,326.74078369140625,336.2018030638584,326.4715696014347,331.3462958819071,31031100,-4.6055121905008605,-0.9559591270326906,9.730233462423712,320.1911422729492
2021-11-23,324.6736145019531,326.3754584116151,320.7123087229874,324.067875438659,30427600,0.605739063294152,-0.632663350469731,5.663149688627698,321.5437698364258
2021-11-24,324.894775390625,325.1351461786082,321.0488427828943,323.32755315823283,21661300,1.5672222323921687,0.06811791251073451,4.0863033957138555,322.28075103759767
2021-11-26,316.981689453125,324.9139237290462,315.4817784101395,321.47182770530526,24217200,-4.490138252180259,-2.435584237384547,9.432145318906692,322.5654602050781
2021-11-29,323.6640319824219,325.97158534962614,321.8468150001387,322.0391233399611,28563500,1.6249086424607526,2.108116257701087,4.124770349487449,322.8354217529297
2021-11-30,317.8566589355469,324.7697239982536,316.31828027928486,322.40448405275345,42885600,-4.547825117206571,-1.7942596251134924,8.451443718968733,322.92298583984376
2021-12-01,317.36627197265625,326.2119266473579,316.7028757470775,322.22177836447145,33337600,-4.855506391815197,-0.1542792793874037,9.509050900280442,322.8056015014648
2021-12-02,316.799072265625,320.64500484816296,315.17416340213174,317.577871266218,30766000,-0.7787990005929828,-0.17872085256750436,5.470841446031216,322.61810913085935
2021-12-03,310.56866455078125,319.8854381080619,305.7804681645628,319.20276398285586,41779300,-8.634099432074606,-1.9666748612255258,14.1049699434991,322.0020065307617
2021-12-06,313.6261901855469,314.8376683407075,306.93427569570224,311.4724773249387,30032600,2.1537128606081524,0.9844926368177465,7.903392645005283,321.55701751708983
2021-12-07,322.0199584960937,322.8660390443126,317.3856025416364,318.8662948497607,31021900,3.153663646332973,2.6763607674413104,5.480436502676184,321.4870895385742
2021-12-08,322.0679931640625,322.5775780301863,318.0585957516276,322.3948938949593,24761000,-0.3269007308967957,0.014916674169240807,4.518982278558724,321.46946868896487
2021-12-09,320.2699890136719,323.5294010834797,319.3277251227278,321.5295293799617,22214200,-1.259540366289798,-0.5582684987498032,4.201675960751857,321.60908203125
2021-12-10,329.346435546875,329.7887095654795,321.894941380308,322.0776255201496,38095700,7.2688100267254185,2.833998452729092,7.893768185171496,322.12429962158205
2021-12-13,326.3274230957031,330.5483488274046,326.0197414004704,327.5581205344927,28899400,-1.230697438789548,-0.9166677168249482,4.5286074269341725,322.28270111083987
2021-12-14,315.6933898925781,321.75075164875943,311.6263053995195,320.38543259627,44438700,-4.692042703691868,-3.258700449458185,10.124446249239952,321.9405914306641
2021-12-15,321.76025390625,322.2794628998093,312.00120811857875,315.9528888428843,35381100,5.807365063365694,1.9217583287810536,10.278254781230544,321.7367538452148
2021-12-16,312.3858642578125,323.78906948093504,310.5782712717892,322.7794945853097,35034800,-10.393630327497192,-2.913470366407933,13.210798209145821,321.05313873291016
2021-12-17,311.32818603515625,312.4050716507524,305.0304840740271,308.52067208536005,47750300,2.8075139497962027,-0.3385806925576329,7.374587576725332,320.2132843017578
2021-12-20,307.588134765625,310.36680632368035,305.3382673007414,307.7227271735364,28326500,-0.13459240791138427,-1.2013211258388612,5.028539022938958,319.0979690551758
2021-12-21,314.6838073730469,315.10686227817746,307.48227910762097,310.8378750297764,24740600,3.8459323432704764,2.306874617523391,7.624583170556491,318.4951202392578
2021-12-22,320.3661804199219,320.760362669551,313.2031195933652,315.6548897596977,24831500,4.711290660224165,1.8057405286630246,7.5572430761857845,318.2797485351563
2021-12-23,321.798828125,323.4333613707806,319.9143291893332,319.9335482909737,19617800,1.8652798340262962,0.44719068136351847,3.5190321814473577,318.124951171875
2021-12-27,329.2599792480469,329.28882257436214,322.51034746884613,322.5391907951614,19947000,6.720788452885472,2.318576225563085,6.778475105516009,318.7388656616211
2021-12-28,328.1061096191406,330.567504020854,327.21193737349995,329.9329216504245,15661500,-1.8268120312838505,-0.350443327956651,3.355566647354067,318.96096954345705
2021-12-29,328.7791442871094,331.0386060056612,326.59655896072684,328.1541568240536,15042000,0.6249874630557883,0.20512713669063043,4.442047044934384,319.50709381103513
2021-12-30,326.2504272460937,329.91367522578065,325.76968573335654,328.7406647610165,15994500,-2.4902375149227964,-0.7691233111816409,4.143989492424112,319.95130157470703
2021-12-31,323.36602783203125,326.28891555203285,322.91412956697064,325.4716783285754,18000800,-2.105650496544172,-0.884105942300184,3.3747859850622035,320.27964935302737
2022-01-03,321.8564147949219,324.9812343560376,317.07784340008425,322.4333104284771,28865100,-0.5768956335552389,-0.4668434242243724,7.903390955953341,320.8440368652344
2022-01-04,316.3375549316406,322.2891374951324,313.55885476913005,321.9333641110728,32674300,-5.5958091794321945,-1.7146962463984838,8.730282726002372,320.97960510253904
2022-01-05,304.1941833496094,313.5109616978843,303.8095957814697,313.3090290173367,40054300,-9.114845667727309,-3.838738522416474,9.701365916414602,320.0883163452148
2022-01-06,301.790283203125,306.42463822029214,299.4923247910214,301.0883900628225,39646100,0.7018931403025022,-0.7902518450596308,6.932313429270721,319.07443084716795
2022-01-07,301.9441833496094,304.3094237353557,298.14631308588326,302.0499324142328,32720000,-0.10574906462341005,0.050995726188030055,6.163110649472458,318.1581405639648
2022-01-10,302.1653137207031,302.5979928961551,292.9543176051216,297.56942521329626,44289500,4.595888507406869,0.07323551281586127,9.643675291033503,316.79908447265626
2022-01-11,302.84796142578125,304.4151542522141,297.95401590280085,301.30958257691026,29386800,1.538378848870991,0.22591861940484126,6.461138349413261,315.62511138916017
2022-01-12,306.01123046875,310.9532679259109,304.86706317706137,307.35733034753923,34372200,-1.3460998787892322,1.0445072927274701,6.086204748849525,315.14100341796876
2022-01-13,293.0600891113281,308.5207565325556,292.290914231785,308.126544870594,45366000,-15.066455759265864,-4.232243809347535,16.2298423007706,313.7059951782227
2022-01-14,298.2520751953125,298.8481900342401,292.05049734205875,292.5312389014695,39846400,5.720836293842979,1.771645569251179,6.797692692181329,312.99930572509766
2022-01-18,290.99285888671875,297.8674572905509,290.1179057310112,292.3581778205605,42333200,-1.3653189338417633,-2.4339197988278882,7.749551559539668,311.98253936767577
2022-01-19,291.64666748046875,301.8191755170397,291.04095775062984,294.4926786966677,45933900,-2.846011216198974,0.22468200637340008,10.778217766409853,311.18546600341796
2022-01-20,289.9833068847656,299.6462002381442,289.541032877528,297.16558676731063,35380700,-7.182279882545004,-0.5703341684212826,10.105167360616235,309.95044097900393
2022-01-21,284.6278686523437,292.39663994676283,284.22403280045586,291.0313502433303,57984400,-6.403481590986587,-1.846809145655437,8.172607146306973,308.163525390625
2022-01-24,284.9546813964844,285.6661693505516,265.4173418936867,280.94531414889065,85731500,4.00936724759373,0.11482106291560434,20.248827456864944,306.3213180541992
2022-01-25,277.3782043457031,283.6278434641429,274.18610328061175,280.29149648415216,72848600,-2.9132921384490373,-2.658835788782632,9.44174018353118,303.727229309082
2022-01-26,285.2816162109375,296.61750913568017,281.7433657696805,296.1271434101873,90428900,-10.845527199249773,2.84932692670552,14.874143365999657,301.58600463867185
2022-01-27,288.29107666015625,295.46373205879246,286.4546404978711,291.0024659264915,53481300,-2.7113892663352317,1.0549086510339922,9.009091560921377,299.56160125732424
2022-01-28,296.38677978515625,296.5983072336974,283.1087009699881,288.666071926605,49743700,7.720707858551236,2.8081698604023764,13.489606263709334,298.0684188842773
2022-01-31,299.0020446777344,300.34811523788875,294.5695920371354,297.05023502997614,46444500,1.951809647758239,0.8823824377301337,5.778523200753341,296.8502197265625
2022-02-01,296.8675537109375,298.6655225486515,293.37736510025144,298.45399507703,40950400,-1.5864413660925152,-0.7138716957930669,5.288157448400057,295.6007766723633
2022-02-02,301.3864440917969,302.9825093458668,296.9828649919706,297.703977220742,36636000,3.682466871054885,1.5221907292904957,5.999644353896201,294.8532211303711
2022-02-03,289.6468200683594,299.2424331685659,288.4064984985747,297.5694324128608,43730000,-7.922612344501431,-3.8952063882016663,10.835934669991218,294.12585296630857
2022-02-04,294.1561279296875,296.9059553802916,288.4160729228112,288.64681946632084,35096500,5.509308463366665,1.556829748817501,8.489882457480348,293.74414520263673
2022-02-07,289.3583374023437,295.9829403994106,288.3487625883948,294.37728012769503,28533300,-5.018942725351337,-1.631035382846291,7.634177811015832,293.11485290527344
2022-02-08,292.8292541503906,293.7907371307484,288.3968316951647,289.646747832777,32421200,3.1825063176136155,1.1995219419652425,5.393905435583747,292.64804992675784
2022-02-09,299.22314453125,299.9154135304483,295.5503014236904,297.9347607103794,31284700,1.2883838208705924,2.1834875751777227,4.365112106757863,292.46680908203126
2022-02-10,290.7332458496094,297.21363213902004,289.1179613871902,292.3293112144285,45386200,-1.5960653648191396,-2.837313502249472,8.095670751829857,291.7029098510742
2022-02-11,283.676025390625,292.56974542474626,282.8876020860272,291.51210798469305,39175600,-7.836082594068046,-2.427386808949583,9.682143338719072,291.23370666503905
2022-02-14,283.6374816894531,285.3297011391844,280.1280746488406,282.45484705008886,36359500,1.1826346393642666,-0.013587225469191555,5.201626490343813,290.5029769897461
2022-02-15,288.8968200683594,289.2140965718555,285.57969173022536,288.4545460706531,27058300,0.442273997706252,1.8542466064709107,3.6344048416301575,290.39817504882814
2022-02-16,288.5595703125,289.8795209046397,282.9521619228768,287.4708433561213,29982100,1.0887269563787072,-0.11673709519529618,6.927358981762893,290.2438201904297
2022-02-17,280.1100158691406,285.95826419364323,279.40667124960413,285.5343344781432,32461600,-5.424318609002569,-2.9281837487520557,6.5515929440391005,289.7501556396484
2022-02-18,277.412353515625,283.12573269238646,275.8515343249377,282.3453230970428,34264000,-4.932969581417808,-0.9630724360730758,7.274198367448776,289.3893798828125
2022-02-22,277.2099304199219,280.8903974019096,274.1075520292779,274.58928762159644,41736100,2.6206427983254343,-0.07296830625522777,6.782845372631698,289.00214233398435
2022-02-23,270.03204345703125,281.04454083688285,269.8682698302373,279.58004589911764,37811200,-9.548002442086386,-2.5893325509722676,11.17627100664555,288.6348342895508
2022-02-24,283.82891845703125,284.37810398388814,261.60163542289047,262.55549170711595,56989700,21.273426749915302,5.109347329068159,22.77646856099767,288.5621994018555
2022-02-25,286.4495849609375,286.7579027637684,280.9963351099328,284.3588691791243,32546700,2.0907157818131736,0.923326107203204,5.761567653835641,288.47012481689455
2022-02-28,287.8755798339844,288.2128006483137,282.2970731254426,283.559218096748,34627500,4.316361737236377,0.49781704981046726,5.915727522871123,288.04456481933596
2022-03-01,284.17578125,289.0123950516136,281.4780448269364,285.5727965486782,31217800,-1.397015298678184,-1.2852075143428343,7.534350224677212,287.3032516479492
2022-03-02,289.224365234375,290.4576069527269,282.9714477799345,284.5707837842269,31873000,4.653581450148124,1.776570811969913,7.486159172792384,286.9210922241211
2022-03-03,285.1103515625,292.0569692471533,283.3086360922176,291.82574561580225,27314500,-6.715394053302248,-1.4224298386967482,8.748333154935665,286.10728759765624
2022-03-04,279.271728515625,284.8598787290603,276.68001821827283,283.53992798121607,32356500,-4.268199465591067,-2.047846742455117,8.179860510787478,285.58853302001955
2022-03-07,268.7218322753906,279.1080535864359,268.3557084109104,277.9904231485337,43157200,-9.268590873143069,-3.7776456271849668,10.752345175525534,284.3168182373047
2022-03-08,265.7735290527344,273.58726615536074,260.1372168079997,267.6522801991081,48159500,-1.8787511463737019,-1.0971580528800429,13.450049347361016,283.13757781982423
2022-03-09,277.96148681640625,279.0213111908961,270.52348675563985,273.0863240965653,35204500,4.875162719840944,4.585843370900022,8.497824435256234,282.394189453125
2022-03-10,275.1576843261719,276.1307994626257,270.3306851201847,272.6815567548242,30628000,2.4761275713476607,-1.00870178899507,5.80011434244102,281.19091644287107
2022-03-11,269.83935546875,278.9345249185214,269.22271985726513,277.441127086034,27209300,-7.601771617283987,-1.9328294866435725,9.711805061256257,280.14622192382814
2022-03-14,266.34197998046875,274.9746736705197,265.744632542936,270.0995117672135,30660700,-3.757531786744778,-1.296095405433284,9.230041127583661,279.27951965332034
2022-03-15,276.6607666015625,277.3063052834026,268.54835505285934,270.1091737905865,34245100,6.55159281097599,3.8742621879774397,8.757950230543258,278.9306838989258
2022-03-16,283.63623046875,283.8096481851476,272.854988057363,278.54907556535204,37826300,5.087154903397959,2.521305768386495,10.954660127784564,278.6676544189453
2022-03-17,284.4359741210937,284.81171260660994,278.7996616158856,282.5764817272433,30816600,1.8594923938504166,0.2819610354509283,6.012050990724333,278.46147460937493
2022-03-18,289.45562744140625,290.00481304770483,282.0369173074508,284.58046582678224,43390600,4.875161614624005,1.764774422723181,7.9678957402540505,278.92875518798826
2022-03-21,288.2320556640625,289.17626805109586,284.1276588300462,287.9719290179041,28351200,0.26012664615842596,-0.4227148002473813,5.048609221049674,279.46974029541013
2022-03-22,292.9530029296875,293.85866806216893,287.856232880349,288.8486068783485,27599700,4.104396051338995,1.63789806610799,6.002435181819919,280.25689392089845
2022-03-23,288.54998779296875,292.1533901687108,286.84465430957243,289.5327472603568,25715400,-0.982759467388064,-1.502976618326568,5.30873585913838,281.1827911376953
2022-03-24,292.9916381835937,293.0879911974356,287.42277505614976,288.21282860571665,24484500,4.778809577877041,1.5393001485107582,5.665216141285839,281.64092712402345
2022-03-25,292.5868530273437,294.34037722493025,288.35723081756106,294.0802506516708,22566500,-1.4933976243270877,-0.1381558732390653,5.9831464073691905,281.9477905273437
2022-03-28,299.3505249023437,299.4468485037341,293.2131884282858,293.2131884282858,29578200,6.137336474057918,2.3116800379160862,6.233660075448313,282.5215377807617
2022-03-29,303.888427734375,304.2834544196327,297.7607361570676,302.4432210627125,30393400,1.445206671662504,1.515916109888793,6.522718262565093,283.50717010498045
2022-03-30,302.39508056640625,304.40876140768165,300.1983672332794,302.298756961056,28163600,0.09632360535027829,-0.4914129765000719,4.210394174402268,284.165705871582
2022-03-31,297.0477600097656,303.6282838118876,296.6431186303352,302.43355970417105,33422100,-5.385799694405421,-1.7683226018838427,6.985165181552418,284.7625762939453
2022-04-01,298.11724853515625,298.8013048013512,294.37897586444814,298.0690573372068,27110500,0.048191197949449815,0.36003924936363063,4.422328936903057,285.70485229492186
2022-04-04,303.46453857421875,303.59940925877385,298.3966704273003,298.76279420407815,24289600,4.701744370140602,1.7936869018271295,5.202738831473539,287.4419876098633
2022-04-05,299.5239562988281,303.36819729800135,298.550840896908,301.8266373690895,23156700,-2.3026810702613716,-1.2985313848876134,4.8173564010933205,289.12950897216797
2022-04-06,288.5595703125,295.7856029580551,285.8714779355689,294.041722765152,40110400,-5.482152452651974,-3.660604020397362,9.91412502248619,289.65941314697267
2022-04-07,290.3612976074219,292.5580106672026,285.5246829888432,285.8233566950077,31411200,4.537940912414172,0.6243866016887534,7.033327678359399,290.41959381103516
2022-04-08,286.1220397949219,290.1204393434208,285.4572423231668,289.4652859924413,24361900,-3.34324619751942,-1.4599940995688843,4.663197020254017,291.2337280273438
2022-04-11,274.83984375,281.9213345739858,274.589331792798,281.13131042163127,34569300,-6.2914666716312695,-3.9431412040150438,7.332002781187782,291.6586212158203
2022-04-12,271.75665283203125,280.1195748223672,270.24399616662504,278.6743681898196,30966700,-6.917715357788325,-1.1218136627865638,9.875578655742174,291.4134155273438
2022-04-13,277.113525390625,278.03844932142886,271.02438159032954,272.40216747180386,21907200,4.711357918821136,1.9712019936839464,7.014067731099317,291.0872802734375
2022-04-14,269.60821533203125,277.77846418929414,269.1168648638184,277.5664992844204,28221600,-7.958283952389138,-2.7083882131029524,8.66159932547572,290.34589233398435
2022-04-18,270.2729797363281,272.14211655748016,268.1726191938997,268.7218049347441,20778000,1.5511748015840112,0.24656682047992096,3.9694973635804445,289.38675994873046
2022-04-19,274.8783569335937,275.7166016837058,268.2400548017216,269.17462316196963,22297700,5.703733771624059,1.703972480622551,7.476546881984177,288.71907501220704
2022-04-20,275.8995056152344,279.1175242117715,274.9456788580056,278.82846530763106,22906700,-2.9289596923966883,0.3714911181193381,4.171845353765946,287.86640014648435
2022-04-21,270.5523681640625,282.5861150592423,269.82976470304897,278.03852943515125,29454600,-7.486161271088747,-1.9380743141413692,12.756350356193309,286.9665191650391
2022-04-22,264.0200500488281,272.8550951713469,263.393799558569,271.3905999171648,29405800,-7.3705498683366955,-2.414437603914521,9.46129561277786,285.51793975830077
2022-04-25,270.4656677246094,270.84140624661075,260.8791164146194,263.3070829372568,35678900,7.158584787352595,2.4413364343311095,9.96228983199137,284.41188049316406
2022-04-26,260.3492736816406,268.1919165159082,260.1373087724541,267.3633451272445,46518400,-7.014071445603861,-3.7403616244814364,8.054607743454085,282.4618179321289
2022-04-27,272.87432861328125,280.34123080111425,268.9626376903315,271.7952455176826,63477700,1.0790830955986621,4.8108660932761005,11.378593110782731,280.9111129760742
2022-04-28,279.0501708984375,280.35086291082894,271.1785981856094,274.77235637930573,33646600,4.277814519131766,2.2632551462577144,9.17226472521952,279.7438674926758
2022-04-29,267.3825378417969,279.29105809866707,266.3998077256145,278.0674307607547,37073900,-10.684892918957814,-4.181195452801623,12.891250373052571,278.26060638427737
2022-05-02,274.0785827636719,274.5314152870126,266.12994741338053,267.56550972229473,35151100,6.51307304137714,2.5042940260507462,8.401467873632043,277.0586730957031
2022-05-03,271.48687744140625,273.7510403407447,269.91641488989063,273.5872373213016,25978600,-2.1003598798953362,-0.9456066563582444,3.8346254508540483,275.4597900390625
2022-05-04,279.38739013671875,280.25450833918546,266.621396692136,272.26732383050563,33599300,7.120066306213118,2.9100900823531006,13.633111647049475,274.45296173095704
2022-05-05,267.2186889648437,275.8899280048962,264.3186318325519,275.1095188435156,43260400,-7.890829878671923,-4.355494056449816,11.571296172344319,273.3859176635742
2022-05-06,264.6944580078125,269.0493373232532,261.360826427268,264.77152276793004,37780300,-0.07706476011753693,-0.9446311434314736,7.688510895985189,272.1025756835937
2022-05-09,254.9151763916016,262.4109805408289,253.70122277240785,260.19500872248045,47726000,-5.279832330878861,-3.694554729182231,8.70975776842107,270.54223251342773
2022-05-10,259.6554870605469,263.7502396394238,255.3873167232384,261.76549132988686,39336400,-2.1100042693399814,1.8595639286941523,8.362922916185397,269.78301467895506
2022-05-11,251.03237915039065,261.447499215182,249.82804029550908,255.9749905152732,48975900,-4.942611364882538,-3.3209804297898327,11.619458919672923,268.74680099487307
2022-05-12,246.0223846435547,250.38690814257984,240.88708121967693,248.27690379509,51033800,-2.2545191515353054,-1.9957562939856954,9.499826922902912,267.1922439575195
2022-05-13,251.58160400390625,253.4314817110564,246.0223855668309,247.94932803549173,34925100,3.6322759684145183,2.2596396536867847,7.409096144225487,266.2909133911133
2022-05-16,251.9477386474609,256.1099416160169,246.43668177320907,250.4639846497905,32550900,1.4837539976704193,0.1455331541446725,9.673259842807823,265.3746513366699
2022-05-17,257.0733337402344,258.5281549249977,252.87258498124663,256.38924817495007,28828800,0.6840855652843061,2.0343882109398415,5.655569943751061,264.48440017700193
2022-05-18,245.368896484375,254.5625084413424,244.10381205020883,253.98307348210693,31356000,-8.614176997731931,-4.552956576852263,10.458696391133572,262.957869720459
2022-05-19,244.46116638183597,248.83587017478328,243.24437042893047,245.1951046927819,32692300,-0.7339383109459447,-0.3699450564211282,5.591499745852815,261.65330963134767
2022-05-20,243.90103149414065,249.6760190694131,237.99085911430905,248.42057161150723,39199300,-4.519540117366574,-0.22913041608433327,11.68515995510404,260.6473587036133
2022-05-23,251.71368408203125,252.5345479716084,244.7412185194128,246.73060439189263,33175400,4.983079690138624,3.2032060463337064,7.793329452195593,259.7097595214844
2022-05-24,250.71897888183597,252.3703436440929,244.80880649372511,249.0483104249833,29043900,1.6706684568526668,-0.3951732714980727,7.561537150367798,259.22824478149414
2022-05-25,253.5195159912109,255.50888672812104,248.31432695707375,249.28970863330227,28547900,4.229807357908641,1.1170024390913191,7.194559771047295,258.2605041503906
2022-05-26,256.7836303710937,257.9521373499767,252.46688284359203,253.27807996316005,25002100,3.50555040793364,1.2875199635502321,5.485254506384649,257.1471771240234
2022-05-27,263.8719787597656,263.9685561619244,258.3867241840581,259.2751950241192,26910800,4.596783735646397,2.760436239034436,5.5818319778663295,256.9716491699219
2022-05-31,262.5489807128906,265.3495488346776,259.70977573202504,263.1863562668899,37827700,-0.6373755539992771,-0.5013787568855399,5.639773102652555,256.3951690673828
2022-06-01,263.0801696777344,268.1694785962378,260.7817625947678,265.7648569786376,25292200,-2.6846873009032493,0.20231994936770192,7.3877160014699825,255.9748336791992
2022-06-02,265.1661071777344,265.2337143251771,252.63114082746247,255.38343546239253,44008200,9.782671715341849,0.7928904343323273,12.602573497714644,255.26376953125
2022-06-03,260.76239013671875,264.0748154478667,259.2076029156242,261.04245577782234,28059000,-0.2800656411035902,-1.660739031803915,4.86721253224249,254.94095458984376
2022-06-06,259.53594970703125,264.7797759619563,258.0584066884809,262.73246453455715,22400300,-3.1965148275259025,-0.4703287268706502,6.721369273475432,254.6830291748047
2022-06-07,263.15740966796875,263.76581500022235,256.82231988834405,257.49833236224606,22860700,5.65907730572269,1.395359665982876,6.943495111878292,255.09514083862305
2022-06-08,261.1390075683594,263.64020598603173,260.3664178533954,262.3944253321601,17372300,-1.2554177638007218,-0.7669942116226292,3.273788132636355,255.16931686401367
2022-06-09,255.71176147460935,263.36021011485053,255.55724349069743,258.5992407787773,26439700,-2.887479304167954,-2.078297740458912,7.8029666241531,255.4032859802246
2022-06-10,244.31626892089844,251.64602827171365,243.87203349036625,251.64602827171365,31422800,-7.329759350815209,-4.456381860574843,7.7739947813473975,255.3179801940918
2022-06-13,233.9541473388672,240.48239119497188,233.249179404128,236.70644141538563,46135800,-2.7522940765184387,-4.241273668674994,7.233211790843882,254.43660736083984
2022-06-14,236.1077117919922,237.3148557778769,233.2298699199791,235.49930650770008,28651500,0.6084052842921039,0.9205070641495006,4.084985857897777,253.6446060180664
2022-06-15,243.12844848632807,246.54708847653447,237.97153296010552,239.796734061438,33111700,3.331714424890066,2.9735312925827095,8.575555516428949,252.9473617553711
2022-06-16,236.5712432861328,238.93724247462407,234.68810167633956,237.5466102902709,33169200,-0.9753670041380929,-2.6970127276421896,4.249140798284515,252.507479095459
2022-06-17,239.15933227539065,241.91162613162425,235.6634484215488,236.3104757531048,43084800,2.8488565222858426,1.0939998257216477,6.248177710075453,252.2423873901367
2022-06-21,245.04058837890625,246.01595545881756,240.95560233610817,241.67988876042264,29928300,3.3606996184836078,2.4591371984361343,5.060353122709387,252.299365234375
2022-06-22,244.45150756835935,248.3530054561835,241.78612402987773,243.25401534558893,25939900,1.1974922227704212,-0.2404013206318334,6.56688142630577,251.9362564086914
2022-06-23,249.9850311279297,250.47755532769023,244.93435931975776,246.8078492299289,25861400,3.177181898000782,2.2636487762395685,5.543196007932465,251.8995590209961
2022-06-24,258.52197265625,258.79237173531016,252.74698510975716,252.8338959418169,33923200,5.688076714433095,3.4149810849880557,6.045386625552993,252.14968185424806
2022-06-27,255.8082733154297,259.1013356957246,254.25345676244663,259.01442487792315,24615100,-3.20615156249346,-1.0496977540971564,4.84787893327794,252.10091400146484
2022-06-28,247.6866455078125,257.7590479870569,247.5321275390069,254.9295095195721,27295500,-7.242864011759593,-3.174888639196849,10.226920448049981,251.2916473388672
2022-06-29,251.33706665039065,252.98843151702383,246.9913331816008,248.75859390135693,20069800,2.578472749033722,1.473806201821648,5.997098335423033,250.73105163574218
2022-06-30,248.024658203125,250.63210141382956,244.22940398394076,248.23711675711792,31730900,-0.21245855399291713,-1.3179148190955892,6.4026974298888035,249.97827606201173
2022-07-01,250.68035888671875,250.86384714723536,245.8807675120281,247.59975426359932,22837700,3.0806046231194273,1.0707405879857301,4.983079635207275,249.25398864746094
2022-07-05,253.8382110595703,253.96375873358917,246.0062612828108,247.3775749086168,22941000,6.460636150953519,1.259712642376809,7.957497450778362,248.90777969360352
2022-07-06,257.0830383300781,258.8020102285566,253.4036657301254,254.70738716056056,23824400,2.3756511695175675,1.2783052862542998,5.398344498431186,248.78513412475587
2022-07-07,259.19793701171875,259.8353125390256,255.9338151315505,256.0303925395583,20859900,3.1675444721604435,0.8226519708878,3.9014974074751194,248.58716049194337
2022-07-08,258.4833374023437,258.9082544536916,254.26316663768768,255.71173945693104,19658800,2.771597945412651,-0.27569648802519,4.645087816003922,248.4543769836426
2022-07-11,255.44134521484372,257.3920793720454,253.1912122224075,256.5422452532518,19455200,-1.1009000384080707,-1.1768620051376577,4.2008671496378724,248.44085617065429
2022-07-12,244.97296142578125,256.8222904951569,243.3988410088484,256.76434994360125,35868500,-11.791388517819996,-4.098155598208986,13.423449486308499,248.47369079589845
2022-07-13,244.05552673339844,244.8570720526818,239.60357943296265,241.6122686543637,29497400,2.4432580790347345,-0.37450447063349657,5.25349261971914,248.978759765625
2022-07-14,245.368896484375,246.3925521414669,237.50797609226328,241.9792417590841,25102800,3.38965472529091,0.5381438267576089,8.884576049203616,249.44181900024415
2022-07-15,247.9184112548828,251.44326589652985,246.03526953214475,246.9526960395664,29774100,0.9657152153164077,1.0390537704807024,5.407996364385099,249.6813171386719
2022-07-18,245.53309631347656,251.89715611893087,244.6156697955208,250.84453005870415,20975000,-5.311433745227589,-0.9621370713585042,7.281486323410064,250.12940979003906
2022-07-19,250.632080078125,250.8155683351032,244.9826399167173,248.7489235338921,25012600,1.8831565442328895,2.076699166510121,5.8329284183859045,250.7030471801758
2022-07-20,253.27816772460935,255.78903366259863,250.03337812201053,250.9894269386164,22788300,2.2887407859929567,1.0557657446163882,5.755655540588094,251.11492614746095
2022-07-21,255.7600555419922,255.80835899336088,248.2178208456123,250.8832047027095,22404700,4.876850839282696,0.9799059428136081,7.590538147748589,251.68035354614258
2022-07-22,251.43360900878903,256.23321499283503,250.18785755232344,256.14630415666,21881300,-4.71269514787096,-1.6916036884785601,6.045357440511594,251.75278244018554
2022-07-25,249.95602416992188,252.5344964316374,248.00529029472085,252.05163888587904,21056000,-2.0956147159571685,-0.5876640138492872,4.529206136916542,251.32448501586913
2022-07-26,243.26364135742188,250.9700588947091,241.01353801634696,250.95072573000823,39348000,-7.687084372586355,-2.6774240927878057,9.956520878362142,250.69725341796874
2022-07-27,259.5263366699219,260.79142143505817,249.9754270752348,252.2062272013175,45994000,7.320109468604386,6.685214124787997,10.815994359823378,251.28923797607422
2022-07-28,266.9333190917969,268.3142846363358,258.68610373864,260.5016528744498,33459300,6.431666217347072,2.85403882970674,9.628180897695813,252.06905059814454
2022-07-29,271.1148681640625,272.33167871252647,267.1457929503217,268.1791152582621,32152800,2.9357529058004275,1.5665144712892154,5.185885762204748,253.22356109619142
2022-08-01,268.4784851074219,271.63636311853617,266.38287021128184,268.2949968665544,21539600,0.18348824086746163,-0.9724228975318439,5.253492907254326,254.11346740722655
2022-08-02,265.3978881835937,268.3626412541174,263.0415404728972,266.537425174636,22754200,-1.1395369910422914,-1.1474278553812556,5.321100781220196,254.69145126342772
2022-08-03,272.7856140136719,273.7802996377368,267.12650678074345,267.2713876591738,23518900,5.514226354498078,2.783641528062053,6.653792856993334,255.47658004760743
2022-08-04,273.9251708984375,274.070022316073,270.5645001241118,272.1385914908116,18098700,1.7865794076258794,0.4177481605421196,3.5055221919611768,256.2129417419434
2022-08-05,273.2104797363281,273.92509952465934,269.1254939956156,269.57938130013923,16774600,3.6310984361888927,-0.26090744408967526,4.799605529043731,256.9492988586426
2022-08-08,270.709228515625,276.1172382628998,269.7435135418717,274.31132650610414,18739200,-3.6020979904791375,-0.9155033961790404,6.373724721028054,257.71269302368165
2022-08-09,272.62139892578125,273.3746556298809,268.09219211802474,270.05262233660574,23405200,2.5687765891755134,0.7063558271142911,5.282463511856179,259.09511489868163
2022-08-10,279.2462158203125,279.8739248174104,277.1023268586765,278.29016718582943,24687800,0.9560486344830679,2.4300428802123575,2.771597958733878,260.85464935302736
2022-08-11,277.1795349121094,281.22588350260514,276.6870402559907,280.8782402159332,20065900,-3.6987053038238287,-0.7400927178662253,4.5388432466144195,262.44518127441404
2022-08-12,281.90191650390625,281.90191650390625,277.10231096943915,278.58952057102715,22619700,3.312395932879099,1.7037266453651778,4.799605534467105,264.14435653686525
2022-08-15,283.408447265625,284.09409682100915,280.1636287959346,281.02312948938925,18085700,2.385317776235752,0.5344166440591991,3.9304680250745605,266.03812408447266
2022-08-16,282.6744689941406,283.958886627976,280.4630025536895,281.9791529178918,18102900,0.6953160762488437,-0.25898249631086667,3.4958840742865505,267.64024353027344
2022-08-17,281.9293212890625,283.8938831580585,280.1389500408416,280.4002359720042,18253400,1.529085317058275,-0.26360629869744967,3.754933117216865,269.0728012084961
2022-08-18,280.8163757324219,282.50027733774294,279.76148592010856,280.8357203997343,17186200,-0.019344667312452657,-0.3947604851995967,2.7387914176343884,270.32561721801756
2022-08-19,276.92596435546875,279.9260419302894,276.35498651754625,279.5873182545467,20570000,-2.6613538990779375,-1.3853933435349686,3.571055412743135,271.60023498535156
2022-08-22,268.7966613769531,273.35482511498725,268.2837472368672,272.98706978174897,25061100,-4.190408404795846,-2.935551022612193,5.071077878120036,272.5422668457031
2022-08-23,267.52899169921875,269.8709667468448,266.5225077065828,267.52899169921875,17527400,0.0,-0.47160916033723854,3.3484590402619574,273.75553436279296
2022-08-24,266.8999328613281,268.29351690361904,266.24183017802443,266.5321774149117,18137000,0.36775544641642455,-0.23513669823039818,2.0516867255946067,274.1242141723633
2022-08-25,269.8612976074219,270.0258011315452,265.67085828538086,268.39027578883355,16583400,1.4710218185883264,1.1095412105751157,4.354942846164363,274.2706130981445
2022-08-26,259.4480895996094,271.3032096749944,259.34164963640063,270.08381644498274,27549300,-10.63572684537337,-3.858725982619793,11.961560038593746,273.68727416992186
2022-08-29,256.6803283691406,258.7803619357156,255.34480790841272,257.2803379595906,20338500,-0.6000095904499858,-1.0667880556530895,3.4355540273028566,273.0973663330078
2022-08-30,254.49317932128903,258.44164777603345,252.2576443926584,258.07392186121353,22767100,-3.5807425399245005,-0.8520906380897975,6.184003383375057,272.55213088989257
2022-08-31,253.04153442382807,258.4997140694314,252.90603313757336,256.835186498961,24791800,-3.7936520751329112,-0.5704062094443407,5.593680931858017,271.5649269104004
2022-09-01,252.00601196289065,252.48023691824085,247.1768738362649,250.5253326245033,23263400,1.4806793383873469,-0.40923023301107087,5.303363081975959,270.46896896362307
2022-09-02,247.80589294433597,256.2060856971304,246.26715020417384,253.26410148725907,22855400,-5.458208542923103,-1.6666741344143698,9.938935492956546,269.19873962402346
2022-09-06,245.08648681640625,249.5188375317583,243.8187170261839,247.9414053865417,21328200,-2.854918570135453,-1.0973936477533974,5.700120505574404,267.9176025390625
2022-09-07,249.7705078125,250.48664458354384,245.0574961858431,246.4897844948553,24126700,3.280723317644714,1.911170647120386,5.429148397700743,266.7750579833984
2022-09-08,250.1866149902344,252.0350498159717,246.57685541782595,249.20919235362013,20319900,0.9774226366142784,0.1665958008328028,5.458194398145736,265.3220779418945
2022-09-09,255.9351043701172,256.68030226569743,251.8995411627663,252.10276352799647,22084700,3.832340842120715,2.297680625363263,4.780761102931137,264.2598564147949
2022-09-12,258.0544738769531,258.828703424846,256.612513798894,257.2125232398625,18747700,0.8419506370906333,0.8280886328789983,2.2161896259520404,263.06748428344724
2022-09-13,243.8671417236328,252.00603528741848,243.48002680941664,250.49632403928555,33353300,-6.629182315652741,-5.497805149499246,8.526008478001842,261.09041900634764
2022-09-14,244.08970642089844,246.03490888980133,241.80578027171973,245.3574762961727,23913000,-1.2677698752742685,0.09126473361378284,4.229128618081603,259.1611808776855
2022-09-15,237.4701690673828,243.29610345654865,236.15400813965695,241.71865662350373,31530900,-4.248487556120921,-2.711928106505712,7.142095316891698,256.93822326660154
2022-09-16,236.85081481933597,237.3927608644155,234.25719690326952,236.38627698047728,39791800,0.46453783885868916,-0.2608134952188923,3.1355639611459765,254.73994522094728
2022-09-19,236.63790893554688,237.2379185278828,233.08621305250247,234.6539876734692,26826900,1.983921262077672,-0.08989028978071412,4.151705475380339,252.72554244995118
2022-09-20,234.6345977783203,235.66042621279016,231.91518076360504,234.26685715668725,26660300,0.367740621633061,-0.8465723713659945,3.74524544918512,251.01743927001954
2022-09-21,231.2474365234375,239.67667590576733,231.19904532157508,236.3959532496293,28625600,-5.148516726191787,-1.443589857145855,8.47763058419224,249.20336151123047
2022-09-22,233.21202087402344,235.99918898239684,229.91195323025747,230.2022709357772,31061200,3.0097499382462445,0.8495594070669021,6.087235752139378,247.51896591186522
2022-09-23,230.25067138671875,233.35720386281167,227.6183491268856,231.81844612716225,34176000,-1.5677747404434967,-1.2698099678593922,5.738854735926083,245.53843460083007
2022-09-26,229.7957763671875,233.6668360314633,229.26350270996545,229.40867630752825,27694200,0.38710005965924665,-0.1975651218698249,4.403333321497854,244.055818939209
2022-09-27,228.78933715820312,234.0055901447024,226.94090238363955,232.2442506798707,27018700,-3.454913521667578,-0.43797115199202263,7.0646877610628565,242.6612693786621
2022-09-28,233.299072265625,234.51845062283917,227.16343208343764,229.17638468124144,29029700,4.122687584383556,1.9711299326434562,7.355018539401527,241.6015640258789
2022-09-29,229.8441925048828,232.2152138531277,226.853802133828,231.18938529349765,27484200,-1.3451927886148383,-1.480880196903911,5.361411719299696,240.44169692993165
2022-09-30,225.39244079589844,232.7861640901867,225.22792253383932,230.6086930507664,35694800,-5.216252254867953,-1.9368562940261347,7.558241556347383,239.11101837158202
2022-10-03,232.979736328125,233.8216870981845,227.09572373714803,227.82154744014304,28880400,5.158188887981964,3.3662599798975235,6.725963361036463,238.36971054077148
2022-10-04,240.8573760986328,242.28966427196397,237.0830834537009,237.1895382024101,34888400,3.6678378962227214,3.381255337765965,5.206580818263063,238.15825500488282
2022-10-05,241.16705322265625,242.50257374872547,236.2314602108285,238.0605356080036,20347100,3.1065176146526596,0.1285728214097226,6.27111353789698,237.72808227539062
2022-10-06,238.834716796875,242.2702854850737,238.1476119193884,239.9379683013216,20239900,-1.1032515044466038,-0.9671040859913549,4.122673565685318,237.16048736572264
2022-10-07,226.68927001953125,233.54104772265964,225.6537544220481,233.13457344372063,37769600,-6.445303424189376,-5.085293687715109,7.887293300611532,235.69819564819335
2022-10-10,221.8601531982422,226.99898360972267,219.4213809672786,225.53766359831536,29743600,-3.6775104000731744,-2.130280282288166,7.577602642444077,233.88847961425782
2022-10-11,218.14393615722656,221.67627288848584,216.88583856563983,220.28268877269275,30474000,-2.1387526154661884,-1.6750268074028685,4.790434322846011,232.6023193359375
2022-10-12,218.47293090820312,220.51491548211945,216.7406381971181,218.1342072790965,21903900,0.33872362910662446,0.1508154463388145,3.7742772850013466,231.32148056030275
2022-10-13,226.68927001953125,228.4893134395643,212.06634085274027,212.763132806748,42551800,13.92613721278326,3.7608041770540668,16.422972586824045,230.78243560791014
2022-10-14,221.1923828125,229.5925913283704,220.9794733149992,227.94737889006004,30198600,-6.754996077560037,-2.4248554889949814,8.613118013371178,229.99951400756837
2022-10-17,229.8732452392578,231.2571570244088,227.5602872186214,228.21837517177028,28142300,1.6548700674875363,3.924575664125096,3.6968698057874008,229.6612808227539
2022-10-18,230.8119201660156,236.0668762917367,227.7828114149424,235.39913093949428,26329600,-4.587210773478688,0.40834457519438594,8.284064876794304,229.47014694213868
2022-10-19,228.8570709228516,231.88618020226815,226.7376631373762,229.39901697875123,19985700,-0.5419460558996434,-0.8469446646247492,5.148517064891962,229.3506286621094
2022-10-20,228.5377197265625,233.5313911269357,227.2989815947228,228.169979034466,21811000,0.36774069209650406,-0.13954176508566007,6.232409532212898,229.11691360473634
2022-10-21,234.31524658203125,235.16688446931025,226.9408823376677,227.17315124335872,26299700,7.142095338672533,2.528040825112532,8.22600213164256,229.32014236450195
2022-10-24,239.2799072265625,239.85088505869388,233.52170816579925,235.9024019055332,24911200,3.377505321029304,2.1187953908040624,6.329176892894623,229.7943489074707
2022-10-25,242.57997131347656,242.94771196116,237.90566472884612,239.28956155004423,34775500,3.2904097634323364,1.3791647301958365,5.042047232313877,230.48388061523437
2022-10-26,223.8634490966797,230.61844593556916,222.64405551593785,223.71827545915457,82543200,0.1451736375251187,-7.715609048617722,7.974390419631305,230.0120994567871
2022-10-27,219.4407501220703,226.1570426979962,218.5020167351225,223.5924561627655,40424600,-4.1517060406951884,-1.9756235296362945,7.65502596287368,229.49192733764647
2022-10-28,228.2667236328125,228.97320270821285,218.76327910286216,218.94715681380413,40647700,9.319566819008372,4.022030322915171,10.209923605350696,229.6356414794922
2022-10-31,224.6472930908203,227.3473509303388,223.69887276321543,226.22473999169745,28357300,-1.5774469008771348,-1.5856146197701482,3.6484781671233577,229.21901931762696
2022-11-01,220.81494140625,228.1409296481597,220.0020223387947,227.03767812320683,30592300,-6.222736716956831,-1.7059416260230553,8.13890730936501,228.2168975830078
2022-11-02,213.00506591796875,223.84403012553616,212.94698761825012,222.06334620744084,38407000,-9.058280289472094,-3.536841953965797,10.897042507286045,226.80879821777344
2022-11-03,207.3436584472656,213.3050945982589,207.08235775345725,212.9954026993864,36633900,-5.651744252120807,-2.6578745657079517,6.222736844801659,225.23424530029297
2022-11-04,214.2535095214844,214.4470595832424,206.5500930213605,210.53729517480696,36789100,3.7162143466774467,3.3325596384112366,7.8969665618818965,224.61245727539062
2022-11-07,220.52462768554688,221.04722910682952,214.1470592473895,214.8341789629505,33498000,5.690448722596386,2.9269616997492642,6.9001698594400125,224.54568099975586
2022-11-08,221.4923858642578,224.18277156558537,218.56005889650208,221.3278675751174,28192500,0.16451828914040334,0.43884358353429853,5.622712669083285,224.7131034851074
2022-11-09,217.27294921875,221.2601516912574,217.09875857930575,220.04075814745045,27852900,-2.767808928700447,-1.9050030225841286,4.161393111951639,224.65310440063476
2022-11-10,235.1475372314453,235.4862608906142,227.4247766114624,227.8409084762884,46268000,7.306628755156908,8.226789426372271,8.061484279151813,225.07601776123047
2022-11-11,239.14442443847656,239.99606241623323,234.1313937515766,235.15723711883936,34620200,3.9871873196372007,1.6997359419917313,5.8646686646566195,225.9736198425293
2022-11-14,233.76364135742188,236.0475673740293,231.4990747757724,234.18946032496396,31123300,-0.42581896754208515,-2.2500140213132847,4.5484925982568996,226.1681396484375
2022-11-15,234.17010498046875,239.03796188941357,232.29263846365,237.7411602960992,31390100,-3.5710553156304456,0.17387803367820975,6.745323425763559,226.33604888916017
2022-11-16,234.59710693359372,236.60603316606853,233.32576434985185,235.62582643468144,24093300,-1.0287195010877213,0.18234691108867107,3.280268816216676,226.62305068969727
2022-11-17,234.54861450195312,236.0722947974397,230.6181318208113,230.76369976880173,23123500,3.784914733151396,-0.02067051562333333,5.454162976628396,226.9235954284668
2022-11-18,234.1021728515625,236.5478177930803,231.9767921721455,236.3245938837583,27613500,-2.222421032195797,-0.19034077491295598,4.57102562093479,226.91294174194337
2022-11-21,234.90768432617188,237.45036963154155,234.0730602842396,234.3059689787537,26394700,0.6017153474181782,0.3440854327824372,3.3773093473019458,226.69433059692383
2022-11-22,237.79974365234372,238.0714803305933,233.6072243246812,236.4022322736101,19665700,1.3975113787336113,1.231147177865921,4.464256005912091,226.4553192138672
2022-11-23,240.27452087402344,240.9538626225825,237.06219325627015,237.87740335454103,19508500,2.397117519482407,1.0406980191272952,3.8916693663123567,227.27587280273437
2022-11-25,240.1871490478516,241.3614364595325,239.4495654089073,240.0124527302193,9200800,0.17469631763228222,-0.03636333384581247,1.9118710506252228,228.31319274902344
2022-11-28,234.62620544433597,239.3719120438035,233.69454115958348,238.8187391513324,24778200,-4.192533706996443,-2.3152544278743803,5.677370884220011,228.63116683959962
2022-11-29,233.23843383789065,235.6258367832805,231.18099474535325,234.27685297681788,17956300,-1.0384191389272246,-0.5914819292317075,4.444842037927259,229.06072387695312
2022-11-30,247.61143493652344,247.79583086531,232.7823119741459,233.47136810668408,47594200,14.140066829839355,6.162363921815106,15.013518891164097,230.4005485534668
2022-12-01,247.1746826171875,248.5624794776569,243.51592255366532,246.3788718348064,26041500,0.7958107823810963,-0.176386167079845,5.046556923991574,232.10902938842773
2022-12-02,247.49497985839844,248.5042854543991,242.32225350861475,242.44842226131695,21528500,5.046557597081488,0.1295833528820678,6.1820319457843596,234.11659545898436
2022-12-05,242.81719970703125,246.3303923254423,240.74034652754588,244.57378861196725,23435300,-1.7565889049359953,-1.8900505190220573,5.590045797896408,235.5447799682617
2022-12-06,237.88706970214844,244.42819318650004,236.58661356400265,243.4188877023441,22463700,-5.5318180001956705,-2.030387472893691,7.841579622497392,236.41290206909179
2022-12-07,237.15919494628903,238.89638442921668,235.062942865181,237.60562791314456,20481500,-0.44643296685552514,-0.30597491354648065,3.833441564035695,237.19624252319335
2022-12-08,240.0998077392578,241.40027877672188,235.88787438426905,237.61534962771677,22611800,2.484458111541045,1.2399320185054519,5.512404392452822,238.33758544921875
2022-12-09,238.17822265625,240.9829448599812,236.95540766792848,237.47946700334128,20609700,0.6987556529087158,-0.8003276225421185,4.027537192052705,238.48911972045897
2022-12-12,245.0590057373047,245.08811932166867,239.8765804009923,240.14831706074776,30665100,4.91068867655693,2.8889220031611984,5.211538920676361,238.78484878540038
2022-12-13,249.33889770507807,256.13234388565945,245.6024963823434,253.9681353688416,42196900,-4.629237663763519,1.7464740603580609,10.529847503316063,239.5636116027832
2022-12-14,249.6300506591797,254.8415899904188,246.8059142850901,249.54270989920707,35410900,0.08734075997261925,0.11676996921916594,8.035675705328714,240.33660888671875
2022-12-15,241.66226196289065,246.6991189455477,240.0415417352528,246.23328682712472,35560400,-4.571024864234062,-3.191838753086451,6.657577210294903,240.6898666381836
2022-12-16,237.4697723388672,242.4678019516118,236.3245836806278,241.2158733524857,86102000,-3.7461010136184996,-1.73485491279034,6.1432182709839935,240.8359245300293
2022-12-19,233.35487365722656,237.9744265437408,231.6662265103739,237.6347483108368,29696400,-4.27987465361025,-1.7328094608052735,6.308200033366916,240.7985595703125
2022-12-20,234.6650390625,235.7422860984804,231.3847703782732,232.335848677618,25150800,2.329190384881997,0.561447628986711,4.3575157202072035,240.78642730712892
2022-12-21,237.21743774414065,238.37232600874935,233.02491849714485,234.55829818550004,23690600,2.659139558640618,1.0876774366721298,5.3474075116045015,240.75731201171874
2022-12-22,231.1615447998047,234.84941820626472,226.9690112913568,234.14094822183725,28651700,-2.9794034220325614,-2.552886921773334,7.8804069149079226,240.30166320800782
2022-12-23,231.6856384277344,231.8215067666557,227.0369865095698,229.14295316711923,21207000,2.5426852606151726,0.22672180547314014,4.784520257085887,239.87658767700196
2022-12-27,229.96788024902344,231.8797366085177,228.8712191239028,231.65652750812143,16688600,-1.6886472590979906,-0.7414176339837097,3.008517484614913,239.64367141723633
2022-12-28,227.6095733642578,232.64643111207877,227.26019552023155,229.89993593986588,17457100,-2.2903625756080714,-1.025494030823737,5.386235591847225,239.3622283935547
2022-12-29,233.8983459472656,234.7814975020751,228.69650658121392,228.69650658121392,19770700,5.201839366051672,2.762964883266772,6.084990920861173,238.67657394409179
2022-12-30,232.74346923828125,232.87933756720665,229.67671003277965,231.1809760513705,21938500,1.562493186910757,-0.4937515501904022,3.2026275344269948,237.95501327514648
2023-01-03,232.5105438232422,238.4984794551215,230.3948629378093,235.90726682667216,25740000,-3.396723003429969,-0.10007817439577904,8.10361651731219,237.20579147338867
2023-01-04,222.33981323242188,225.99855889308043,219.29246770974692,225.42597193507248,50623400,-3.086158702650607,-4.374309407040156,6.706091183333513,236.1819221496582
2023-01-05,215.75015258789065,220.83553784778456,215.21637883212745,220.4958596008794,39585600,-4.74570701298876,-2.9637789781008506,5.619159015657118,235.0750762939453
2023-01-06,218.2928466796875,219.09835714227597,212.87751216247156,216.4198034707522,43613600,1.873043208935286,1.178536404863495,6.220844979804411,234.13175888061522
2023-01-09,220.418212890625,224.41665135349575,219.7291716302323,219.76798480761224,27369800,0.6502280830127631,0.9736307182141246,4.687479723263465,233.1476791381836
2023-01-10,222.09718322753903,224.48458614807703,220.62203068917864,221.0393352972296,27033900,1.0578479303094355,0.7617203292303198,3.8625554588983846,232.34362716674804
2023-01-11,228.81298828125,228.98766979827053,224.2904903213458,224.4651718383663,28669300,4.347816442883698,3.0238136999831244,4.697179476924731,231.5313262939453
2023-01-12,231.4721221923828,232.821105949786,226.6681880812586,228.3180220940589,27269500,3.1541000983239087,1.1621429059194277,6.152917868527396,230.63798751831055
2023-01-13,232.1708526611328,232.3067209813569,227.98803350794532,230.0066591288005,21333300,2.1641935323323196,0.30186376749476995,4.318687473411586,229.7650276184082
2023-01-17,233.25782775878903,233.80130107166903,230.0940134168222,230.948051370512,29831300,2.3097763882770437,0.46817896613522425,3.707287654846823,229.3448059082031
2023-01-18,228.85179138183597,235.22793302598163,228.5703551250729,234.4418366169308,30028700,-5.590045235094834,-1.888912547667787,6.657577900908734,228.91390686035157
2023-01-19,225.08627319335935,228.57035182284125,223.87315781209423,226.88168988104675,28623000,-1.795416687687407,-1.6453959856464029,4.697194010747012,228.5004768371582
2023-01-20,233.13168334960935,233.63634353931783,227.5901652812684,227.92984354153225,35389800,5.2018398080770964,3.5743673046372937,6.046178258049423,228.42380905151367
2023-01-23,235.4219970703125,237.9355682866886,232.57844725506925,233.9856727764598,31934000,1.4363242938526923,0.9824120376073164,5.357121031619357,228.33403701782225
2023-01-24,234.8979949951172,236.7516391990006,233.3452159013229,235.34442805481387,40234400,-0.44643305969668745,-0.22257991254691634,3.406423297677719,228.5208595275879
2023-01-25,233.51014709472656,236.12077368624207,224.08666058005852,227.5610247047765,66526600,5.949122389950077,-0.5908300325932814,12.034113106183554,228.6120849609375
2023-01-26,240.6820831298828,240.98293336442927,234.85912950577276,236.46043582898827,33454500,4.221647300894546,3.071359478115898,6.123803858656515,229.14779510498047
2023-01-27,240.8373870849609,242.458107545592,239.5466304719591,241.642897519024,26498900,-0.8055104340630805,0.06452659585560738,2.9114770736328808,229.80918579101564
2023-01-30,235.54820251464844,238.35292478678215,235.05324194345323,237.2950768809861,25867400,-1.7468743663376642,-2.1961642394195957,3.299682843328924,229.89167861938478
2023-01-31,240.4976959228516,240.6335642533175,235.78110272448052,236.26634887736424,26541100,4.231347045487354,2.101265624345139,4.852461528836983,230.27938995361328
2023-02-01,245.2919464111328,247.65023576111176,238.2267631452796,240.6821076556318,31259900,4.609838755501016,1.9934704446479046,9.423472615832168,230.9184600830078
2023-02-02,256.79229736328125,256.8796381260482,249.65917223320272,251.182852423541,39940400,5.609444939740257,4.688433974457817,7.2204658928454535,232.64108428955078
2023-02-03,250.7267303466797,256.4041171018203,249.5136147843453,251.88161873138836,29077300,-1.15488838470867,-2.362051774481644,6.890502317475011,234.38991317749023
2023-02-06,249.1933441162109,250.67819643003185,247.26207355313863,249.84358711112344,22518000,-0.6502429949125315,-0.6115766868369232,3.416122876893212,235.9349380493164
2023-02-07,259.6649169921875,260.83920438047807,252.40562393796253,252.84235731907512,50841400,6.82255967311238,4.20218802918475,8.433580442515535,237.89727325439452
2023-02-08,258.859375,268.593409822923,258.35470014039424,265.13846022946933,54686000,-6.279085229469331,-0.3102236534370695,10.238709682528736,239.7353828430176
2023-02-09,255.84117126464844,265.89548673151216,255.04536048337425,265.7207756113508,42375100,-9.879604346702365,-1.1659626912687848,10.850126248137911,241.0867919921875
2023-02-10,255.3365173339844,256.29729518565995,252.96851387057905,253.81283739078765,25818500,1.523679943196754,-0.1972528221980352,3.328781315080903,242.28001174926757
2023-02-13,263.3139343261719,266.49714735819,259.26696907403846,259.74253036187247,44630900,3.5714039642994067,3.124275789253006,7.2301782841515205,243.83716583251953
2023-02-14,264.1389465332031,266.85631358119707,261.3342091005598,264.624192764422,37047900,-0.48524623121886634,0.3133188561184497,5.522104480637267,245.38122177124023
2023-02-15,262.02764892578125,263.3994740205076,258.972656227329,261.0547258535999,28922400,0.9729230721813451,-0.799313253547973,4.4268177931786,247.0400146484375
2023-02-16,255.05177307128903,259.5174863332623,254.8085423074043,256.8711344345461,29603600,-1.8193613632570589,-2.6622670863516884,4.708944025857988,248.53828964233398
2023-02-17,251.072509765625,253.04754228969333,249.06829073888585,252.3665139969566,30000100,-1.2940042313315985,-1.5601786483373292,3.9792515508074757,249.43533096313476
2023-02-21,245.82850646972656,248.57215705654,244.7777476181148,247.58949511011687,28397400,-1.760988640390309,-2.088640967023303,3.794409438425191,249.95565643310547
2023-02-22,244.69992065429688,247.45329522642257,243.5616022361045,247.2100644145277,22491100,-2.510143760230818,-0.45909476961683016,3.891692990318063,250.44575271606445
2023-02-23,247.8716278076172,249.88557094928385,243.69777930306105,248.64023054148305,29219100,-0.7686027338658619,1.2961619050956719,6.1877916462227915,251.163826751709
2023-02-24,242.47190856933597,244.2037105882477,241.3822393922128,243.1918770445804,24990900,-0.7199684752444284,-2.1784337667206333,2.8214711960349064,251.25331802368163
2023-02-27,243.386474609375,245.97445391978175,242.6373195783351,245.6242009691581,21190000,-2.237726359783096,0.3771843284590348,3.3371343414466423,251.38077239990236
2023-02-28,242.66650390625,244.68046206564443,241.9951845197852,242.32598969202303,22491000,0.34051421422697103,-0.295813768731612,2.685277545859236,251.73668746948243
2023-03-01,239.601806640625,244.13561758385552,239.13479280403809,243.97022241717565,27565300,-4.368415776550648,-1.26292554443731,5.000824779817435,251.6918930053711
2023-03-02,244.31069946289065,244.59284060582576,238.95962286785317,239.87417287939624,24808200,4.4365265834944125,1.9652993807882435,5.633217737972586,251.642830657959
2023-03-03,248.37754821777344,248.69861464364337,244.5831538131821,245.3614953141732,30760100,3.01605290360024,1.6646216329549324,4.115460830461274,251.2220932006836
2023-03-06,249.9147491455078,253.07674918507004,249.04884819003743,249.48666061100505,24109800,0.42808853450276274,0.6188968925591398,4.02790099503261,251.181494140625
2023-03-07,247.2684326171875,250.7125891600785,246.52901630785823,249.3602116204825,21473200,-2.091779003294988,-1.0588876956515891,4.183572852220266,251.08524856567382
2023-03-08,246.8306121826172,247.6478641053872,244.01886473628255,247.16140250674363,17340200,-0.3307903241264398,-0.17706280981208966,3.628999369104662,250.44353332519532
2023-03-09,245.48797607421875,252.5319301715648,244.76800759955387,248.8932070956166,26653400,-3.4052310213978387,-0.5439504024748354,7.763922572010927,249.77496337890625
2023-03-10,241.85894775390625,245.94522176909533,240.89576339451983,244.2815315961761,28333900,-2.4225838422698587,-1.478291677803123,5.049458374575494,249.07585220336915
2023-03-13,247.04464721679688,250.9266159729401,239.0764041542882,240.7011840514009,33339700,6.343463165395974,2.144100729391707,11.8502118186519,248.66125869750977
2023-03-14,253.7286376953125,254.00105499083597,248.93211882541823,249.798019838824,33620300,3.93061785648851,2.7055799645195444,5.068936165417739,248.1819938659668
2023-03-15,258.252685546875,259.2645337884642,252.19136451987217,252.940534238226,46028000,5.312151308648993,1.7830261072047993,7.073169268592011,247.8876808166504
2023-03-16,268.72137451171875,269.0716125790634,256.15119488258745,258.0289293565625,54768800,10.692445155156236,4.053661220472993,12.920417696475965,248.22236709594728
2023-03-17,271.8638916015625,275.6582857099673,268.83811504692954,270.72558821466924,69527400,1.1383033868932557,1.169433244956375,6.820170663037743,249.06297302246094
2023-03-20,264.85888671875,269.96673338942173,262.5433248107774,269.4802718017387,43466600,-4.621385082988695,-2.5766587984692224,7.423408578644342,249.75229187011718
2023-03-21,266.3669128417969,267.5538803349331,262.2222505034053,267.4371343013886,34558700,-1.0702214595917212,0.5693696525456593,5.3316298315278345,250.7792121887207
2023-03-22,264.917236328125,273.43031336043435,264.81019934883693,265.9971667055635,34873300,-1.0799303774384725,-0.5442404607260198,8.620114011597423,251.79007797241212
2023-03-23,270.141845703125,273.4497784786837,267.7484630649204,270.41426299778846,36610900,-0.2724172946634553,1.9721666462384713,5.701315413763325,252.9035888671875
2023-03-24,272.9730529785156,273.03142599171395,267.8262812456373,269.7332022897182,28172000,3.2398506887974463,1.0480446922325415,5.205144746076655,254.42864608764648
2023-03-27,268.89654541015625,273.83898269172226,268.059815935794,272.90498464073,26840200,-4.008439230573742,-1.493373622003713,5.779166755928259,255.70414962768555
2023-03-28,267.7776794433594,268.6630431725957,264.6837609123016,268.3225140934646,21878600,-0.5448346501052015,-0.4160953295588965,3.9792822602940987,256.959708404541
2023-03-29,272.9146728515625,273.527619165426,270.8715283691032,271.4066242065595,25087000,1.5080486450029866,1.9183799855468253,2.6560907963228146,258.6253517150879
2023-03-30,276.3588562011719,276.75775832392577,273.8584658428931,276.5340049635184,25053400,-0.17514876234650956,1.262000065303437,2.89929248103266,260.22775955200194
2023-03-31,280.49371337890625,281.4374499585016,275.33723290766795,276.0474774481902,32766000,4.446235930716057,1.4961913052370157,6.100217050833635,261.8335678100586
2023-04-03,279.4527587890625,280.4645776022263,276.2615716824238,278.7619618964318,24883300,0.6907968926307149,-0.37111512315343154,4.203005919802536,263.31046829223635
2023-04-04,279.40411376953125,282.5855920494944,277.93501973662194,279.4527777506129,25824300,-0.04866398108163139,-0.017407242548628243,4.650572312872441,264.9172523498535
2023-04-05,276.64093017578125,279.37484150873803,275.25939610333745,278.1100534490355,22064800,-1.4691232732542403,-0.9889559450184882,4.115445405400578,266.4077682495117
2023-04-06,283.704345703125,284.1713297291427,274.3934656981096,275.5415076837403,29770300,8.162838019384708,2.5532792717460673,9.777864031033118,268.318586730957
2023-04-10,281.55426025390625,281.75856581319096,277.00095709388467,281.3791115118309,23103000,0.17514874207535058,-0.7578613023674463,4.75760871930629,270.30335235595703
2023-04-11,275.1718444824219,278.2365761916983,274.0140932371224,278.0127931758795,27276600,-2.8409486934576194,-2.2668510736540415,4.2224829545759235,271.70971221923827
2023-04-12,275.8139343261719,279.23864232032844,274.32536331001984,277.0787520526516,27403400,-1.2648177264797482,0.23334140342654575,4.9132790103085995,272.81397705078126
2023-04-13,281.9920349121094,282.05040792429327,275.50265429718814,275.91126538247534,24222700,6.08076952963404,2.2399523073520333,6.5477536271051235,274.00094451904295
2023-04-14,278.39227294921875,280.6689097907965,276.00859911070734,279.2289726922403,20987900,-0.8366997430215406,-1.2765473904298719,4.66031068008914,274.48448944091797
2023-04-17,280.9801940917969,283.7043967289592,278.4116924129814,282.07960200286976,23836200,-1.0994079110728876,0.9295951770364574,5.292704315977801,274.9403045654297
2023-04-18,280.56182861328125,283.86005216252715,279.2386674537209,283.6751943988744,20161800,-3.113365785593146,-0.1488950065921535,4.621384708806261,275.72545166015624
2023-04-19,280.63970947265625,281.2234396408052,276.8355761901663,278.2462970182061,17150300,2.3934124544501287,0.027758893560081432,4.387863450638918,276.43909149169923
2023-04-20,278.363037109375,281.20398586251105,277.3609274204324,277.52633742538336,23244400,0.8366996839916396,-0.8112438427046897,3.843058442078643,277.1113815307617
2023-04-21,278.0224914550781,278.5186620047946,275.3955874268566,277.2927991907115,21676400,0.7296922643666335,-0.12233867608042459,3.1230745779379845,277.5054138183594
2023-04-24,274.1405944824219,277.2345132199959,271.173190218911,274.4519370721957,26611000,-0.31134258977380114,-1.3962528543427166,6.061323001084929,277.5637908935547
2023-04-25,267.96246337890625,273.9751203403817,267.91379941458,271.94171485112884,45772200,-3.979251472222586,-2.253635991116143,6.061320925801681,277.5170867919922
2023-04-26,287.3722839355469,291.4585727273819,284.8037824567908,288.6662882525056,64599200,-1.2940043169587057,7.243484894074359,6.654790270591093,278.49681701660154
2023-04-27,296.576171875,296.9361784067996,287.2555804982626,287.95608640380885,46462600,8.620085471191146,3.2027750948722122,9.680597908537038,279.6798919677734
2023-04-28,298.9403686523437,300.5651336427049,295.0973104351293,295.7783684985938,36469600,3.1620001537498865,0.7971634276607187,5.467823207575577,280.80896759033203
2023-05-01,297.2864074707031,300.24410228095644,296.8875053999733,298.6582327311371,21294100,-1.3718252604339796,-0.553274617642574,3.3565968809831475,281.6486022949219
2023-05-02,297.14044189453125,300.8083512230657,295.6810572722288,299.42681707438953,26404400,-2.2863751798582825,-0.04909931046418459,5.127293950836872,282.5329864501953
2023-05-03,296.15777587890625,300.25377368049993,295.85617210321027,298.31766627691815,22360800,-2.159890398011896,-0.3307075971751394,4.397601577289663,283.37066955566405
2023-05-04,297.14044189453125,299.42681707438953,295.1848569994441,297.9479549880525,22519900,-0.8075130935212655,0.33180490119117945,4.241960074945439,284.39564514160156
2023-05-05,302.238525390625,303.522790882385,296.0312718717056,297.44202210464323,28197100,4.796503285981771,1.7157151223135436,7.491519010679383,285.3223541259766
2023-05-08,300.292724609375,301.8007733081372,297.8020437181864,301.7326615616671,21318600,-1.4399369522921006,-0.6437964117033679,3.9987295899508126,286.25927734375
2023-05-09,298.6873779296875,301.6450723308815,298.0160586463366,299.66030098483304,21340800,-0.972923055145543,-0.5345939305641756,3.629013684544873,287.43505401611327
2023-05-10,303.8535461425781,304.52486531361745,299.3391993614047,300.26345829441146,30078000,3.590087848166661,1.7296238792208873,5.18566595221273,288.83703460693357
2023-05-11,301.7131652832031,302.6958271056149,297.9674351385275,301.7034562423544,31680200,0.009709040848747463,-0.7044120058979586,4.728391967087418,289.8230911254883
2023-05-12,300.6040954589844,302.23859938067807,298.2982721245842,302.14130111816417,19774700,-1.53720565917979,-0.36759079544232964,3.9403272560938944,290.9336822509766
2023-05-15,301.080810546875,301.50889913783726,299.2614488809156,300.7305724404115,16336500,0.3502381064635074,0.1585856929736007,2.2474502569216384,291.93871307373047
2023-05-16,303.2990417480469,305.2157014683238,301.4407550392499,301.4407550392499,26730300,1.8582867087969817,0.736756087889745,3.774946429073907,293.07557373046876
2023-05-17,306.16571044921875,306.5849748220485,302.98703781876026,304.49838322404014,24315000,1.6673272251786102,0.9451624656148017,3.597937003288223,294.35187377929685
2023-05-18,310.5729064941406,311.07995152372933,305.8926785291236,306.6824666262682,27276000,3.8904398678724306,1.4394806127882465,5.187272994605735,295.96236724853514
2023-05-19,310.3973999023437,310.7971739556616,308.47655029580653,308.8373140190984,27546700,1.5600858832452786,-0.05651059320599394,2.320623659855073,297.58111267089845
2023-05-22,313.1665954589844,314.54141972113337,310.0757031921086,310.6509792014614,24115700,2.515616257522993,0.8921452169096566,4.465716529024746,299.53241271972655
2023-05-23,307.3943176269531,314.66818336254534,307.3845576035484,312.04529609718725,30797200,-4.650978470234122,-1.8431971722818186,7.283625758996948,301.5040054321289
2023-05-24,306.0195007324219,308.6033777226254,304.8104182916671,306.8775496399996,23384900,-0.8580489075777109,-0.44724863658660574,3.7929594309583194,302.43636627197264
2023-05-25,317.7883605957031,318.74389070661766,312.01605056749,315.1752035575117,43301700,2.6131570381914457,3.8457875511573203,6.727840139127636,303.4969757080078
2023-05-26,324.5844116210937,325.0816668912498,315.7992015223041,315.935693050292,36630600,8.648718570801691,2.1385462364484242,9.282465368945736,304.7791778564453
2023-05-30,322.9462890625,327.36326419300417,322.2735022093098,326.86600894737563,29503100,-3.919719884875633,-0.5046830654658718,5.089761983694359,306.06217193603516
2023-05-31,320.1966857910156,327.5583014347169,319.16310540886235,323.9993748636306,45950600,-3.802689072614953,-0.8514119420496735,8.395196025854545,307.21498413085936
2023-06-01,324.2821044921875,325.2084138620462,316.61822604492374,317.7980281716673,26773900,6.4840763205202165,1.2759091153861313,8.590187817122455,308.62120056152344
2023-06-02,327.03179931640625,329.07941048845686,324.2529005654924,325.9104976467162,25873800,1.1213016696900695,0.8479329528604973,4.826509922964476,310.1157684326172
2023-06-05,327.5583190917969,330.1129454845389,326.31025620693947,326.8562818593042,21307100,0.7020372324926711,0.16099956533011106,3.802689277599427,311.38175811767576
2023-06-06,325.3547058105469,327.0025428376745,323.88240041372416,326.96353250247705,20396200,-1.608826691930176,-0.6727392201058557,3.1201424239503694,312.6348571777344
2023-06-07,315.31170654296875,326.14449888626166,314.45365769277373,323.37536016910263,40717100,-8.063653626133885,-3.086784696277345,11.690841193487927,313.46607360839846
2023-06-08,317.144775390625,318.4903491637824,315.28242630303987,315.85770223750364,23277700,1.287073153121355,0.5813513452303187,3.207922860742542,314.1306350708008
2023-06-09,318.6365966796875,321.75673881470783,316.3159729270914,316.8814888323344,22529000,1.755107847353088,0.47039125497969625,5.440765887616408,314.976806640625
2023-06-12,323.5703125,323.81407497291605,317.04722634427355,320.38188031031484,24260300,3.188432189685159,1.5483832904706007,6.766848628642492,316.12511749267577
2023-06-13,325.9494934082031,328.5723804542734,322.1468041193806,326.12499527780267,22951300,-0.17550186959954317,0.7352902340826306,6.42557633489281,317.36855163574216
2023-06-14,328.92333984375,330.5809366273575,324.5063648507166,325.99819005349843,26003800,2.9251497902515666,0.9123641839266616,6.074571776640937,318.64976654052737
2023-06-15,339.41485595703125,341.11143316016813,328.7868186302879,329.059831395806,38899100,10.355024561225264,3.1896538926866835,12.32461452988025,320.31222381591795
2023-06-16,333.788818359375,342.7007887065748,333.4183243934552,342.55453717316414,46552000,-8.765718813789135,-1.6575696375436433,9.282464313119647,321.4730194091797
2023-06-20,329.6156311035156,333.545081300088,327.48026928452794,330.84420359010136,26375400,-1.2285724865857333,-1.2502477693444813,6.064812015560051,322.4339309692383
2023-06-21,325.2377014160156,329.3036733312241,323.784886322757,327.9775897528391,25117800,-2.739888336823469,-1.3281923775408266,5.518787008467086,323.03748626708983
2023-06-22,331.2342224121094,331.63399647710884,325.0231587622799,325.7836965611128,23556800,5.450525850996598,1.8437348960425481,6.6108377148289605,324.22948150634767
2023-06-23,326.6612548828125,329.5279043913859,325.13044892910204,326.01771828331994,23146900,0.6435365994925633,-1.3805842572653493,4.397455462283858,325.2615692138672
2023-06-26,320.4013977050781,327.7240020967906,320.29412674467744,325.39364834816934,21520600,-4.992250643091211,-1.9163145564906503,7.429875352113186,325.39222106933596
2023-06-27,326.22247314453125,327.7630389928028,321.0839407974331,323.58006632131827,24354100,2.64240682321298,1.8168071304143663,6.679098195369704,325.4741241455078
2023-06-28,327.4706115722656,329.54747323357384,325.48150085713195,326.3102994681185,20259500,1.160312104147124,0.3826034471823059,4.065972376441891,325.7003402709961
2023-06-29,326.6904602050781,327.72401072843235,324.3210960669828,326.358946806659,16997000,0.3315133984191334,-0.23823553614225057,3.402914661449529,326.02502899169923
2023-06-30,332.0435485839844,334.17891054970244,328.7868850247468,329.323150643684,26832800,2.7203979403003586,1.6385811742240186,5.3920255249556135,326.41310119628906
2023-07-03,329.5571594238281,332.394558661991,328.1726050055835,330.727231395335,12508700,-1.1700719715069,-0.748814175357293,4.22195365640755,326.5393692016602
2023-07-05,329.713134765625,333.1258095919121,326.37848059881856,326.72948429799266,18172400,2.9836504676323443,0.04732876751019077,6.747328993093561,326.64710998535156
2023-07-06,332.7553405761719,334.432427956872,327.1293121494876,328.88439044633213,28161200,3.8709501298397413,0.9226826261287346,7.303115807384415,327.0171417236328
2023-07-07,328.8063659667969,333.26235165945616,328.5918537740865,330.8539769415479,21214800,-2.0476109747510236,-1.1867501818414894,4.670497885369684,327.6918746948242
2023-07-10,323.55084228515625,326.8660362322845,319.41663962980306,326.25174994494995,32791400,-2.7009076597936996,-1.5983643340321874,7.449396602481443,328.0121780395508
2023-07-11,324.17486572265625,324.5551197389317,318.84134117994995,322.800041689948,26698200,1.3748240327082613,0.19286719610824843,5.713778558981744,328.2890914916992
2023-07-12,328.786865234375,333.1258197926784,327.29503995487715,328.20182929500714,29995300,0.5850359393678559,1.4226888014398087,5.830779837801231,328.54991912841797
2023-07-13,334.11065673828125,335.16369770913235,330.56146024108614,331.0879956045949,20567200,3.02266113368637,1.6192226840056945,4.602237468046212,328.9579772949219
2023-07-14,336.6262512207031,342.66181307865304,335.71946186556954,338.9176246633776,28352700,-2.2913734426744554,0.7529225517617588,6.942351213083498,329.3431228637695
2023-07-17,337.1040954589844,338.33263840062307,333.6621696566182,337.0553250983056,20363900,0.04877036067875906,0.14195097279205982,4.670468744004893,329.2275848388672
2023-07-18,350.5207214355469,357.6288443982233,333.6328777391132,337.20153461943244,64738600,13.319186816114438,3.9799652858844903,23.99596665911008,330.0641799926758
2023-07-19,346.22076416015625,353.4166384044317,343.6466474604791,352.72436118966306,39732900,-6.503597029506807,-1.2267341165396073,9.769990943952621,330.8944366455078
2023-07-20,338.2156066894531,349.0386682151087,336.7530316118285,344.74845393864297,33778400,-6.532847249189842,-2.3121540645089866,12.285636603280238,331.5433319091797
2023-07-21,335.19287109375,341.5599453265858,331.3511723630361,340.438643967474,69405400,-5.245772873723979,-0.8937303707804878,10.208772963549734,331.7412643432617
2023-07-24,336.49951171875,338.2643797019485,333.7693834548789,337.2210689969038,26678100,-0.7215572781537958,0.38981754615972086,4.494996247069594,332.2331771850586
2023-07-25,342.2230529785156,343.11035203179654,336.46050402116185,338.4495845575855,41637700,3.773468420930101,1.7009062600213953,6.649848010634685,333.32425994873046
2023-07-26,329.3426513671875,336.0705206538034,324.79891447113727,332.92109821610006,58383700,-3.578446848912563,-3.763744580975592,11.271606182666119,333.48026885986326
2023-07-27,322.4685363769531,332.8138025679025,320.8401897883476,331.9850338749244,39635300,-9.516497497971272,-2.087222824525803,11.973612779554912,333.2301651000977
2023-07-28,329.9276733398437,331.52676966933615,324.8574310459994,325.3449560601863,28484900,4.582717279657402,2.31313635950241,6.669338623336728,333.39202575683595
2023-07-31,327.5388488769531,329.27443689751834,325.0426931980882,328.5138989953868,25446000,-0.9750501184336713,-0.7240448910237229,4.231743699430126,333.1667907714844
2023-08-01,327.9483337402344,330.093455775555,325.374217054016,326.8270321220212,18311900,1.121301618213181,0.12501871600429926,4.719238721539,333.0863494873047
2023-08-02,319.328857421875,325.3059183538415,318.2172862001048,325.3059183538415,27761300,-5.977060931966491,-2.628303129354148,7.0886321537366825,332.5671356201172
2023-08-03,318.50982666015625,321.64948875271074,317.8175495134228,317.86629010944046,18253700,0.643536550715794,-0.2564850443931843,3.8319392392879195,331.85485992431643
2023-08-04,319.6019592285156,326.7783443053676,319.0754237791291,323.5996710730836,23741500,-3.9977118445679594,0.3428881864686373,7.702920526238529,331.39463958740237
2023-08-07,321.873779296875,322.84882941223,319.34840306884576,320.1772016181311,17741500,1.6965776787438926,0.7108279541975682,3.5004263433842198,331.31078643798827
2023-08-08,317.9150695800781,320.5477167225477,314.9411787114309,318.802368731708,22327600,-0.8872991516298612,-1.2298950617986248,5.606538011116811,330.9977966308594
2023-08-09,314.1903686523437,318.94858760325343,313.0397870506952,318.3245710835293,22373300,-4.134202431185599,-1.1716025077559977,5.908800552558205,330.26797180175777
2023-08-10,314.8729553222656,320.06998957446115,313.16661746479946,317.8858568827083,20113700,-3.0129015604426854,0.2172525761530375,6.903372109661689,329.30608673095696
2023-08-11,313.0007629394531,314.3658267828832,311.24565534976296,312.2694755494556,24355500,0.731287389997533,-0.5945865947414752,3.1201714331202197,328.12481231689446
2023-08-14,315.9551696777344,315.9746599630073,312.09395075011946,313.37129346143496,18836100,2.5838762162994158,0.9438976156274537,3.8807092128878367,327.067366027832
2023-08-15,313.82958984375,316.9790121676308,312.89355014228914,314.9411611661193,16966300,-1.1115713223692865,-0.6727472875827312,4.085462025341656,325.23280944824216
2023-08-16,313.0674133300781,316.99543186990195,312.48113879078903,313.45825308321696,20698900,-0.39083975313883457,-0.24286317744969255,4.514293079112917,323.5751419067382
2023-08-17,309.62799072265625,314.503781640946,308.9733110073384,313.2042327148122,21257200,-3.5762419921559285,-1.0986204443435899,5.530470633607592,322.1457611083984
2023-08-18,309.2371826171875,311.0936940527994,304.4199858602723,307.29270464284144,24755000,1.9444779743460572,-0.12621859688997095,6.673708192527101,320.84797668457026
2023-08-21,314.5135498046875,315.3831660095472,309.784320258957,310.6539364638168,24040000,3.8596133408706805,1.7062525091077863,5.598845750590215,319.74867858886716
2023-08-22,315.0803527832031,318.61750272062665,314.1032382228466,318.0507893960546,16084600,-2.970436612851472,0.18021575822968483,4.5142644977800614,318.3915435791015
2023-08-23,319.51641845703125,321.66608212966844,316.0574250271208,316.40920172771865,21166400,3.107216729312597,1.4079156744122523,5.608657102547625,317.9002319335937
2023-08-24,312.6473083496094,325.35957674760573,312.6375276630827,325.23254709942444,23281400,-12.585238749815062,-2.1498457389430348,12.722049084523007,317.40917053222654
2023-08-25,315.5884094238281,317.91391657239774,311.5040487015702,314.11295718549064,21684100,1.475452238337482,0.9407089060654794,6.409867870827554,316.6922073364258
2023-08-28,316.2919311523437,318.68584344960186,314.3572339791844,318.207066953983,14808500,-1.9151358016392805,0.22292381706920938,4.328609470417462,316.12986145019534
2023-08-29,320.8941650390625,321.45112744073015,314.5136087751781,314.5136087751781,19284600,6.380556263884387,1.455058897630268,6.937518665552034,315.7771530151367
2023-08-30,321.26544189453125,322.26208781651366,318.97899784822044,321.1481929412585,15222100,0.11724895327273543,0.11570071877859966,3.2830899682932113,315.87398223876954
2023-08-31,320.2590637207031,323.33696848625215,319.3014807588833,321.6661110110973,26411000,-1.407047290394189,-0.3132544128909176,4.035487727368832,315.96144409179686
2023-09-01,321.138427734375,324.3922056211829,319.3014478601216,323.7277749745022,14942000,-2.5893472401272106,0.27457896224876155,5.0907577610612975,316.0382675170898
2023-09-05,325.9164733886719,327.1867399112931,321.13839981294905,321.47061510740485,18553900,4.4458582812670215,1.487846125425074,6.048340098344056,316.2404022216797
2023-09-06,325.2618103027344,326.80563776371406,322.62358978658284,325.75036744875047,17535800,-0.4885571460160918,-0.20086836333577107,4.182047977131219,316.6077392578125
2023-09-07,322.3597717285156,325.45720725929107,321.49990640162497,323.7081941893977,18381000,-1.348422460882091,-0.8922162031619107,3.957300857666098,317.0162094116211
2023-09-08,326.6200256347656,328.4667861972207,321.92010767166425,322.5356945258159,19530100,4.084331108949698,1.3215836093338318,6.546678525556445,317.6035629272461
2023-09-11,330.2060241699219,330.6750497904705,327.75345762157895,329.52203220068384,16583300,0.6839919692380363,1.097911411949437,2.92159216889155,318.46382598876954
2023-09-12,324.17724609375,329.08237965274225,323.8939043767627,328.1345774558951,17565500,-3.957331362145112,-1.8257625951334844,5.188475275979556,318.8749298095703
2023-09-13,328.3690490722656,329.1409777651763,323.59097536312447,323.7277558674077,16544400,4.641293204857902,1.2930589759231337,5.550002402051803,319.6019027709961
2023-09-14,330.9486389160156,333.05917964974554,328.86738060055865,331.388322477558,20267000,-0.4396835615423811,0.7855764272053145,4.191799049186898,320.49596405029297
2023-09-15,322.6627502441406,329.6784251727831,322.10578782450574,329.2094292987057,37679800,-6.546679054565061,-2.5036781232926297,7.57263734827734,321.1477020263672
2023-09-18,321.5292358398437,322.8385654506952,318.8910152474716,320.29806225418173,16834200,1.2311735856619634,-0.3513000504208441,3.9475502032236136,321.7623046875
2023-09-19,321.12860107421875,321.85168591600774,317.0833634746371,318.7053767522615,16505900,2.423224321957264,-0.12460290417400932,4.768322441370628,322.0930572509766
2023-09-20,313.428955078125,322.0471106852366,313.1749256275898,321.9689546587249,21436500,-8.539999580599897,-2.3976830373680147,8.872185057646789,322.01048736572267
2023-09-21,312.2174072265625,317.90422099600227,307.7910795608823,311.9535970361256,35560400,0.26381019043691367,-0.3865462433936595,10.113141435119985,321.6455368041992
2023-09-22,309.7550048828125,314.0933946356608,308.91467110299936,313.9663650092456,21447900,-4.211360126433078,-0.7886819526251254,5.178723532661422,321.50092163085935
2023-09-25,310.2729187011719,310.39994834578414,307.7910397456029,309.34464808220946,17836000,0.928270618962415,0.1672011138465157,2.6089086001812234,321.2351470947266
2023-09-26,304.9964599609375,308.65085775757245,302.92495267803366,307.9180220612958,26297600,-2.921562100358301,-1.7005862974835417,5.725905079538791,320.6703735351563
2023-09-27,305.63165283203125,307.10707545013054,302.60259191792346,305.15284644995364,19410100,0.4788063820776074,0.2082623749715351,4.504483532207075,319.90724792480466
2023-09-28,306.4621276855469,308.2600143272614,302.36801659248266,303.87275106769863,19683600,2.589376617848245,0.2717240985415925,5.891997734778727,319.16708221435545
2023-09-29,308.52392578125,312.15879317799545,307.7715582965106,310.478154923174,24147300,-1.9542291419239746,0.6727741895137695,4.387234881484858,318.5803253173828
2023-10-02,314.4354248046875,314.5233913479347,307.96693177846345,309.0417636602757,20570000,5.393661144411794,1.916058538561738,6.556459569471258,318.24517517089845
2023-10-03,306.21795654296875,314.034873285169,304.0878240681493,313.48766167957774,21033500,-7.269705136608991,-2.6134040930098967,9.947049217019696,317.26024932861327
2023-10-04,311.660400390625,312.71570064039577,306.8139213204077,306.8432335596144,20720100,4.8171668310105815,1.7773104846947607,5.901779319988066,316.58017883300784
2023-10-05,312.05126953125,312.6571055637684,307.6933472507753,311.78745935358154,16965600,0.2638101776684607,0.12541508004708657,4.96375831299315,316.0647537231445
2023-10-06,319.7705078125,321.6563316821838,309.06131118825493,309.30558981860264,25673600,10.464917993897359,2.4737083405702798,12.595020493928871,315.72227783203124
2023-10-09,322.2718811035156,322.7408769349448,315.78382712320234,317.3179038998877,19891200,4.953977203627915,0.7822401472002971,6.957049811742479,315.32557067871096
2023-10-10,320.8746032714844,323.52257487302114,320.1710797301385,323.38576454759857,20557100,-2.511161276114194,-0.43357112859078173,3.3514951428826407,315.16043853759766
2023-10-11,324.8123779296875,325.2032177209948,321.60744393030456,323.6300480505899,20063200,1.1823298790976082,1.2272004758417943,3.5957737906902594,314.98260498046875
2023-10-12,323.5811767578125,325.9946502834495,321.1970154685532,323.0046828962765,19313100,0.5764938615359938,-0.37904995484547843,4.797634814896298,314.6142318725586
2023-10-13,320.2297058105469,326.190079660526,318.8910340646987,324.7732817040409,21072400,-4.543575893494051,-1.035743482005469,7.299045595827295,314.4925796508789
2023-10-16,325.0273742675781,328.44727494049874,323.03405238313746,323.4737360067268,22158000,1.5536382608513009,1.498195941843572,5.41322255736128,314.6674865722656
2023-10-17,324.4606018066406,325.8285559881701,319.91702585909127,322.0471280716989,18338500,2.4134737349417037,-0.17437683894000466,5.9115301290788125,314.8340866088867
2023-10-18,322.55523681640625,327.909834737972,320.7866620472197,324.8807739787621,23153600,-2.325537162355829,-0.5872407865932128,7.1231726907523125,315.29040069580077
2023-10-19,323.7375183105469,329.1702714544596,323.336897867666,324.5485100623169,25052100,-0.8109917517700183,0.3665361337207296,5.833373586793641,315.86640625
2023-10-20,319.1940002441406,324.3238512632102,318.0019193859901,324.12841643957864,25027700,-4.934416195438018,-1.4034573719218568,6.321931877220095,316.3383560180664
2023-10-23,321.78326416015625,325.1152272501223,316.9660981811189,318.0213684250876,24374700,3.761895735068663,0.8111881532971044,8.14912906900338,316.91387329101565
2023-10-24,322.9656066894531,324.24562410946174,320.1026687848026,323.7179740081932,31153600,-0.7523673187400846,0.367434438326919,4.1429553246591695,317.8123306274414
2023-10-25,332.8735046386719,338.27694492327623,329.8932884639975,337.12392751509225,55053800,-4.250422876420373,3.067787325956872,8.383656459278711,319.17442321777344
2023-10-26,320.3861083984375,333.81165295289384,319.45783763585234,332.74660165744723,37828500,-12.36049325900973,-3.751393867706354,14.353815317041494,319.870622253418
2023-10-27,322.2621459960937,329.0140110865285,320.88441090808146,322.8679522434815,29856500,-0.6058062473878181,0.5855552249235174,8.129600178447049,320.55753326416016
2023-10-30,329.5904846191406,331.6815239306809,324.235886505314,325.77974409067264,22828100,3.8107405284679885,2.274030231008184,7.445637425366897,321.31528625488284
2023-10-31,330.3721008300781,331.2417468680917,327.0303866312015,331.09518568729226,20265300,-0.7230848572141326,0.2371476870276501,4.211360236890187,322.52299346923826
2023-11-01,338.1499938964844,339.46910432501784,331.8769062105877,332.01371654234873,28158800,6.136277354135643,2.354282654880313,7.5921981144301185,323.84747314453125
2023-11-02,340.3485412597656,340.84684939451466,336.87976677643417,339.29324086548826,24348100,1.055300394277367,0.6501692748674959,3.9670826180804966,325.26233673095703
2023-11-03,344.7259216308594,346.2795596471139,339.3811050850171,341.6284859220493,23637700,3.0974357088100533,1.2861463589329158,6.898454562096788,326.510107421875
2023-11-06,348.37060546875,349.3575005821622,345.2633887474612,345.36110615399525,23828300,3.0094993147547484,1.0572700250239597,4.094111834700982,327.8150436401367
2023-11-07,352.2790222167969,354.164845685057,349.44539667177366,351.17487827159056,25833900,1.1041439452063173,1.1219134699346656,4.719449013283338,329.38526458740233
2023-11-08,354.887939453125,355.54258936078696,352.2985626023582,353.40270657525184,26767800,1.485232877873159,0.7405826267800286,3.244026758428788,330.88904266357423
2023-11-09,352.4353942871094,356.441569279184,352.1129298373234,354.0085341532929,24847300,-1.57313986618351,-0.691075940702568,4.328639441860616,332.3317535400391
2023-11-10,361.2098693847656,361.6300213922687,352.80668013888885,353.2170514609085,28042100,7.992817923857103,2.489669096772995,8.823341253379851,334.38076171875
2023-11-13,358.288330078125,360.03737334526807,357.5261819771122,359.7930947254669,19986500,-1.504764647341915,-0.8088204543294397,2.5111913681558917,336.04380950927737
2023-11-14,361.796142578125,363.4377174527681,358.9429851939613,362.5192275200011,27683900,-0.7230849418760954,0.9790473776344122,4.494732258806778,337.91058654785155
2023-11-15,361.9430236816406,365.3306930182784,359.4365063311856,363.5193564786247,26860100,-1.5763327969840475,0.04059775277562849,5.89418668709277,339.8799758911133
2023-11-16,368.3071594238281,368.4833898217007,362.4423444484434,363.2060393855787,27182300,5.101120038249405,1.7583252959132212,6.041045373257305,342.1084579467773
2023-11-17,362.1192626953125,366.5447732050072,359.32882848725313,365.80064944827456,40157000,-3.681386752962055,-1.6800913504358306,7.2159447177540414,344.2547210693359
2023-11-20,369.5505981445313,370.950700532352,363.2452072509325,363.46060991672704,52465100,6.08998822780427,2.05217899592145,7.705493281419535,346.64308776855466
2023-11-21,365.2719421386719,368.35609354646346,363.36268990163154,367.8176018281633,28423100,-2.5456596894914014,-1.1577997782555527,4.993403644831915,348.75840454101564
2023-11-22,369.95208740234375,371.8515394102055,367.1322811275927,370.09894608755127,23345300,-0.1468586852075191,1.2812769675846436,4.7192582826127705,350.6123336791992
2023-11-24,369.5408020019531,370.0695230751344,367.2986899991627,369.44288626548433,10176600,0.09791573646879215,-0.1111726124532808,2.770833075971666,353.070068359375
2023-11-27,370.6961364746094,372.683733332582,368.336537498751,368.9044009726802,22179200,1.7917355019291676,0.3126405707833513,4.347195833830995,355.4917678833008
2023-11-28,374.7006530761719,374.994370396148,370.25554172918464,370.4415726583984,20453100,4.259080417773475,1.0802693115839368,4.738828666963343,357.74727630615234
2023-11-29,370.9311218261719,376.2671856758015,369.5505906614915,375.738494499301,28963400,-4.807372673129123,-1.0060113904401757,6.7165950143099735,359.77522735595704
2023-11-30,370.9898681640625,372.1451961390215,367.6217700935787,370.5786340328009,30554400,0.4112341312616081,0.015837532747697836,4.523426045442818,361.41722106933594
2023-12-01,366.6819152832031,370.25561616658536,363.5487904683599,368.88488526497616,33040500,-2.2029699817730375,-1.1612049952141157,6.70682569822543,362.7338897705078
2023-12-04,361.4241638183594,361.7961958706365,355.31457343804857,361.3849915413908,32063300,0.03917227696859982,-1.4338725870303604,6.481622432587926,363.5688018798828
2023-12-05,364.7334289550781,365.2817212233485,357.9776614584204,358.7903292029664,23065000,5.943099752111721,0.9156181207579328,7.30405976492807,364.3869430541992
2023-12-06,361.0911560058594,366.35870548187097,360.33726166675575,365.7320986020271,21182100,-4.640942596167747,-0.998612317947789,6.021443815115219,364.82754974365236
2023-12-07,363.1963195800781,363.6858684513926,358.66309225095546,360.5331725249397,23118900,2.663147055138438,0.5830005911816372,5.022776200437136,365.24296875
2023-12-08,366.40771484375,366.6328881744278,360.5331290956208,361.4828549867559,20154400,4.92485985699409,0.884203691101515,6.09975907880704,365.941584777832
2023-12-11,363.5389404296875,363.8326876484096,358.44765064841334,360.77790780370736,27708800,2.7610326259801354,-0.7829459637021752,5.3850369999962595,366.05803833007815
2023-12-12,366.5545654296875,366.59373770012405,362.7164896784692,363.0983520859286,24838300,3.456213343758918,0.8295191146334036,3.87724802165485,366.4713500976562
2023-12-13,366.5447692871094,369.7464376106383,363.0200118977458,368.16027437565873,30955500,-1.6155050885493552,-0.0026724923113841115,6.726425712892478,366.70878143310546
2023-12-14,358.2811889648437,365.9475401487158,356.5188251808004,365.5069342628608,43277500,-7.225745298017102,-2.254453211360097,9.428714967915425,366.52568969726565
2023-12-15,362.9808654785156,364.6159417445296,358.6238691889497,359.1819619943408,78502300,3.7989034841748435,1.311728513364141,5.9920725555799095,366.259375
2023-12-18,364.8607482910156,365.2034384585368,360.9737292655857,361.7276536100702,21802900,3.133094680945419,0.5179013527398357,4.229709192951134,366.39644927978514
2023-12-19,365.4580078125,365.4580078125,362.1094806161989,363.7249858043668,20603700,1.7330220081332186,0.16369519721755044,3.34852719630112,366.1918197631836
2023-12-20,362.8731384277344,368.1700598934919,362.785023231556,367.161590586535,26316700,-4.288452158800624,-0.7072958669691598,5.385036661935885,366.0718795776367
2023-12-21,365.7321166992188,366.5839268091088,362.3052751851502,364.77259031859234,17708000,0.9595263806264711,0.7878726664287905,4.278651623958581,365.86088104248046
2023-12-22,366.7503662109375,367.3378307474357,364.9194584779402,365.8691843460341,17107500,0.8811818649033967,0.27841402633941303,2.418372269495478,365.7213592529297
2023-12-26,366.8287048339844,369.0610461329153,365.69294804966,367.1615944273694,12673100,-0.3328895933850049,0.02136020308751707,3.3680980832552905,365.5279876708984
2023-12-27,366.25103759765625,367.2203346368523,365.0173650898164,365.8789757378514,14905400,0.3720618598048304,-0.15747601774772635,2.2029695470358774,365.10550689697266
2023-12-28,367.435791015625,368.59111915362496,366.3392063504256,367.5239062248259,14327000,-0.08811520920090743,0.3234812454702807,2.251912803199332,364.9307403564453
2023-12-29,368.1798706054688,369.2764551389083,365.67338313483896,368.140698335078,18730800,0.039172270390793074,0.20250601820446246,3.603072004069361,364.7902404785156
2024-01-02,363.117919921875,368.0427796247224,359.1036138103624,366.0454121665628,25258600,-2.927492244687812,-1.374858075556784,8.939165814360024,364.6120407104492
2024-01-03,362.8536071777344,365.4580105992302,360.8072966064926,361.2968454478335,23083500,1.5567617299008703,-0.07278978250302437,4.650713992737565,364.68351287841796
2024-01-04,360.2491149902344,365.30126137357655,359.4952207170188,362.9220617620248,20901500,-2.672946771790407,-0.7177804315513514,5.806040656557741,364.4592971801758
2024-01-05,360.0631408691406,364.2830491168241,358.8392688743441,361.2576411312496,21004600,-1.1945002621089884,-0.051623755161422924,5.443780242479988,364.4078964233398
2024-01-08,366.8580932617188,367.3574426143648,361.2968258961624,361.58074269539895,23134000,5.277350566319853,1.887155785003758,6.060616718202425,364.5909851074219
2024-01-09,367.9350891113281,368.1308907001316,363.4312342532303,364.2341014424794,20830000,3.700987668848711,0.29357287446865055,4.699656446901315,364.66735382080077
2024-01-10,374.7691650390625,376.1399255368866,368.4540036584579,368.5029465849431,25514200,6.266218454119382,1.8574134759043126,7.685921878428701,365.2288650512695
2024-01-11,376.59027099609375,382.5137988372754,372.42910667865823,377.9316297717882,27850800,-1.3413587756944594,0.48592737261119456,10.084692158617145,365.7306503295898
2024-01-12,380.35003662109375,380.5556387457832,376.6098767088899,377.4323150873344,21661200,2.917721533759334,0.9983703548833933,3.9457620368933135,366.42091369628906
2024-01-16,382.11236572265625,385.7937818374704,379.5177633564959,385.43152054781376,27202300,-3.3191548251575114,0.4633440073303241,6.276018480974528,367.6124725341797
2024-01-17,381.3291931152344,381.95580012337945,376.7665941196336,379.8703470627965,22234100,1.4588460524378775,-0.20495871834472768,5.189206003745824,368.52988891601564
2024-01-18,385.6371765136719,385.75466344784127,381.96556042243856,383.5321225973024,23392100,2.1050539163694566,1.1297281918658753,3.78910302540271,369.56871032714844
2024-01-19,390.3369140625,390.3369140625,385.2749655359667,387.4877360177002,29331100,2.849178044799828,1.2186941081033131,5.0619485265332855,370.8126556396484
2024-01-22,388.2219848632813,392.2460615111464,385.3630068278654,391.6585969965062,27016900,-3.436612133224912,-0.5418214683328815,6.8830546832810455,372.0800979614258
2024-01-23,390.56201171875,391.0319893054533,385.69589563777015,387.4778603727062,20525900,3.084151346043825,0.6027548533328764,5.336093667683144,373.3215927124023
2024-01-24,394.1455383300781,397.1513752160577,392.079656679383,393.14686950723774,24867000,0.9986688228403864,0.9175307643357389,5.071718536674723,374.69135131835935
2024-01-25,396.4072570800781,398.5025403738,394.1161721859946,395.8687653294727,21021200,0.5384917506054308,0.5738283273692524,4.386368187805374,376.17027893066404
2024-01-26,395.4868774414063,397.6800763339306,394.01823107466254,395.917682766026,17803300,-0.4308053246197119,-0.23218032017155998,3.661845259268034,377.6320709228516
2024-01-29,401.1558837890625,401.41045873539736,395.8785331996652,397.5723828631368,24510200,3.583500925925705,1.433424639606673,5.531925535732171,379.3180755615235
2024-01-30,400.0494689941406,404.4162357513152,397.9542157503529,403.64277019124665,33477600,-3.5933011971060296,-0.2758066975040663,6.462020000962298,380.9115554809571
2024-01-31,389.2696533203125,406.6388669659615,388.9073919493629,398.4535945955144,47871100,-9.183941275201903,-2.694620668021941,17.73147501659861,382.21914215087895
2024-02-01,395.3400573730469,399.4718507500115,393.4014332230129,393.4308049580275,30657700,1.9092524150193526,1.5594341868050199,6.070417526998654,383.8434646606446
2024-02-02,402.6245422363281,404.02464472350925,395.1246505510253,395.36942496681314,28256700,7.255117269514983,1.8425870911450648,8.899994172483957,385.96223602294924
2024-02-05,397.1709289550781,402.5657662041655,395.5456233801517,401.3320936868834,25352300,-4.161164731805286,-1.3545158601009688,7.020142824013817,387.8176254272461
2024-02-06,397.0142517089844,399.44242436350055,394.4881932042721,397.396114091618,18382600,-0.38186238263364203,-0.03944831675015692,4.9542311592284705,389.3254333496094
2024-02-07,405.3953857421875,405.640160164174,398.88439209328425,398.9235643671154,22340500,6.471821375072125,2.111041101704969,6.755768070889758,391.1984481811524
2024-02-08,405.45416259765625,406.87386631395066,403.9072012703904,405.3954191219178,21225300,0.05874347573842442,0.014498649352190363,2.9666650435602833,392.73269805908205
2024-02-09,411.759521484375,412.0238969836169,406.4136564644989,406.5703156804263,22032800,5.18920580394871,1.5551348261716447,5.610240519118008,394.49116058349614
2024-02-12,406.580078125,411.94551383927785,406.0807287884979,411.769283442755,21202900,-5.189205317755011,-1.2578806534220055,5.864785050779972,395.8026626586915
2024-02-13,397.8269653320313,401.4985815288795,394.9582163813525,396.4758057908408,27824900,1.3511595411904977,-2.1528631784751617,6.540365147527041,396.5883926391602
2024-02-14,401.672119140625,402.01544302317166,396.8460672009255,400.2792461565028,20401200,1.3928729841222207,0.9665392604506939,5.169375822246138,397.6055389404297
2024-02-15,398.7980346679688,401.3189759217452,396.5713838346197,400.3478863847026,21825500,-1.5498517167337695,-0.7155299896854372,4.747592087125497,398.26358184814455
2024-02-16,396.3457336425781,400.49498577796,395.7375753961264,400.1712693339194,22296500,-3.8255356913412584,-0.6149230468079914,4.757410381833608,398.5640228271485
2024-02-20,395.10003662109375,396.76756266074034,390.4112964520626,395.5414273661721,24307900,-0.4413907450783654,-0.31429555454928204,6.356266208677766,398.9079254150391
2024-02-21,394.5016479492188,394.6095634160917,389.6363517174895,392.5300428466808,18518900,1.9716051025380352,-0.15145244657337464,4.973211698602199,399.1049072265625
2024-02-22,403.7908630371094,404.9483275530714,400.76967888893086,402.3587454167674,27009900,1.4321176203419554,2.3546707944516188,4.178648664140553,399.58717346191406
2024-02-23,402.505859375,407.9204617572133,401.162019956702,407.73411674298126,16295900,-5.228257367981257,-0.318234952728802,6.758441800511264,399.89210357666013
2024-02-26,399.7593383789063,404.2911294979053,399.5827521513917,403.6044817802024,16193500,-3.8451434012960704,-0.6823555315091379,4.7083773465136005,400.10572662353513
2024-02-27,399.7005004882813,400.5244598178457,396.1397987868088,400.2007433350152,14835800,-0.5002428467338973,-0.014718327997942371,4.384661031036899,400.03295745849607
2024-02-28,399.9358520507813,401.48567367865326,397.58167859587735,400.3870613953607,13183100,-0.45120934457941075,0.0588819784344663,3.903995082775907,400.02727661132815
2024-02-29,405.742919921875,406.2922261701258,398.1703067167653,400.8383784661031,31947300,4.904541455771891,1.451999824800998,8.121919453360476,400.85093994140624
2024-03-01,407.56732177734375,407.9302529902988,403.0355310756915,403.4180696743678,17823400,4.149252102975936,0.4496447789698932,4.894721914607317,401.4623031616211
2024-03-04,406.99847412109375,409.3820740419509,404.4481066223211,405.5467190993445,17596000,1.4517550217492499,-0.1395714587149266,4.9339674196297665,401.6809997558594
2024-03-05,394.9626770019531,406.3412180011649,392.991071894389,406.0567462440755,26919200,-11.094069242122373,-2.957209396210081,13.350146106775924,401.5705871582031
2024-03-06,394.413330078125,397.4247250969949,390.7839881082766,395.2765339863949,22344100,-0.8632039082698952,-0.13908831284972223,6.640736988718288,401.44054107666017
2024-03-07,401.3288269042969,401.9565926355365,394.5605358436286,398.3664647487739,18718500,2.9623621555229533,1.7533628553583869,7.396056791907881,401.2372131347656
2024-03-08,398.4644775390625,402.5843034085502,396.6105469173114,400.17124800230863,18002200,-1.70677046324613,-0.7137163276630054,5.973756491238817,400.8877288818359
2024-03-11,396.7969970703125,397.93485423983793,393.5992565104688,396.0515271512708,16120800,0.7454699190416818,-0.41847656760984897,4.335597729369113,400.1396026611328
2024-03-12,407.3515930175781,407.6360648031442,399.02369122398767,399.8378319323999,22457000,7.513761085178203,2.659948544266677,8.612373579156554,400.17817840576174
2024-03-13,407.1749877929688,410.1961717884516,403.5946789555971,410.11771230614136,17115900,-2.94272451317255,-0.04335449465191488,6.60149283285449,400.6455795288086
2024-03-14,417.1017761230469,419.6521433696343,410.009799228429,412.21684262615895,34157300,4.884933496887925,2.437966139296699,9.642344141205285,401.4170623779297
2024-03-15,408.46978759765625,414.5317928189051,404.9090862008724,411.28498921650765,45079900,-2.815201618851404,-2.069516127604343,9.62270661803268,401.90065002441406
2024-03-18,409.3525695800781,412.697469745091,405.88014657431177,406.3411745720687,20106000,3.0113950080094014,0.21611928451643614,6.817323170779218,402.5509918212891
2024-03-19,413.3645324707031,413.61957818454806,407.6163947925088,409.8528643144651,19837900,3.511668156238045,0.980075169612471,6.003183392039261,403.4642166137695
2024-03-20,417.1116027832031,417.8276466076136,412.6288451450149,413.94325853489937,17860100,3.168344248303754,0.9064808463618235,5.198801462598681,404.59471435546874
2024-03-21,421.1725463867188,422.5948752417206,419.004747660182,421.6237557740876,21296200,-0.4512093873688059,0.9735868233870182,3.5901275815386384,405.4637985229492
2024-03-22,420.5545654296875,421.6531778067011,417.9355573407252,421.4962588399353,17648500,-0.9416934102478081,-0.1467286893063302,3.7176204659758696,406.3662338256836
2024-03-25,414.7868347167969,419.2499850699005,413.5606994442316,417.1214010653521,18060500,-2.3345663485551995,-1.3714583521397872,5.6892856256689015,407.11760864257815
2024-03-26,413.599853515625,417.85699065684025,413.3055930886728,417.4842408260764,16725600,-3.884387310451416,-0.2861665563667959,4.551397568167431,407.8125762939453
2024-03-27,413.3841247558594,416.3464866009306,411.0103437373624,416.3366679400052,16705000,-2.9525431841458385,-0.052158809518887406,5.3361428635681705,408.48498992919923
2024-03-28,412.687744140625,413.81578270674646,411.1182848623514,412.92315255513495,21871200,-0.23540841450994776,-0.16845848051026957,2.697497844395059,408.83223114013674
2024-04-01,416.4642333984375,419.7208560550212,414.1590929657669,415.85607505767865,16316000,0.6081583407588482,0.9150960529919816,5.5617630892543275,409.2770767211914
2024-04-02,413.3940124511719,414.3160686838876,409.8627364466167,412.0893875977787,17912000,1.304624853393193,-0.7372111939150106,4.453332237270899,409.5968536376953
2024-04-03,412.4228515625,415.17920112214335,411.0888008867087,411.716596483538,16502300,0.7062550789619877,-0.23492379169052224,4.090400235434629,410.46986236572263
2024-04-04,409.9019470214844,420.4859554910503,409.59786785676073,416.8761903565226,19370900,-6.9742433350382385,-0.6112426921701775,10.888087634289548,411.2442932128906
2024-04-05,417.3960571289063,418.36717662742586,410.33353586981326,411.9912731648726,16554800,5.404783964033697,1.828268970634861,8.033640757612602,412.0476547241211
2024-04-08,416.4838562011719,419.1225019527215,415.2184760981184,417.052799785157,14272400,-0.5689435839851171,-0.21854565038517126,3.9040258546031055,412.94862365722656
2024-04-09,418.14154052734375,419.5736580977935,413.57050478624086,418.29848942937065,12496900,-0.15694890202689749,0.39801886711574586,6.003153311552637,414.01585083007814
2024-04-10,415.1792297363281,415.93451830181,411.68719880938414,414.1296507389469,16216600,1.049578997381218,-0.7084469022809015,4.247319492425845,414.4072326660156
2024-04-11,419.7600708007813,421.1725811111206,414.2964045264092,417.6903687099733,17966400,2.0697020908079935,1.1033406144527858,6.876176584711402,415.03648681640624
2024-04-12,413.8451843261719,417.062562185961,411.7558449659076,415.9541310748391,19253800,-2.108946748667222,-1.4091112723812804,5.306717220053372,414.8736572265625
2024-04-15,405.742919921875,418.6712840149029,405.5369076275719,418.4554829934512,20273500,-12.712563071576199,-1.9578008180738182,13.134376387330974,414.73731384277346
2024-04-16,406.6648864746094,410.4119627811132,405.8311384974836,406.6550977488978,16765600,0.009788725711587176,0.227229239862492,4.580824283629568,414.6029296875
2024-04-17,403.9772644042969,410.8828671108079,402.49608331512337,409.28398181705415,15855500,-5.30671741275728,-0.6608935661034265,8.38678379568455,414.13356628417966
2024-04-18,396.5517578125,404.02630364118,396.2378899306863,402.7903496970384,21029900,-6.23859188453838,-1.8381001224775595,7.788413710493671,413.1055740356445
2024-04-19,391.5000915527344,397.738683518828,390.1758594431205,396.3163545983272,30565800,-4.816263045592848,-1.273898339937296,7.5628240757075105,411.6219512939453
2024-04-22,393.3049011230469,395.1588317901122,388.1943783333411,392.4416972104412,20286900,0.8632039126056839,0.4609985053015908,6.964453456771082,410.2594680786133
2024-04-23,399.7887573242188,400.4067342721825,395.3648518176367,396.5223162949651,15734500,3.2664410292537127,1.6485571836653667,5.041882454545828,409.5095642089844
2024-04-24,401.2503051757813,404.5952057239604,399.0138356812,401.7407592748994,15065300,-0.49045409911809656,0.36558002814901513,5.581370042760398,408.8920867919922
2024-04-25,391.4216613769531,392.2554394295144,380.6218512778305,386.5073011524572,40586500,4.914360224495908,-2.449504379696965,11.63358815168391,407.79396362304686
2024-04-26,398.5626831054688,405.1151436193312,398.01337683095016,404.3010028701169,29694700,-5.738319764648111,1.8243808233286973,7.101766788381042,407.08771057128905
2024-04-29,394.57037353515625,398.5626776003093,391.5687964569437,397.51309850869376,19582100,-2.9427249735375085,-1.0016767097224988,6.993881143365627,405.993017578125
2024-04-30,381.89697265625,394.4820415046003,381.74005368851095,393.8248198455559,28781400,-11.927847189305908,-3.2119494338510024,12.741987816089363,404.4181655883789
2024-05-01,387.3999328613281,394.050490048908,382.8583225669511,385.11439972061993,23562500,2.2855331407081962,1.4409541313728624,11.192167481956915,403.1670196533203
2024-05-02,390.2445068359375,392.29460134045365,387.11540734616494,390.0679505478797,17709400,0.17655628805778179,0.7342732234358884,5.17919399428871,402.184147644043
2024-05-03,398.8961486816406,399.3767841403129,394.1877711661832,394.59976579857647,17446700,4.296382883064155,2.2169797893760945,5.189012974129696,401.2591522216797
2024-05-06,405.6447448730469,406.027283466649,398.6116206105037,400.956005342998,16996600,4.688739530048849,1.691817836223919,7.415662856145332,400.7171966552734
2024-05-07,401.5249633789063,406.75322090554647,401.2797363262293,406.74340224425765,20018200,-5.218438865351345,-1.0156131803038426,5.473484579317187,399.88636779785156
2024-05-08,402.7020263671875,404.3597634781988,398.9451315189421,400.37727892161104,11792300,2.324747445576463,0.2931481465999086,5.414631959256667,399.2625076293945
2024-05-09,404.4480590820313,404.84041635842834,401.2895336143813,402.7314698047202,14689700,1.7165892773111295,0.4335793218114503,3.550882744047044,398.49690704345704
2024-05-10,406.8218688964844,407.4496645311695,403.93799631140473,405.0562460600837,13402300,1.7656228364006665,0.5869257525529692,3.511668219764772,398.14574127197267
2024-05-13,405.8213806152344,410.362990806316,402.97675254945415,410.0294855785296,15440200,-4.208104963295227,-0.24592785141168694,7.386238256861873,398.1496643066406
2024-05-14,408.6071166992188,409.51935413927424,403.69275704643184,404.153785097042,15109300,4.453331602176831,0.6864438930647809,5.826597092842405,398.24677581787114
2024-05-15,415.7511901855469,416.4685555680916,410.0418362179186,410.6609278510968,22239500,5.090262334450074,1.7483967347506901,6.426719350172959,398.83547210693365
2024-05-16,413.6974182128906,418.05070261448816,413.0685201659648,414.4933846408868,17530100,-0.7959664279961771,-0.49399064179218577,4.982182448523361,399.69275512695316
2024-05-17,412.930908203125,415.5939858480529,410.7886784280323,415.2205635959117,15352200,-2.289655392786699,-0.1852827636867671,4.805307420020597,400.7642959594727
2024-05-20,417.9720153808594,419.3772369114519,412.7146851212101,412.9308753558347,16272100,5.041140025024674,1.2208112973840723,6.662551790241821,401.9976516723633
2024-05-21,421.6079406738281,425.4698558470045,417.4905197677202,419.4362019217813,21453300,2.171738752046849,0.869896825426375,7.979336079284337,403.0886108398438
2024-05-22,423.0623168945313,424.9195918098365,419.7310556819618,422.6397727564984,18073700,0.42254413803289026,0.3449593995736189,5.188536127874727,404.1792114257813
2024-05-23,419.6032409667969,426.0889176680517,418.05062390261264,425.46982612085486,17211700,-5.8665851540579865,-0.8176279922838869,8.03829376543905,405.5882904052735
2024-05-24,422.7085266113281,423.5929302999633,417.0581313925194,419.7899734465773,11855300,2.918553164750847,0.7400528264215556,6.534798907443928,406.7955825805665
2024-05-28,422.8657836914063,423.35712243524114,419.2102222377172,422.1877338257991,15718000,0.6780498656071927,0.037202249346335314,4.146900197523962,408.21035308837895
2024-05-29,421.7357177734375,423.4750461602697,418.3159892619867,418.3159892619867,15517100,3.419728511450785,-0.2672398575509938,5.159056898282984,410.2022903442383
2024-05-30,407.4868774414063,416.95003623481153,407.0643033400361,416.95003623481153,28394500,-9.463158793405228,-3.378618345929585,9.885732894775458,411.2066375732422
2024-05-31,407.9389343261719,409.5308671519035,397.50290358954135,409.5308671519035,47995300,-1.5919328257316465,0.11093777733506283,12.027963562362174,412.0913589477539
2024-06-03,406.3568115234375,409.2164068055829,401.8365187640821,408.33200300435846,17484700,-1.9751914809209552,-0.38783324404857433,7.379888041500806,412.4643920898437
2024-06-04,408.8626403808594,409.22622626275023,402.58331667273,405.2856798357907,14348900,3.5769605450686868,0.6166572791108216,6.642909590020224,412.6252868652344
2024-06-05,416.66510009765625,416.7338647316788,409.0886349128657,410.5724875475957,16988000,6.092612550060551,1.9083327617140045,7.645229818813107,413.3822937011719
2024-06-06,417.1662292480469,417.9425528471417,413.29447761268017,416.66508413024746,14861300,0.5011451177994104,0.12027144828621328,4.648075234461544,414.10550384521486
2024-06-07,416.50787353515625,418.89577271534046,415.67259164399417,418.8171717087438,13621700,-2.3092981735875355,-0.15781615738102994,3.223181071346289,414.70849456787107
2024-06-10,420.4581909179688,420.6645447832034,416.5471539046789,417.3431202309482,13982900,3.115070687020591,0.9484376247881787,4.117390878524475,415.3903106689453
2024-06-11,425.1849060058594,425.3224952545953,417.88361916349896,418.1096457911631,14551100,7.0752602146963,1.1241819495943162,7.438876091096347,416.3584869384766
2024-06-12,433.4197387695313,435.7192005368738,425.7450298401941,427.7791794767063,22366200,5.640559292825003,1.9367650749950283,9.974170696679721,417.5991180419922
2024-06-13,433.93072509765625,435.7093989946261,431.7590161803077,433.2133897026112,15960600,0.7173353950450405,0.11789641366486414,3.9503828143184023,418.50809478759766
2024-06-14,434.9036254882813,435.4637589084296,429.1549556248856,430.6879302565991,13582000,4.2156952316822185,0.22420638464955012,6.308803283544023,419.5684051513672
2024-06-17,440.6031188964844,443.1286073434569,433.0856417971322,434.92324397820295,20790000,5.679874918281428,1.3105187159118348,10.042965546324695,420.95201568603517
2024-06-18,438.6082763671875,442.34246889984814,437.18341197055486,441.9198947788086,17112500,-3.3116184116211116,-0.45275270277093105,5.1590569292932855,421.98382873535155
2024-06-20,437.9793395996094,438.79494866589,433.62605582240985,438.56892206249415,19877400,-0.5895824628847777,-0.14339373000148425,5.168892843480137,422.8023986816406
2024-06-21,441.98870849609375,442.7748385427533,438.7753636944757,439.63028836717615,34187100,2.3584201289176008,0.9154242070298579,3.9994748482776004,423.74871826171875
2024-06-24,439.9151916503906,444.9071794974399,438.677008567092,442.0082692588683,15913700,-2.0930776084776994,-0.46913344296927173,6.230170930347924,424.7643157958984
2024-06-25,443.138427734375,443.6002873559244,439.0111702656813,440.4851865060809,16413400,2.653241228294121,0.7326948796407828,4.589117090243121,425.78581085205076
2024-06-26,444.3274536132813,445.7425115856911,440.42622281234816,441.2221891732116,16507000,3.105264440069732,0.2683192890730268,5.316288773342933,426.85889434814453
2024-06-27,445.0054626464844,448.2679587829335,443.9441542700809,444.3470555991846,14806300,0.658407047299761,0.15259219921917033,4.3238045128525755,428.0223815917969
2024-06-28,439.2077026367188,447.4916664251775,438.6770484115445,445.2216838922394,28362300,-6.013981255520605,-1.3028514246287703,8.814618013633037,429.6084228515625
2024-07-01,448.81829833984375,449.447196335744,437.940051387917,440.8880838417333,17662800,7.930214498110445,2.188166474638109,11.507144947827044,431.6523910522461
2024-07-02,451.3241271972656,451.6287548273333,445.26099374388446,445.349461110364,13979800,5.974666086901607,0.5583169997058546,6.3677610834488405,433.9007568359375
2024-07-03,452.7882995605469,453.03396893483153,449.94837718806366,450.2530048130616,9932800,2.5352947474852954,0.32441703756760365,3.085591746767875,436.0970397949219
2024-07-05,459.460693359375,460.2370169877969,451.0194971621594,451.6483951731934,16000300,7.812298186181579,1.4736232816316086,9.21751982563751,438.2368194580078
2024-07-08,458.1635437011719,459.598274429734,456.4143789671548,458.46817132419625,12962300,-0.3046276230243734,-0.28232004977812863,3.183895462579187,440.28668518066405
2024-07-09,451.57958984375,459.2346253511444,450.0662582205172,458.91035499777627,17207200,-7.330765154026267,-1.4370313718622962,9.168367130627189,442.04027099609374
2024-07-10,458.1734008789063,458.3797547644369,450.9113994976311,453.2305340754163,18196100,4.942866803490006,1.4601658674250118,7.468355266805759,443.9260314941406
2024-07-11,446.8234558105469,456.728831473244,443.7279978013262,454.9600240299205,23111200,-8.1365682193736,-2.477216059812082,13.000833671917803,445.007958984375
2024-07-12,445.6933898925781,448.4547114032981,442.8436310012122,446.4598771804481,16324300,-0.7664872878699498,-0.25291105542317727,5.611080402085918,445.6216415405273
2024-07-15,446.0963134765625,449.3391675395858,443.6101403560481,445.44774266395785,14429400,0.6485708126046461,0.09040376032534159,5.72902718353771,446.2299209594727
2024-07-16,441.7331848144531,446.4303821266817,438.92274152217504,446.3517811207802,17175700,-4.618596306327049,-0.9780687556250389,7.507640604506662,446.57139892578124
2024-07-17,435.8370666503906,437.1440443771928,431.5722503624344,434.9231838720288,21778000,0.913882778361824,-1.3347691246106241,5.571794014758439,446.3330963134766
2024-07-18,432.74169921875,436.9475578488645,426.8751131633182,436.6429302135875,20794800,-3.9012309948374764,-0.710212065125615,10.072444685546316,446.0397674560547
2024-07-19,429.53814697265625,433.4983660809728,424.5166793500345,425.5976305961669,20940400,3.94051637648937,-0.7402920152777659,8.981686730938293,445.61770782470705
2024-07-22,435.2671508789063,436.89839903999433,431.3069619660928,434.1370778123692,15808800,1.1300730665370793,1.3337590494878038,5.591437073901545,445.28162994384763
2024-07-23,437.1441040039063,440.6227908473453,435.4244183311835,436.21054835742433,13107100,0.9335556464819774,0.4312186484116687,5.198372516161783,445.14307556152346
2024-07-24,421.4703979492188,433.83249840274334,420.18309274942834,432.820341719192,26805800,-11.349943769973208,-3.585478086317151,13.649405653315,444.05967407226564
2024-07-25,411.15228271484375,422.3548008358992,410.2777152857788,421.3721232816147,29943800,-10.219840566770927,-2.448123352097964,12.077085550120387,442.4009155273437
2024-07-26,417.90325927734375,421.490056226304,410.0418390958428,410.95575198353527,23583800,6.947507293808485,1.6419649960163651,11.44821713046116,441.0458053588867
2024-07-29,419.3380126953125,424.6641083620649,417.3431784161,424.10397494654256,15125800,-4.765962251230064,0.3433219019276734,7.320929945964906,440.0523208618164
2024-07-30,415.5939636230469,421.6177512482942,410.1302493681845,420.3108034246303,32687600,-4.716839801583433,-0.8928475260805979,11.487501880109733,438.39110412597654
2024-07-31,411.1031799316406,414.4737569020805,405.06952507333295,413.2159307737182,42891400,-2.11275084207756,-1.0805699996835116,9.404231828747527,436.3800567626953
2024-08-01,409.8845825195313,420.05530026736574,405.9342299111822,413.5008583778063,30296400,-3.616275858275003,-0.29642130530636024,14.121070356183566,434.23487091064453
2024-08-02,401.4138793945313,407.8111188309651,397.3357742040084,405.3445889736249,29437900,-3.930709579093616,-2.0666069147883492,10.475344626956712,431.33253021240233
2024-08-05,388.3049926757813,394.0929773151557,378.9007621776494,382.42860065253456,40709200,5.876392023246751,-3.265678490868995,15.192215137506253,427.8396026611328
2024-08-06,392.687744140625,398.6427974223072,391.59698650264767,393.07100276300895,24946500,-0.3832586223839485,1.1286878993346017,7.045810919659516,424.89501037597654
2024-08-07,391.5281677246094,402.9763539760022,390.58480577308114,401.5613260431776,20650900,-10.033158318568212,-0.2952922349418574,12.391548202921058,421.56274871826173
2024-08-08,395.7143859863281,398.8294567188382,393.0120229903142,395.46871662305415,20203000,0.2456693632739757,1.0691997681922194,5.817433728523952,419.0072952270508
2024-08-09,398.9866943359375,400.9815283942931,395.2918474526737,397.03117577316215,19276700,1.955518562775353,0.8269369185184061,5.689680941619372,416.6719604492188
2024-08-12,399.7630310058594,401.6792641246606,397.237542635852,400.008700380632,16762900,-0.24566937477260353,0.19457708263028728,4.441721488808639,414.3552963256836
2024-08-13,406.83831787109375,407.7620371122612,402.475227409518,402.49487016333154,19414300,4.343447707762209,1.7698702272273659,5.286809702743199,412.6105529785156
2024-08-14,409.638916015625,410.484034234621,405.30533476037385,407.6146028252248,18267000,2.024313190400221,0.6883811139487106,5.178699474247139,411.30064544677737
2024-08-15,414.4823913574219,414.5611340262228,411.16480439429694,413.27150876832536,20752100,1.2108825890965136,1.1823767597344492,3.39632963192588,410.38768005371094
2024-08-16,411.9622802734375,414.787643452163,410.81046198721873,414.0591609720714,22775600,-2.0968806986339246,-0.6080140282271218,3.9771814649442945,409.50888671875
2024-08-19,414.9746398925781,415.191219798164,409.98347800679744,412.4445996416413,15234000,2.5300402509368496,0.7312221927554097,5.207741791366573,408.49426116943357
2024-08-20,418.1938171386719,419.2373304106215,415.08298552534507,415.14205004692775,16387600,3.051767091744125,0.7757527657417995,4.15434488527643,407.5467468261719
2024-08-21,417.5440673828125,419.7689009161739,415.1616884163413,417.484972823902,16067300,0.05909455891048765,-0.1553704835487557,4.607212499832599,407.3504302978516
2024-08-22,409.0876159667969,420.1528389914807,408.1622318516386,417.7606059891525,19361900,-8.672990022355634,-2.025283575221437,11.990607139842098,407.24719696044923
2024-08-23,410.308349609375,412.73993890763575,405.68142906839694,410.4953972510095,18493800,-0.18704764163447862,0.2984039591844345,7.058509839238809,406.8674514770508
2024-08-26,407.0596923828125,410.7907614506505,404.94313363943934,409.89490950861074,13152800,-2.8352171257982377,-0.791759960443239,5.847627811211169,406.25353546142577
2024-08-27,407.40423583984375,407.91613833509496,403.8700687036349,406.4394653233815,13492900,0.964770516462238,0.08464199808495554,4.046069631460057,405.84404907226565
2024-08-28,404.214599609375,408.5461674240689,400.97575531583215,408.4280383994025,14882700,-4.21343879002751,-0.7829168059319436,7.570412108236781,405.49962005615237
2024-08-29,406.6954650878906,415.4865852646763,404.2146650393698,408.4871690333183,17045200,-1.7917039454276846,0.6137495975932383,11.27192022530653,405.3401641845703
2024-08-30,410.6529541015625,410.9974871196902,405.72085639315753,409.1368946584357,24308300,1.5160594431267782,0.9730841264277812,5.276630726532687,405.8021179199219
2024-09-03,403.07269287109375,413.35034007836833,400.7001678121759,411.4109748667296,20313600,-8.338281995635839,-1.845904468665771,12.650172266192442,406.5405029296875
2024-09-04,402.5410461425781,404.8446523736478,398.0814949690352,399.5975542989317,15135800,2.9434918436464272,-0.13189847338173077,6.7631574046126275,407.03316802978514
2024-09-05,402.03900146484375,406.6757462274151,399.8141378862011,401.2809567714184,14195500,0.7580446934253473,-0.12471887837161022,6.861608341214037,407.5587097167969
2024-09-06,395.4530944824219,404.26389320560224,394.5670665291359,402.6986232207198,19609500,-7.245528738297935,-1.6381263903317511,9.696826676466344,407.54564514160154
2024-09-09,399.4104919433594,402.294919165343,395.8960031892495,400.90684301767806,15295100,-1.4963510743186816,1.0007248688032266,6.3989159760935195,407.5668350219727
2024-09-10,407.7586364746094,409.8554868302287,401.3597203496137,401.8519446669211,19594300,5.906691807688276,2.0901164840791964,8.495766480614975,407.9666152954102
2024-09-11,416.4611511230469,417.3963592828998,403.21045111442425,409.0384001428348,19266900,7.422750980212072,2.1342318396190274,14.185908168475578,408.4477569580078
2024-09-12,420.3595581054688,420.7237992857079,413.2223056552003,416.72694031699655,17395700,3.6326177884722597,0.9360793850541116,7.501493630507639,408.9837890625
2024-09-13,423.8937377929688,425.1144444971336,418.8435114450135,419.2077526362247,15874600,4.6859851567440955,0.8407515945226374,6.2709330521200854,409.45435638427733
2024-09-16,424.6320495605469,426.7879943677343,421.5605747785227,423.90356722052456,13834700,0.7284823400223104,0.1741737850203151,5.227419589211593,410.0878448486328
2024-09-17,428.3828430175781,434.9786612819886,425.5476259730912,433.3838592052121,18874200,-5.001016187633979,0.8833043716113709,9.431035308897378,410.7582550048828
2024-09-18,424.1103515625,429.2491750935579,423.71657808226,428.2351941115192,18898000,-4.124842549019206,-0.9973535412814871,5.532597011297867,411.05408172607423
2024-09-19,431.8677978515625,434.6340962646663,430.1056262859268,434.368305934069,21706600,-2.500508082506485,1.829110338967821,4.528469978739508,411.77026824951173
2024-09-20,428.5009765625,432.4092391189892,427.4673174405253,430.42066355244185,55167100,-1.9196869899418516,-0.7795953543680789,4.9419216784639275,412.7409362792969
2024-09-23,426.7683715820313,429.6724772622792,423.6968964015023,427.5263862762674,15128900,-0.758014694236067,-0.4043409642535467,5.975580860776915,413.5639373779297
2024-09-24,422.495849609375,426.61083784634445,419.4735849772464,426.2662748026867,17015800,-3.7704251933117234,-1.0011336962057582,7.137252869098063,414.3357452392578
2024-09-25,425.39007568359375,426.3843783963413,421.9051492250097,423.1455340479856,13396400,2.2445416356081296,0.6850306522288019,4.4792291713315535,415.2350372314453
2024-09-26,424.6025390625,428.53047950890726,422.4564482449584,428.3237537072511,14492000,-3.7212146447511145,-0.18513281482370747,6.074031263948882,416.2544342041016
2024-09-27,421.36370849609375,425.1341637224931,420.8222737453315,424.80927883764434,14896100,-3.4455703415505923,-0.7627911442916524,4.311889977161627,416.9878463745117
2024-09-30,423.6082763671875,423.7264354508624,418.75495134014767,421.5507821273002,16807300,2.057494239887319,0.5326913129526378,4.971484110714755,417.63561248779297
2024-10-01,414.1476745605469,421.8165373929493,412.29690642757294,421.7870051373374,19092900,-7.639330576790542,-2.233337338867314,9.519630965376336,418.1893615722656
2024-10-02,410.64306640625,416.2445815766932,410.2295847581362,416.0082934736332,16582300,-5.365227067383216,-0.8462218598753735,6.014996818556995,418.5944625854492
2024-10-03,410.0622863769531,413.0254566537122,407.8472767130048,411.1353318978847,13686400,-1.0730455209316005,-0.14143183626100786,5.178179940707366,418.99562683105466
2024-10-04,409.5897216796875,413.2223397680441,408.5166762071877,411.73581262468696,19169700,-2.1460909449994574,-0.11524217490004318,4.705663560856408,419.702458190918
2024-10-07,403.171142578125,410.6233966552464,402.6395318501973,409.5306729821077,20919800,-6.359530403982717,-1.5670752369567609,7.983864805049109,419.89049072265624
2024-10-08,408.2607116699219,409.19594995144206,401.82243880752753,404.5099645290717,19229300,3.7507471408501942,1.2623842716646516,7.373511143914527,419.91559448242185
2024-10-09,410.9679260253906,413.8425293093592,407.8570646785986,409.3928021729279,14974300,1.5751238524627524,0.6631092040170428,5.985464630760589,419.64093322753905
2024-10-10,409.3731384277344,410.859665558973,406.7249690560659,408.7726391492543,13848400,0.600499278480072,-0.38805646296536933,4.134696502907104,419.0916122436523
2024-10-11,409.8456726074219,410.6430736171545,406.8234080163179,409.6684790592566,14144900,0.17719354816529176,0.11542872145993144,3.819665600836629,418.389208984375
2024-10-14,412.621826171875,417.4456186019399,411.0269941050228,411.2731062702607,16653100,1.3487199016142881,0.6773655914899201,6.418624496917062,417.78869781494143
2024-10-15,412.22802734375,415.9098858066577,408.8021651923356,415.61453317923247,18900200,-3.386505835482467,-0.09543819622400695,7.107720614322091,416.98095703125
2024-10-16,409.6488037109375,409.88506179410496,404.0965284555642,408.7135954364056,15508900,0.9352082745318739,-0.6256788626023524,5.788533338540731,416.25787963867185
2024-10-17,410.2394714355469,415.9295838303706,409.127039576057,415.7917465890575,14820000,-5.552275153510607,0.14418880740250106,6.802544254313602,415.1764633178711
2024-10-18,411.6570129394531,413.1238316782615,409.78656668639167,410.65288622498497,17145300,1.004126714468157,0.3455400083628879,3.3372649918698585,414.3342651367187
2024-10-21,412.2674560546875,412.4446496235521,407.3156799270225,409.6488187127166,14206100,2.6186373419708957,0.1482892544148573,5.128969696529623,413.6092193603516
2024-10-22,420.8616638183594,423.8838984262341,411.53893363879695,411.9819175179694,25482200,8.879746300389968,2.084619495779916,12.344964787437164,413.52751007080076
2024-10-23,417.9968872070313,424.3760949935698,415.95907136722593,424.1595150969288,19654400,-6.1626278898975215,-0.680693172511071,8.417023626343848,413.15785064697263
2024-10-24,418.1248779296875,419.3554387186423,415.8310957950025,418.71552307399537,13581600,-0.5906451443078709,0.030620018132521132,3.5243429236397787,412.833967590332
2024-10-25,421.49169921875,425.7937351729216,419.9362835126177,420.1233311665373,16899100,1.368368052212702,0.8052190785042601,5.857451660303866,412.84036712646486
2024-10-28,419.9559631347656,425.2227696357769,419.670464602579,424.9471252042487,14882400,-4.991162069483096,-0.36435737330792195,5.552305033197911,412.6577514648437
2024-10-29,425.2326354980469,426.4336641349943,419.1782518516455,421.34405104712135,17644100,3.8885844509255207,1.2564823044524553,7.2554122833487895,413.2119995117188
2024-10-30,425.8036193847656,431.68077966192817,425.3803136298507,430.6372663836306,29749100,-4.833646998864992,0.13427565032726463,6.300466032077452,413.9700271606445
2024-10-31,400.03070068359375,409.6881391925744,399.981460227055,408.90056227484143,53971000,-8.869861591247684,-6.052771166767112,9.706678965519416,413.46844787597655
2024-11-01,403.9881591796875,409.0383852046151,401.16279656048295,402.64932353081855,24230400,1.338835648868951,0.989288694425472,7.875588644132165,413.18836975097656
2024-11-04,402.10791015625,404.0374512515174,399.26286901744754,403.4270678175101,19672300,-1.3191576612600784,-0.46542181514810377,4.77458223406984,413.1352081298828
2024-11-05,405.0612487792969,408.4477546696806,401.73380740675793,402.019305938334,17626000,3.041942840962861,0.7344641944246444,6.713947262922659,412.97523498535156
2024-11-06,413.6456298828125,413.911450247969,404.1358522419557,406.00632872643234,26681800,7.6393011563801565,2.1192797705003263,9.775598006013297,413.10912017822267
2024-11-07,418.8139953613281,420.2119257079772,413.35031719618456,414.7285393416903,19901800,4.085456019637832,1.2494669603979158,6.86160851179261,413.58116302490237
2024-11-08,415.9689636230469,419.8673720771894,415.2207729945687,418.7057298172818,16891400,-2.7367661942349173,-0.6793067494859417,4.646599082620696,413.88732757568357
2024-11-11,411.5094299316406,418.2036693872834,409.5306783384117,415.9492733468925,24503300,-4.4398434152518576,-1.0720832757723509,8.672991048871722,413.8317077636719
2024-11-12,416.4513244628906,417.8394007087299,410.7120018696304,411.7456609678349,19401200,4.705663495055717,1.2009189028963307,7.127398839099499,414.0428726196289
2024-11-13,418.5875854492188,422.65333320999,411.70626883398,415.0829505962656,21502200,3.5046348529531883,0.5129677493722395,10.947064376010019,414.489811706543
2024-11-14,420.2513122558594,421.5114053670285,413.4684464166278,418.3906898263496,30246900,1.8606224295097604,0.3974620520231342,8.042958950400703,414.9904037475586
2024-11-15,408.5462341308594,416.22492241780895,407.2073982420546,413.29128434963707,28247600,-4.745050218777692,-2.785256769852429,9.017524175754374,414.8348648071289
2024-11-18,409.29437255859375,411.8933013228437,405.6912869629164,408.418198856112,24727000,0.8761737024817648,0.18312209616273556,6.2020143599272615,414.6862106323242
2024-11-19,411.2928466796875,411.4405079817959,405.1498661250552,406.6856037529655,18133500,4.6072429267219945,0.4882730511540645,6.290641856740706,414.2077697753906
2024-11-20,409.028564453125,410.8005900683197,404.1949179235437,410.3871084118776,19191700,-1.3585439587525912,-0.5505279862856205,6.605672144776008,413.7593536376953
2024-11-21,407.2628784179688,414.0790385036892,404.71793020151534,413.80284233986384,20780200,-6.539963921895037,-0.43167792878155975,9.361108302173875,413.21625366210935
2024-11-22,411.3368225097656,411.73138418459337,405.4774898240383,405.7832773797643,24814600,5.553545130001339,1.0003229628053223,6.25389436055508,412.70850982666013
2024-11-25,413.10247802734375,415.3613561725285,409.2159842267064,412.69804256956826,27691100,0.4044354577754916,0.4292481054346098,6.145371945822092,412.36583557128904
2024-11-26,422.1775512695313,423.21330950979313,413.161695275106,413.891635863064,23458900,8.285915406467325,2.196809199868044,10.051614234687122,412.2130813598633
2024-11-27,417.2455139160156,421.4279524571333,416.2886859362159,419.3367181350096,18332400,-2.091204218993994,-1.1682377091544849,5.139266520917374,411.7851760864258
2024-11-29,417.7090759277344,419.10980447039015,412.1259395107062,414.384847961252,16271900,3.324227966482397,0.11110053823419896,6.983864959683956,412.6690948486328
2024-12-02,425.126953125,427.1195090506518,415.58826631722377,415.84474493949193,20207200,9.282208185508068,1.7758477430231734,11.53124273342803,413.7260345458984
2024-12-03,425.343994140625,426.59673575541547,421.9309618493427,424.0024483022702,18302000,1.3415458383548184,0.051053223990993324,4.665773906072786,414.88783874511716
2024-12-04,431.4794921875,433.698935348809,426.754535872994,427.1490975254907,26009400,4.330394662009326,1.4424790596306192,6.9443994758150325,416.20875091552733
2024-12-05,436.60882568359375,438.62112911545074,430.24644042721326,431.9726738856543,21697800,4.636151797939476,1.1887780506297574,8.374688688237484,417.3569107055664
2024-12-06,437.54595947265625,440.04159877439776,435.7703869006791,436.2931878578621,18821000,1.252771614794142,0.2146392225570004,4.2712118737186415,418.2935089111328
2024-12-09,439.9627075195313,442.2413336019405,434.5176840413152,436.5891705079944,19144400,3.3735370115368823,0.5523415299704348,7.72364956062529,419.49319610595705
2024-12-10,437.3092346191406,443.5138201555157,435.60274857576576,438.3548667232301,18469500,-1.0456321040894636,-0.6031131400546896,7.911071579749944,420.783186340332
2024-12-11,442.892333984375,444.2338797106506,438.019420871054,438.019420871054,19200200,4.872913113320976,1.2766936810965746,6.2144588395966025,422.10523681640626
2024-12-12,443.45458984375,449.96496224230685,443.0106891858234,443.0106891858234,20834800,0.4439006579265765,0.12695091249759205,6.95427305648343,423.3485870361328
2024-12-13,441.1956787109375,445.2991859531554,439.5286279530639,442.34980235220513,20177800,-1.1541236412676312,-0.5093895033555618,5.770558000091512,424.3958053588867
2024-12-16,445.4570617675781,446.03904550783295,439.2327587604127,441.1957234184863,23598800,4.2613383490918295,0.965871440330357,6.806286747420245,426.24134674072263
2024-12-17,448.2880859375,449.1068307764244,443.4645114369834,444.8849575716068,22733500,3.403128365893224,0.6355324481081004,5.642319339440974,428.19103240966797
2024-12-18,431.4498901367188,446.5026260235917,431.08488976149135,445.1907017883104,24444500,-13.74081165159157,-3.7561104854186955,15.417736262100334,429.19888458251955
2024-12-19,431.09478759765625,437.1612597390131,430.39443838506674,435.6224481744677,22963700,-4.527660576811456,-0.08230446853284556,6.766821353946341,430.3021957397461
2024-12-20,430.6706237792969,437.7136411325363,422.8088616417394,427.2280003408309,64263700,3.4426234384660006,-0.09839224007395231,14.904779490796898,431.4725830078125
2024-12-23,429.3389892578125,431.70638949616176,426.9518413679703,430.8087443439253,19152500,-1.469755086112798,-0.3092002212267908,4.754548128191459,432.37269134521483
2024-12-24,433.3634948730469,433.629847299066,428.2933162951618,428.7470606574343,7164500,4.616434215612571,0.937372499569955,5.336531003904213,433.3857421875
2024-12-26,432.1601257324219,434.9517090842379,430.70024449976,433.1169536147247,8194200,-0.9568278823028322,-0.2776812433122777,4.251464584477901,433.8848709106445
2024-12-27,424.68304443359375,429.30935275325726,420.5598195240772,428.6977776838133,18117700,-4.014733250219535,-1.7301645509649966,8.749533229180031,434.2567474365234
2024-12-30,419.06048583984375,421.7435474622816,416.17028459927946,420.2737923808389,13158700,-1.2133065409951769,-1.3239423300378972,5.573262863002128,434.3243179321289
2024-12-31,415.7756958007813,420.9346790911402,414.94710727917607,420.313230174155,13246500,-4.537534373373717,-0.7838462823521408,5.987571811964131,433.856755065918
2025-01-02,412.8953552246094,420.2836558558519,409.2160306987592,419.7509810335182,16896500,-6.855625808908826,-0.6927630944431273,11.06762515709272,433.2343231201172
2025-01-03,417.6006164550781,418.2713743539731,413.8423613323132,415.3614253792587,16662900,2.239191075819406,1.1395771763790252,4.429013021659898,432.5403793334961
2025-01-06,422.0394592285156,428.4215926337743,419.7016505493917,422.1874160873605,20573600,-0.1479568588448501,1.0629397080679448,8.719942084382637,431.81191101074216
2025-01-07,416.6338806152344,424.801430542522,415.0851952170159,423.1738448521772,18139100,-6.539964236942808,-1.28082303563809,9.71623532550609,430.7663070678711
2025-01-08,418.7941589355469,421.1714329663283,415.81518360520914,417.7090917280971,15054600,1.0850672074497538,0.5185075964351471,5.356249361119183,429.7078796386719
2025-01-10,413.2603149414063,418.9420687753876,409.3836648034606,418.8631684887605,20201100,-5.6028535473541865,-1.32137563909821,9.55840397192702,428.5054336547852
2025-01-13,411.5242614746094,412.81646832203865,406.690813027426,409.6007318390263,17604800,1.9235296355830656,-0.4200871470184775,6.12565529461267,426.93703002929686
2025-01-14,410.02490234375,414.03960580749714,405.1421150215387,412.1358238822972,16935900,-2.1109215385471884,-0.36434282768329496,8.89749078595844,425.2655456542969
2025-01-15,420.5203857421875,422.3353935398116,412.5895665870108,413.4379027909623,19637800,7.082482951225188,2.55971852890986,9.745826952800826,424.2317810058594
2025-01-16,418.8138122558594,423.6571336957602,418.6264203199314,422.8778842735224,15300000,-4.0640720176630225,-0.40582419882359,5.030713375828782,422.8996185302734
2025-01-17,423.2034606933594,428.57945778773313,422.3551545656704,428.1947398206691,26197500,-4.991279127309724,1.0481145342022158,6.224303222062758,421.64538726806643
2025-01-21,422.68060302734375,425.0480029513297,419.819993531564,424.35752761269225,26085700,-1.6769245853485018,-0.12354758752657347,5.2280094197656695,421.20692291259763
2025-01-22,440.1402893066406,441.1957350447454,430.0788007344463,431.6176123838698,27803800,8.522676922770813,4.1307044028626505,11.116934310299087,421.65919799804686
2025-01-23,440.6432800292969,440.6827452232724,435.5040448037488,435.9972543675129,18389300,4.646025661783995,0.11427963648786843,5.1787004195235795,422.1578308105469
2025-01-24,438.029296875,440.5841189283991,435.4054182545328,439.1143639891968,15549500,-1.0850671141968178,-0.593219793144939,5.178700673866331,422.59234619140625
2025-01-27,428.6582946777344,429.2896173703644,417.7485015093757,418.2515848986201,35647800,10.406709779114294,-2.139355121705433,11.541115860988668,422.3570861816406
2025-01-28,441.126708984375,442.29067649663904,425.5215489294809,428.6978201786795,23491700,12.428888805695522,2.90870711273985,16.769127567158137,422.80541534423827
2025-01-29,436.3228454589844,440.81107143600383,434.4190633922574,440.6236493565717,23581400,-4.300803897587343,-1.0889985638028454,6.3920080437464435,423.3874053955078
2025-01-30,409.3540954589844,417.1172097708342,407.5489615626973,413.0827588425547,54586300,-3.7286633835703356,-6.180916328511421,9.568248208136936,422.90208587646487
2025-01-31,409.4231567382813,414.976701732093,409.27519987674,413.2899333042713,34161900,-3.866776565989994,0.016870792319667594,5.701501855353001,422.58445892333987
2025-02-03,405.3394165039063,409.7684293585694,403.1100993381394,406.0101743775102,25679100,-0.6707578736039181,-0.9974375330669139,6.658330020430014,422.2066619873047
2025-02-04,406.7697143554688,408.2986823038951,404.1754268282418,407.08537575034575,20532100,-0.31566139487694045,0.35286424002356487,4.123255475653252,421.66511688232424
2025-02-05,407.67718505859375,408.20982973334895,404.8264192227557,406.7499486354101,16316700,0.9272364231836718,0.2230920029439254,3.383410510593251,420.94700317382814
2025-02-06,410.1728820800781,412.520564839332,408.37759172263367,408.37759172263367,16309800,1.7952903574444576,0.6121748071640676,4.142973116698329,420.6239532470703
2025-02-07,404.1852722167969,412.9643971851394,402.5576865372201,410.8238843523212,22886800,-6.63861213552434,-1.459777114692895,10.406710647919283,419.8935089111328
2025-02-10,406.6217346191406,409.81772327895646,405.3394016663598,408.0914896331453,20817900,-1.4697550140046474,0.6028083084226976,4.478321612596687,419.5615798950195
2025-02-11,405.8523254394531,406.88805357704496,403.741373863551,404.0767828884028,18140600,1.7755425510503073,-0.18921988525973932,3.1466797134939384,419.2779830932617
2025-02-12,403.4849548339844,405.17172339110687,398.8783635040398,401.6797906754277,19121700,1.8051641585566927,-0.5833083752582624,6.2933598870670835,418.95098571777345
2025-02-13,404.9645385742188,405.4182829681306,400.8412835235649,401.4726062482461,23891700,3.491932325972698,0.3667010931902581,4.576999444565672,418.173193359375
2025-02-14,402.8831787109375,403.3566707547541,400.3678218416371,402.2518860889732,22758500,0.6312926219642918,-0.5139610175768139,2.9888489131169536,417.3766616821289
2025-02-18,404.0768127441406,405.02376683445937,400.9794417214404,402.45907065768193,21423100,1.6177420864586907,0.2962729883690507,4.044325113018942,416.42032928466796
2025-02-19,409.1371154785156,409.84733856693146,402.1138149948078,402.3407022671933,24114200,6.796413211322317,1.252312078985618,7.733523572123659,415.74315490722654
2025-02-20,411.3016662597656,414.4447616167347,407.7533244956175,410.47141636340496,23508700,0.8302498963606695,0.529052657253648,6.69143712111719,414.3012237548828
2025-02-21,403.4735412597656,413.19936436928833,403.1572771359109,412.4976109270871,27524800,-9.024069667321498,-1.9032563303684746,10.042087233377458,412.44273681640624
2025-02-24,399.31243896484375,404.62012670611466,394.6867476536957,403.7701196560986,26443700,-4.457680691254836,-1.031319744518977,9.933379052418957,410.50689392089845
2025-02-25,393.2831726074219,397.2565479767241,392.0971142682963,396.4460551720573,29387400,-3.1628825646354244,-1.509911980967038,5.159433708427798,408.73813781738284
2025-02-26,395.0919799804688,398.9170718958632,389.6755530638089,393.3919357776839,19619000,1.700044202784909,0.45992493425404124,9.24151883205434,406.4364013671875
2025-02-27,387.97552490234375,401.0322425664148,387.6197164134029,396.61410618114576,21127400,-8.638581278802008,-1.8012147648445942,13.412526153011925,404.01903533935547
2025-02-28,392.3837585449219,393.0163471729864,382.0846775634414,388.1040123360274,32845700,4.279746208894494,1.1362143639570332,10.931669609544997,403.17051849365237
2025-03-03,383.98236083984375,394.1925192721913,381.67940898205217,394.1925192721913,23007700,-10.210158432347555,-2.141117597790765,12.513110290139139,401.89847869873046
2025-03-04,384.1009826660156,388.0249203607145,376.5792952112664,378.9514422192701,29342900,5.149540446745505,0.030892519623137993,11.445625149448063,400.83655700683596
2025-03-05,396.3670043945313,397.0094866568717,384.29868393839774,384.822533208354,23433100,11.544471186177304,3.1934366955736815,12.710802718473929,400.3164215087891
2025-03-06,392.284912109375,397.4838599812305,388.12373889118527,389.7051801734712,23304600,2.5797319359037942,-1.0298769170738353,9.360121090045254,399.54680786132815
2025-03-07,388.7464599609375,390.2191619837315,381.0666253730808,387.76795648683793,22034100,0.9785034740995684,-0.9020107679927558,9.152536610650714,398.47548675537115
2025-03-10,375.7490539550781,381.9166423511981,372.8431639999478,381.3631423753148,32840100,-5.614088420236669,-3.3434146274066157,9.073478351250287,397.0536758422852
2025-03-11,376.0356750488281,381.5212666884101,372.5367409966354,374.6024872406928,30380200,1.4331878081353011,0.0762799242561174,8.984525691774707,395.5243728637696
2025-03-12,378.8229370117188,380.7503233781215,374.55308456142495,378.5066728711865,24253600,0.31626414053232565,0.7412227476897737,6.19723881669654,394.17290344238285
2025-03-13,374.3751220703125,380.8491405398309,373.07046095024094,378.7141993931464,20473000,-4.339077322833873,-1.174114475879462,7.778679589589956,392.7174118041993
2025-03-14,384.0515747070313,385.7022111357248,375.10659301872727,375.3734493768336,19952800,8.678125330197702,2.5846943523403887,10.595618116997514,391.6717636108399
2025-03-17,384.18994140625,388.1533930243756,381.09625384575537,382.2131473268013,22474300,1.976794079448723,0.03602815567784745,7.0571391786202184,390.7371017456055
2025-03-18,379.0700378417969,382.8753726383068,376.6781337960948,382.5788655792479,19486900,-3.5088277374510426,-1.3326490396163848,6.197238842212016,389.48676300048834
2025-03-19,383.3201599121094,385.158563988563,379.54447585576617,381.0567221702146,19185500,2.2634377418947906,1.1211970469916954,5.614088132796837,388.195915222168
2025-03-20,382.35150146484375,387.24407880313566,378.8328104695348,381.26425870483627,18470500,1.0872427600074843,-0.2527021922060446,8.411268333600844,386.7484069824219
2025-03-21,386.7202453613281,387.194656647968,378.3583844724842,378.7735245117788,39675900,7.946720849549308,1.1425988598833925,8.83627217548377,385.91074218750003
2025-03-24,388.5191040039063,390.81219242783766,385.2870564688155,390.81219242783766,21004500,-2.2930884239313514,0.46515760789751504,5.52513595902218,385.3710754394532
2025-03-25,390.5750122070313,391.7610706609813,388.0842623065983,389.3494094222369,15775000,1.2256027847944324,0.5291652796317381,3.676808354383013,385.23566741943364
2025-03-26,385.4452209472656,390.72325787798576,384.0614710304359,390.4168571879551,16108400,-4.971636240689463,-1.3133946359698334,6.661786847549877,384.7533294677734
2025-03-27,386.0481567382813,387.6888996743445,382.9050609496304,385.6033961060126,13766800,0.44476063226869655,0.1564258053411427,4.783838724714087,384.65696105957034
2025-03-28,374.40478515625,384.6149434292676,372.5564875251623,383.5771084434194,21632000,-9.172323287169377,-3.016041231852029,12.058455904105301,383.75801239013674
2025-03-31,371.034423828125,372.694923815259,362.9789628551185,368.2174858935481,35184700,2.816937934576913,-0.9001918409558884,9.715960960140535,383.1106155395508
2025-04-01,377.7554931640625,378.4078388750376,368.89946352111616,370.3029705230893,19689500,7.4525226409732,1.8114409079872607,9.508375353921451,382.7933410644531
2025-04-02,377.7060852050781,380.61194495123306,372.2501138660857,373.584455994143,16092600,4.121629210935112,-0.013079348911793076,8.361831085147344,381.8602951049805
2025-04-03,368.7807922363281,373.1001124876032,365.0644400068901,370.4413221297822,30198000,-1.6605298934540542,-2.363025992526424,8.035672480713117,380.6850891113281
2025-04-04,355.664794921875,370.2436515761853,355.30898645827625,359.90502676066706,49209900,-4.240231838792056,-3.5565836373733672,14.934665117909049,379.031005859375
2025-04-07,353.7077941894531,366.6953473866903,340.7894661963344,346.808801297969,50425000,6.898992891484113,-0.5502374034100699,25.9058811903559,377.92894287109374
2025-04-08,350.446044921875,369.3145404099518,346.1860561796805,363.98709615832223,35868900,-13.541051236447231,-0.9221592854781857,23.128484230271283,376.6494613647461
2025-04-09,385.9591674804688,388.6673960004068,349.00301621371585,349.43791334353114,50199700,36.52125413693767,10.133691925817212,39.66437978669097,377.0062728881836
2025-04-10,376.9252014160156,379.4456016968333,363.5324039880612,377.62695483918543,38024400,-0.701753423169805,-2.340653319216812,15.913197708772088,377.13377685546874
2025-04-11,383.94287109375,385.52428234575257,374.4937970946495,376.2234920445777,23839200,7.719379049172289,1.8618202368455794,11.030485251103073,377.1283416748047
2025-04-14,383.310302734375,390.0709357337415,379.75206690221165,388.6575350248574,19251200,-5.3472322904823955,-0.16475585484189148,10.31886883152987,377.08435974121096
2025-04-15,381.25439453125,387.342923812398,379.7026039659422,384.0021370485829,17199900,-2.747742517332881,-0.5363561032560304,7.640319846455782,377.1935775756836
2025-04-16,367.2982177734375,377.1821883945702,363.7301188576812,376.2531229065895,21967800,-8.95490513315201,-3.6605943322886914,13.452069536888985,376.39248046875
2025-04-17,363.5126647949219,369.9767899290697,362.6330071079686,369.413396372957,21120200,-5.900731578035106,-1.0306483384165732,7.343782821101115,375.4505386352539
2025-04-21,354.95318603515625,360.2510105389955,351.5432339047138,358.6102676210093,20807300,-3.6570815858530636,-2.3546576470986236,8.707776634281686,373.8621856689453
2025-04-22,362.5638122558594,363.5027713530303,355.6845470865514,359.1637239988867,19485000,3.4000882569726514,2.1441211179745068,7.818224266478921,372.56442108154295
2025-04-23,370.0460205078125,375.9764033603888,368.6918910858119,371.6966268435602,20545500,-1.650606335747682,2.063694168868957,7.284512274576912,371.53797149658203
2025-04-24,382.8061828613281,383.9428636514652,370.8367085183124,371.3408006891215,22232300,11.465382172206603,3.4482636338055705,13.10615513315281,371.40601959228513
2025-04-25,387.3034362792969,387.6098369882708,380.1375568119296,382.5097039822226,18973200,4.793732297074257,1.1748121162394876,7.472280176341201,371.4687835693359
2025-04-28,386.6213989257813,388.183053013966,382.1538550582223,387.41210451108,16579400,-0.7907055852986673,-0.17609896779323675,6.029197955743712,372.0796142578125
2025-04-29,389.468017578125,390.5157161336794,385.8504804253008,386.7597889027506,14974000,2.7082286753744143,0.7362806767170493,4.665235708378589,373.0012939453125
2025-04-30,390.67388916015625,392.0576392153778,379.9794241557142,385.77141730238736,36461100,4.902471857768887,0.30962018127440594,12.078215059663592,373.6472137451172
2025-05-01,420.4641418457031,431.9196612018972,419.96994327038766,426.1078811300293,58938100,-5.643739284326159,7.625350327248115,11.949717931509554,375.7851165771484
2025-05-02,430.2294921875,434.3412277785372,425.0008630376841,426.7305579775838,30757400,3.4989342099161718,2.3225168022485976,9.34036474085309,378.85755157470703
2025-05-05,431.1091918945313,434.400541084053,427.0962717736997,427.8474632490504,20136100,3.2617286454809005,0.20447219983885656,7.304269310353277,382.62977142333983
2025-05-06,428.2823791503906,432.6511079528013,426.1672248726853,427.1852727603517,15104200,1.0971063900389026,-0.6557069061130738,6.483883080115959,386.3585006713867
2025-05-07,428.3218994140625,433.0365428333408,426.1078693467033,428.80620435216304,23295300,-0.48430493810053576,0.009227618411533633,6.928673486637479,390.2522933959961
2025-05-08,433.0859680175781,438.5221520354275,430.6050816589352,432.8487322038109,23491300,0.2372358137671995,1.1122636059544888,7.9170703764922905,392.60863342285154
2025-05-09,433.6394653320313,435.6261229679929,430.8225275981773,434.8947187750956,15324200,-1.255253443064305,0.12780310500171144,4.803595369815582,395.44434661865233
2025-05-12,444.0472717285156,444.155980926374,434.6772567640601,440.7657862582039,22821900,3.281485470311736,2.400105900996641,9.478724162313938,398.44956665039064
2025-05-13,443.9287109375,445.4409573721911,440.1925407492767,442.5844751269483,23618800,1.3442358105517087,-0.026700038163529616,5.248416622914419,401.48048706054686
2025-05-14,447.6845703125,448.6334230518337,442.940276452347,442.940276452347,19902800,4.744293860152993,0.8460501162603995,5.693146599486681,404.8019958496094
2025-05-15,448.6946105957031,451.7246558325709,446.0210270484144,446.3576953837484,21992300,2.336915211954704,0.22561427178473537,5.703628784156479,408.87181549072267
2025-05-16,449.8234252929688,449.9125407132096,444.3376746324017,447.6251542704443,23849800,2.1982710225245228,0.2515775029628742,5.574866080807908,413.187353515625
2025-05-19,454.3783874511719,455.0913410046994,446.3873726676465,446.4666065174048,21336500,7.911780933767091,1.0126111496386425,8.703968337052913,418.15861358642576
2025-05-20,453.6852722167969,453.8535912700005,449.87295142774695,451.13050930908776,15441800,2.5547629077091187,-0.15254141779564856,3.980639842253538,422.71468658447264
2025-05-21,448.14007568359375,453.2990697114877,447.3875051898017,450.1204989040064,19216900,-1.9804232204126606,-1.2222562363790601,5.911564521685989,426.61938934326173
2025-05-22,450.40765380859375,455.7449090739042,449.4570590917957,450.4967994491365,18025600,-0.08914564054276752,0.5059976217349105,6.287849982108469,429.999462890625
2025-05-23,445.7734375,449.2490897820597,444.5158796844098,445.5754133172399,16883500,0.19802418276009348,-1.0288937742081838,4.733210097649874,432.92296295166017
2025-05-27,456.18060302734375,456.4380677238799,451.65532857824905,452.0118204825961,20974300,4.168782544747671,2.3346311493366523,4.782739145630842,436.40092315673826
2025-05-28,452.8832092285156,457.9927052337918,452.4574254494584,456.70544210957024,17086300,-3.8222328810546173,-0.7228263930876722,5.535279784333397,439.5716827392578
2025-05-29,454.1902770996094,457.2005290082406,450.8532686393741,457.0321797296883,13974800,-2.8419026300789483,0.28861036233167603,6.3472603688665,442.7475021362305
2025-05-30,455.8537902832031,457.1608768265464,451.0809934148865,455.2200705832806,34770500,0.6337196999225512,0.36625909172178783,6.079883411659921,444.5169845581055
2025-06-02,457.4480895996094,457.5867035205711,452.41782757710985,452.6653804963421,16626500,4.78270910326728,0.3497391818143569,5.168875943461273,445.87791442871094
2025-06-03,458.4382934570313,459.5968543955761,456.3489311405408,456.9529759669727,15743800,1.4853174900586055,0.2164625626240202,3.247923255035289,447.24436950683594
2025-06-04,459.3294677734375,461.1316602074749,458.4877818372015,459.4582001214203,14162700,-0.12873234798280464,0.1943935157959764,2.6438783702733986,448.7967239379883
2025-06-05,463.1022033691406,465.0529216385449,459.4879366863286,460.4088263203011,20131700,2.6933770488395226,0.8213571870298475,5.564984952216264,450.5357391357422
2025-06-06,465.7757873535156,468.7068055435685,464.1914425792919,465.4886174973397,15285600,0.2871698561759217,0.5773205061267772,4.515362964276619,452.17023010253905
2025-06-09,468.12255859375,468.7958952647425,464.0329796350046,465.10242514198006,16469900,3.0201334517699365,0.5038413983621703,4.762915629737904,453.894384765625
2025-06-10,466.31048583984375,468.172058367284,462.3892259287077,466.5778321078869,15375900,-0.2673462680431271,-0.38709366182859695,5.782832438576349,455.0075454711914
2025-06-11,467.9938354492188,470.81594475736864,465.0628173622344,465.4192790589967,16399200,2.574556390222085,0.36099329963452664,5.753127395134243,456.21080169677737
2025-06-12,474.1826477050781,475.7174938929388,468.88500933710617,470.37032681118086,18950600,3.8123208938972653,1.3224132001479871,6.83248455583265,457.53570556640625
2025-06-13,470.3109130859375,474.4896074244908,468.13246560456287,471.746732054574,16814500,-1.4358189686365108,-0.816507022742996,6.357141819927961,458.616520690918
2025-06-16,474.4500427246094,475.9848587535654,470.3505518309655,470.5584878241776,15626100,3.8915549004317995,0.8800836900664466,5.634306922599876,459.8478515625
2025-06-17,473.3608093261719,474.0539393845567,469.4395492382731,470.74663593423935,15414100,2.6141733919325247,-0.22957810103302334,4.614390146283597,460.79697265625
2025-06-18,475.5392456054688,476.291816149254,469.8158233270243,473.3211811212961,17526500,2.2180644841727144,0.46020630275622754,6.475992822229671,461.8896713256836
2025-06-20,472.7270202636719,478.7277002496467,472.2022093150259,477.5097592999014,37576200,-4.782739036229543,-0.5913760783752608,6.525490934620791,463.1190185546875
2025-06-23,481.2428588867188,482.97572926336846,467.8849134818946,473.52910172023695,24864000,7.713757166481855,1.8014283630956918,15.09081578147385,464.66077880859376
2025-06-24,485.3126220703125,487.0356109071577,482.0350238939456,484.1640031375646,22305600,1.1486189327479224,0.845677625847463,5.000587013212112,466.6377380371094
2025-06-25,487.4514770507813,489.7190701858364,484.5996928885684,487.2237477118272,17495100,0.22772933895413416,0.44071694886991253,5.119377297267988,468.20128173828124
2025-06-26,492.580810546875,493.1650318097281,487.9862138630066,488.15456314430565,21578900,4.426247402569345,1.0522757110364322,5.1788179467214945,470.18616180419923
2025-06-27,491.0855712890625,494.4126679494895,488.2040517426954,492.6797975508017,34539200,-1.594226261739209,-0.3035520722279972,6.20861620679409,472.0309265136719
2025-06-30,492.5411987304688,495.8584139248396,490.4815414994746,492.17482524139086,28369000,0.36637348907794376,0.2964101424493881,5.376872425365036,473.8652969360352
2025-07-01,487.2336120605469,493.1748817381986,486.1741086010328,491.61036068604886,19945400,-4.376748625501989,-1.0775924295474804,7.000773137165822,475.35457305908204
2025-07-02,486.2830200195313,488.6694336459704,483.9164299655294,485.1937811955959,16319600,1.0892388239354318,-0.19509984891958876,4.753003680440997,476.746809387207
2025-07-03,493.9571838378906,495.2345653483035,488.6100468852986,488.9764203666982,13984800,4.980763471192404,1.5781270376356238,6.624518463004904,478.4781951904297
2025-07-07,492.8481140136719,493.8680307430937,490.3824968234557,492.5114456991778,13981600,0.33666831449409074,-0.22452752192034797,3.4855339196379873,479.9654907226562
2025-07-08,491.7588806152344,493.3234318678901,489.2734398258723,492.37280697303856,11846600,-0.6139263578041891,-0.22100792667480995,4.049992042017834,481.2646453857422
2025-07-09,498.58148193359375,501.8194631786975,494.8483646402868,495.40288075164045,18659500,3.1786011819532973,1.3873875159760685,6.971098538410729,482.7875915527344
2025-07-10,496.57135009765625,499.502368126141,492.8778497571002,498.1259594248799,16492100,-1.554609327223659,-0.40317017554318824,6.6245183690408,484.300634765625
2025-07-11,498.3932800292969,500.0865333029929,492.92729298333927,493.5907480120544,16459500,4.80253201724247,0.3669019429498599,7.159240319653634,485.8206069946289
2025-07-14,498.0962829589844,499.0369961700355,496.1257713282032,496.6109653955542,12058800,1.4853175634301579,-0.059590905859530086,2.9112248418322793,487.0162887573242
2025-07-15,500.8688354492188,503.3245408608939,497.8684955298327,498.0962248562551,14927200,2.7726105929637015,0.5566298294305438,5.456045331061148,488.54418487548827
2025-07-16,500.6708068847656,501.7600457375481,496.9773367906475,500.2351113436526,15154400,0.4356955411130343,-0.039537010577939125,4.782708946900641,489.85522308349607
2025-07-17,506.6912841796875,508.3449206172861,500.67078077223215,500.730191050298,17503100,5.961093129389496,1.2024821923175555,7.674139845053958,491.52174682617186
2025-07-18,505.0574340820313,509.6025320949179,502.4630844244223,509.4440643876484,21209700,-4.386630305617075,-0.32245474683886277,7.139447670495599,492.99765625
2025-07-21,505.0673522949219,507.0775109565722,500.6014880788464,501.7501372202775,14066800,3.3172150746443663,0.0019637792102900065,6.476022877725825,494.6146728515625
2025-07-22,500.32421875,506.1961966744728,500.32421875,505.968437121084,13868600,-5.64421837108398,-0.9391091155209419,5.871977924472787,495.56874084472656
2025-07-23,500.91839599609375,501.8294040712194,495.79901834634256,501.7897871412931,16396600,-0.8713911451993681,0.1187584417916554,6.030385724876851,496.3490295410156
2025-07-24,505.8793640136719,508.6420329312165,502.3343891638857,503.7900015885669,16107000,2.08936242510498,0.9903744915802148,6.307643767330774,497.27042388916016
2025-07-25,508.6816711425781,513.216797186473,505.3644257046499,507.4537578741833,19125700,1.2279132683948433,0.553947705372404,7.85237148182307,498.0754669189453
2025-07-28,507.48345947265625,509.9589885432546,505.12675096242896,509.0480107678364,14308000,-1.564551295180138,-0.23555235777033,4.83223758082562,498.895361328125
2025-07-29,507.55279541015625,512.5533521818816,506.5526719682665,510.4838436674275,16469200,-2.931048257271243,0.01366269899161221,6.000680213615055,499.64594116210935
2025-07-30,508.21624755859375,510.89974304598894,504.45345515414937,510.127348903314,26380400,-1.9111013447202367,0.13071588895523512,6.4462878918395745,500.69507293701173
2025-07-31,528.2779541015625,550.0131135040644,526.6936395202101,549.7952354974353,51617300,-21.51728139587283,3.9474744539047313,23.319473983854323,502.7948196411133
2025-08-01,518.9797973632812,530.5553736121248,515.7616096000787,529.7632164041114,28977600,-10.783419040830154,-1.7600879737816322,14.79376401204604,504.0459503173828
2025-08-04,530.3969116210938,532.9813491761439,522.9604134562841,523.0990575737549,25349000,7.2978540473388875,2.199914970836647,10.020935719859835,505.9233901977539
2025-08-05,522.5841674804688,532.0406760929504,522.0791498987046,531.9218555369729,19171600,-9.337688056504135,-1.472999553626042,9.961526194245835,507.46465454101565
2025-08-06,519.8016967773438,526.4955370830186,518.9006307843745,525.70337986457,21355700,-5.901683087226274,-0.5324445087075858,7.594906298644105,508.5256652832031
2025-08-07,515.7418212890625,522.9208551796034,512.483986539974,521.6434435727333,16079100,-5.901622283670804,-0.781043138845372,10.436868639629438,509.48418884277345
2025-08-08,516.9300537109375,519.524403327164,514.3257923084495,517.4845698020915,15531000,-0.5545160911540279,0.23039287737129932,5.198611018714473,510.4110275268555
2025-08-11,516.6627197265625,522.4257584225397,514.6327376205326,517.1875004407061,20194400,-0.5247807141436169,-0.051715697792353854,7.793020802007163,511.3393493652344
2025-08-12,524.0595703125,525.7825288027884,517.5836082950698,518.6233183732385,18667000,5.436251939261524,1.4316594372925096,8.19892050771864,512.4988861083984
2025-08-13,515.484375,527.4857348349631,514.2861971986356,526.9014833945702,19619200,-11.417108394570164,-1.6363016340654846,13.199537636327477,513.2395645141602
2025-08-14,517.36572265625,520.8017882377586,515.0486614235291,517.4449565045493,20269100,-0.07923384829928182,0.36496696068624157,5.7531268142295175,513.7732864379883
2025-08-15,515.0783081054688,520.9502551513766,513.9990113965767,517.6528943134479,25213300,-2.5745862079791095,-0.4421271937068538,6.951243754799862,514.2743301391602
2025-08-18,512.0383911132812,517.7024328589179,508.9885829187347,516.4844919382945,23760600,-4.446100825013218,-0.5901854037240972,8.713849940183138,514.6228820800782
2025-08-19,504.78021240234375,510.1174378041072,503.57215290768977,509.9590305231463,21481000,-5.178818120802532,-1.4175067410778786,6.545284896417456,514.8456817626953
2025-08-20,500.7698364257813,505.9981527246316,499.5023667236012,504.87920872605446,27723000,-4.109372300273151,-0.7944796325268566,6.49578600103041,514.8382537841796
2025-08-21,500.1251220703125,503.48747238505433,498.6175369804135,499.57962247206007,18443300,0.5454995982524338,-0.12874464645682426,4.869935404640842,514.5505416870117
2025-08-22,503.0907287597656,506.56216679087737,498.310055406757,500.1350363394598,24324200,2.955692420305809,0.5929729498843628,8.252111384120383,514.2709945678711
2025-08-25,500.1449890136719,504.0429109301173,500.00611695670057,502.4956437530773,21638600,-2.3506547394053996,-0.5855285294872559,4.036793973416707,513.9040710449219
2025-08-26,497.9430847167969,500.8590951140394,494.4418926777319,500.2441292309945,30835700,-2.3010445141975993,-0.4402531956217981,6.417202436307491,513.4235855102539
2025-08-27,502.6047058105469,503.1502356611414,495.82052770461,497.90339657266526,17277900,4.701309237881617,0.9361754860801597,7.329707956531365,513.1430084228516
2025-08-28,505.4810485839844,506.919197559233,501.3748189208979,502.9518399416591,18015600,2.5292086423252726,0.5722872747080388,5.544378638335104,512.0031631469726
2025-08-29,502.55511474609375,505.44137107101903,500.3730559294206,504.5090396010348,20961600,-1.9539248549410217,-0.578841451343648,5.0683151415984184,511.18192901611326
2025-09-02,500.9979553222656,501.87077891116434,492.75577163159113,496.3859077753076,18128000,4.612047546958024,-0.30984848788472297,9.115007279573206,509.71198120117185
2025-09-03,501.2261047363281,503.6461955733364,498.2208322179546,499.67883751509856,16345100,1.5472672212295606,0.04553899105550485,5.425363355381819,508.64407806396486
2025-09-04,503.82470703125,504.00323087503085,499.0440334241921,500.1846427841772,15509500,3.6400642470728144,0.5184491131579927,4.959197450838758,507.84522857666013
2025-09-05,490.9605407714844,507.7920578951392,488.3519981058333,504.9157294675595,31994800,-13.95518869607514,-2.5533019878216767,19.440059789305906,506.6061645507813
2025-09-08,494.1344299316406,497.1099483047291,490.990285532587,494.0451377441344,16771000,0.08929218750620294,0.646465224103121,6.119662772142078,505.4663833618164
2025-09-09,494.34271240234375,498.1513723235736,493.6385148559322,497.33805669614713,14410500,-2.9953442938033845,0.04215097311310867,4.512857467641368,504.35038299560546
2025-09-10,496.2867126464844,499.1233892811019,492.66650462093776,498.8754294126598,21611800,-2.5887167661754233,0.39324949986485613,6.456884660164121,502.9617401123047
2025-09-11,496.9215087890625,499.0638857033828,493.8170463660224,498.15138006137016,18881600,-1.229871272307662,0.12790915541402992,5.246839337360427,502.0335968017578
2025-09-12,505.7389526367188,508.367321245748,499.73833579713096,502.5154742767582,23624900,3.223478359960609,1.7744138041324353,8.628985448617016,501.45225830078124
2025-09-15,511.15435791015625,511.26344571936806,502.8625947427051,504.6379958107742,17143800,6.516362099382036,1.0707906213677454,8.40085097666298,501.2560607910156
2025-09-16,504.885986328125,513.0091239663263,504.4495745277025,512.6620043570016,19711900,-7.776018028876592,-1.2263167642078465,8.559549438623833,500.8984405517578
2025-09-17,505.8579406738281,507.1175961354426,501.8013209933917,506.4530503919847,15816600,-0.5951097181565501,0.19250966991020135,5.316275142050927,500.952326965332
2025-09-18,504.30078125,508.883074673213,503.5172196080818,507.31595138937655,18913700,-3.0151701393765507,-0.3078254384529244,5.3658550651312,501.12887420654295
2025-09-19,513.703369140625,515.0621842649809,506.1455578149837,506.3935176630352,52474100,7.3098514775898025,1.8644801357077023,8.916626449997239,501.8077865600586
2025-09-22,510.2518310546875,513.5149611406991,508.35738375283694,511.3825425873763,20009300,-1.1307115326887924,-0.6718932156726143,5.157577387862204,502.1658416748047
2025-09-23,505.0744323730469,510.3907077578639,503.170087241692,509.6071158201621,19799600,-4.532683447115232,-1.0146751793009723,7.220620516171891,502.4123138427734
2025-09-24,505.9869079589844,508.2978806442568,502.7832857896144,506.215041937542,13533700,-0.2281339785576506,0.18066160697352007,5.514594854642382,502.8145050048828
2025-09-25,502.892333984375,505.8480263178102,500.91858324777104,504.1519591362548,15786500,-1.2596251518797885,-0.6115917083886702,4.929443070039156,502.8288864135742
2025-09-26,507.28619384765625,509.7459665668784,502.4856945681329,505.8976246789574,16213100,1.3885691686988366,0.8737178052544703,7.260271998745509,502.9191436767578
2025-09-29,510.4005432128906,512.6321819161793,504.7272507672145,507.3258652143003,17617800,3.074677998590346,0.6139235411893873,7.904931148964806,503.31141510009763
2025-09-30,513.7232666015625,513.9315141469417,505.5009089039439,509.0516808953517,19728200,4.671585706210806,0.6510031058658106,8.430605242997785,503.9476806640625
2025-10-01,515.4689331054688,516.262392605391,507.5143608700387,510.5989672146665,22632300,4.869965890802234,0.3398067826388962,8.748031735352356,504.65982208251955
2025-10-02,511.53131103515625,517.343476169315,506.5126054199375,513.4158303625842,21222900,-1.8845193274279382,-0.7638912488072025,10.830870749377482,505.04515228271487
2025-10-03,513.1281127929688,516.2425031799986,510.7973143114264,512.8801529316524,15112300,0.24795986131630343,0.31216109813123616,5.445188868572188,506.1535308837891
2025-10-06,524.256591796875,526.6965386672223,513.9712214168786,514.377848960065,21388600,9.878742836810034,2.1687525447268374,12.725317250343664,507.6596389770508
2025-10-07,519.7039794921875,525.4764919541412,517.1847292577561,523.9788048028778,14615200,-4.274825310690289,-0.8683939078540814,8.291762696385149,508.92770233154295
2025-10-08,520.5669555664062,522.6498549115006,518.8213688365025,519.0098207695767,13363400,1.5571347968295868,0.1660514655019485,3.828486074998068,510.14171447753904
2025-10-09,518.136962890625,520.0512058016051,513.1777655449532,518.07745494396,18343600,0.059507946665007694,-0.4667973350588994,6.873440256651861,511.2024871826172
2025-10-10,506.790283203125,519.3073226434543,505.4711500363669,515.3994727403434,24133800,-8.609189537218413,-2.1898996790729264,13.836172607087406,511.2550537109375
2025-10-13,509.8550109863281,512.1957373474249,507.5043565456984,512.1957373474249,14284200,-2.340726361096813,0.604732940780317,4.691380801726552,511.1900863647461
2025-10-14,509.3789978027344,511.07506506957225,501.8707658398511,506.0662576446326,14684300,3.3127401581017466,-0.09336246056950159,9.20429922972113,511.41473693847655
2025-10-15,509.2401123046875,512.9694382549203,505.838110317394,510.75765569343554,14694700,-1.517543388748038,-0.027265650654217932,7.131327937526294,511.5838455200195
2025-10-16,507.4349670410156,512.6321960787722,503.9833851231019,508.3970827878481,15559600,-0.9621157468324668,-0.35447821568930227,8.648810955670228,511.7405548095703
2025-10-17,509.3889465332031,511.2734052578957,503.1700935064365,504.8859867353243,19867800,4.502959797878816,0.3850699339033925,8.103311751459216,511.5248336791992
2025-10-20,512.5726318359375,514.4670788802013,509.2400661752128,510.4104293345006,14665600,2.162202501436923,0.625000861208691,5.227012704988454,511.64087371826173
2025-10-21,513.4356689453125,514.4572928075203,508.8533747626889,513.2770012430817,15586200,0.15866770223078674,0.16837362273591783,5.603918044831403,512.058935546875
2025-10-22,516.2921142578125,520.943843958813,513.4852520447155,516.8971823641815,18962700,-0.6050681063690035,0.5563394764465102,7.4585919140974966,512.5741958618164
2025-10-23,516.3118896484375,519.6742395740552,514.3777908083965,518.1964086283891,14023500,-1.884518979951622,0.003830271677385255,5.296448765658624,513.2451736450196
2025-10-24,519.3370971679688,521.0628883153897,516.4607987679614,518.5237814648117,15532400,0.813315703157059,0.5859263712852281,4.602089547428363,513.8477188110352
2025-10-27,527.1826171875,530.2176440204488,524.6930900412312,527.440505176098,18734700,-0.2578879885979859,1.510679684219407,5.524553979217558,514.6868225097656
2025-10-28,537.6464233398438,549.2013167264516,536.3570441492753,545.511702993095,29986700,-7.865279653251264,1.984854168403305,12.844272577176298,515.8829803466797
2025-10-29,537.1306762695312,541.8121902511471,532.3500025514267,540.4930267482002,36023000,-3.3623504786689864,-0.09592681136213477,9.462187699720403,516.9660675048829
2025-10-30,521.4695434570312,530.6043464776645,517.8592331602406,526.1509968235328,41023100,-4.681453366501501,-2.9157025477057785,12.745113317423943,517.4629791259765
2025-10-31,513.5843505859375,525.0004316167937,510.896444053691,524.5640198650095,34006400,-10.979669279072027,-1.5121099535017168,14.103987563102635,517.485791015625
2025-11-03,512.810791015625,520.6760707602963,510.3907002836433,515.5680732671589,22374700,-2.7572822515338657,-0.15061977052649445,10.285370476652986,516.9135009765625
2025-11-04,510.1328125,511.3428275978434,503.6957537451755,507.5837777929312,20958700,2.549034707068813,-0.5222157104614045,7.647073852667859,516.4349426269531
2025-11-05,503.0212707519531,510.6286922229766,502.4459869529857,509.1111488921848,23024300,-6.08987814023169,-1.3940569149424986,8.18270526999089,515.5576583862305
2025-11-06,493.0434265136719,501.5732523540539,491.7639450704796,501.5335702984596,27406500,-8.490143784787733,-1.9835829652622095,9.809307283574299,514.3029815673829
2025-11-07,492.76568603515625,495.304792622274,489.2248119110569,492.89463000746537,24019800,-0.12894397230911636,-0.05633184899747068,6.079980711217104,513.6017517089844
2025-11-10,501.8707580566406,502.7138276367279,494.7295019610679,495.95940345274505,26101500,5.911354603895575,1.8477487941063186,7.9843256756599885,513.2025390625
2025-11-11,504.5289001464844,505.4414057875519,498.2505695472254,500.6805581155917,17980000,3.848342030892695,0.5296467361710189,7.190836240326519,512.9600341796875
2025-11-12,506.9688415527344,507.494515261433,495.0469117437556,505.203338237195,26574900,1.7655033155393767,0.48360785785346305,12.447603517677408,512.8464706420898
2025-11-13,499.182861328125,509.309533151825,497.1991825232493,506.1455630365654,25273100,-6.96270170844042,-1.5357906810924749,12.110350628575702,512.4338653564453
2025-11-14,506.0166320800781,507.425057385904,493.380607454102,494.164169077362,28505700,11.85246300271615,1.3689914621209498,14.044449931801978,512.265249633789
2025-11-17,503.3486022949219,507.9408238780629,500.7896697837805,504.300789978241,19092800,-0.9521876833191527,-0.5272612827346812,7.15115409428239,511.8040481567383
2025-11-18,489.7604370117188,498.87544447228873,482.8076324047851,491.3275301094218,33815100,-1.5670930977029798,-2.699553593920878,16.06781206750361,510.6202865600586
2025-11-19,483.1448364257813,491.1489881906385,478.8898366362472,486.1005289347495,23245300,-2.955692508968184,-1.3507829718346964,12.25915155439128,508.96292266845705
2025-11-20,475.4138793945313,490.45844852333465,472.50235794747454,489.6038543571072,26802500,-14.189974962575889,-1.600132392688336,17.956090575860117,506.91802215576183
2025-11-21,469.1436462402344,475.9007957312625,465.3179114267742,475.4834301610789,31769200,-6.339783920844525,-1.318899894610237,10.582884304488346,504.4083496093751
2025-11-24,471.0118103027344,473.8935220644432,465.0694984877541,472.0055061050608,34421000,-0.9936958023264424,0.3982072607125131,8.824023576689058,501.5998092651368
2025-11-25,473.9829711914063,476.1293578546732,461.95927573241335,471.0813963074052,28019800,2.901574884001093,0.6308039042083102,14.170082122259828,498.41663665771495
2025-11-26,482.4393310546875,485.2316139433245,478.1664510662567,483.244222260298,25709100,-0.8048912056104882,1.784106260616336,7.065162877067792,495.68206939697274
2025-11-28,488.9082946777344,489.5243812398697,483.5820692635899,484.5260924315005,14386700,4.382202246233874,1.340886450717993,5.942311976279768,494.0540069580079
2025-12-01,483.6715087890625,486.77183499200703,481.5946880995925,485.3608038657598,23964000,-1.6892950766973058,-1.0711182333537073,5.177146892414555,492.5583648681642
2025-12-02,486.9109497070313,490.38888506208144,483.2541563831954,483.6516286444489,19562700,3.259321062582387,0.6697605418353403,7.134728678886063,491.26337280273447
2025-12-03,474.7183227539063,481.18726202656165,472.20427350128017,473.3172079858148,34615100,1.4011147680915315,-2.504077380157743,8.982988525281485,489.4926483154298
2025-12-04,477.8087158203125,478.28570075231454,473.48613274494215,476.7355376297969,22318200,1.0731781905155913,0.6509951097902533,4.799568007372386,488.23202056884776
2025-12-05,480.1141052246094,480.35258253184975,475.86108806940297,479.4781253050461,22608700,0.6359799195632831,0.48249212037476674,4.491494462446781,487.5855545043946
2025-12-08,487.9244995117188,489.1964289193557,481.3263751862239,481.8331697469475,21965900,6.091329764771331,1.6267787599065775,7.870053733131783,487.3434951782227
2025-12-09,488.9181823730469,489.0175580151932,485.4203841758893,486.016607703579,14696100,2.901574669467891,0.20365504546757673,3.5971738393038777,486.69586639404304
2025-12-10,475.5430603027344,481.19719183884354,472.084987996716,480.97857754952304,35756200,-5.435517246788663,-2.735656507065065,9.112203842127542,485.2465744018556
2025-12-11,480.4221496582031,482.9660086920916,472.86010822118624,473.6252734590456,24669200,6.796876199157509,1.0260036919396365,10.10590047090534,483.919239807129
2025-12-12,475.5132751464844,479.4085762318817,473.3370788032073,476.7951512874317,21248100,-1.281876140947304,-1.0217835533210096,6.071497428674377,482.73576049804694
2025-12-15,471.8266296386719,477.6894285774835,469.5411111878212,477.0733420562278,23727700,-5.246712417555898,-0.7752981253103419,8.148317389662338,481.0262603759767
2025-12-16,473.38677978515625,474.8773235577871,467.911505956298,468.9350114671635,20705600,4.45176831799273,0.33066174066502807,6.965817601489107,479.52816925048836
2025-12-17,473.1184387207031,476.9739832708393,472.0055042784347,473.903466892556,24527200,-0.7850281718529004,-0.05668537354907022,4.9684789924045845,478.6960693359376
2025-12-18,480.9289245605469,486.5134903409317,474.8773205213831,475.1754171439269,28573500,5.753507416619982,1.6508521335509618,11.63616981954857,478.5852737426758
2025-12-19,482.856689453125,484.7745151206103,479.44828972039977,484.2875835443981,70836100,-1.4308940912731032,0.4008419527562479,5.3262254002105465,478.9574142456055
2025-12-22,481.8629760742188,485.6489546100234,479.6470235443271,483.05539282771,16963000,-1.1924167534912158,-0.20579882201314792,6.001931065696283,479.5933807373047
2025-12-23,483.7807922363281,484.7545946839082,481.6840783901604,481.922585996358,14683600,1.8582062399701158,0.39800031488907983,3.0705162937478008,480.23182983398436
2025-12-24,484.9433898925781,486.0762176057581,481.7734980182152,482.6181454723109,5855900,2.325244420267211,0.2403149680407557,4.302719587542867,480.779850769043
2025-12-26,484.6353759765625,485.0427948985028,482.8964083055729,483.64168016456847,8842200,0.99369581199403,-0.06351543756145661,2.1463865929299004,480.88965301513673
2025-12-29,484.02923583984375,485.2713556042012,481.1276307272214,481.8033366009864,10893400,2.2258992388573233,-0.12507137670199064,4.143724876979775,480.6457000732422
2025-12-30,484.4068603515625,486.5929730105466,482.43933166580535,482.8666136001516,13944500,1.5402467514109048,0.07801688074968727,4.1536413447412315,480.6824676513672
2025-12-31,480.5711364746094,485.0626606980731,480.25314655477007,484.7645337762783,15601600,-4.193397301668938,-0.7918392968607635,4.8095141433030335,480.36547698974607
2026-01-02,469.95849609375,481.6046121327098,467.1960229709088,481.3363251826272,25571600,-11.377829088877206,-2.20833911472752,14.40858916180099,480.12748565673826
2026-01-05,469.8690490722656,473.0687506521617,466.54016219074447,471.0714124582114,25250300,-1.2023633859457732,-0.01903296189511572,6.528588461417257,479.7305023193359
2026-01-06,475.4933776855469,475.7219083069673,466.7885929433101,470.81304872472026,23037700,4.680328960826614,1.1969991691059834,8.933315363657186,479.4994659423828
2026-01-07,480.4221496582031,486.61288592496,474.9369593023546,476.7355464241618,25564200,3.6866032340413426,1.0365595408808659,11.675926622605402,479.12434844970704
2026-01-08,475.0959167480469,479.6172511411785,472.86010104573086,478.206189665966,18162600,-3.110272917919133,-1.1086568164989097,6.757150095447628,478.43323516845703
2026-01-09,476.258544921875,476.7951491709672,469.2231916595613,471.07145138115897,18491000,5.187093540716035,0.24471441088909085,7.5719575114059126,478.46900939941406
2026-01-12,474.1717529296875,477.95773148860775,472.68120923483104,473.6649886945649,23519900,0.5067642351226027,-0.43816368534234096,5.2765222537767045,478.15648956298827
2026-01-13,467.7028503417969,472.78062170166186,463.0126046036784,471.68755017526297,28545800,-3.9846998334660952,-1.364253047112629,9.768017097983432,477.7659683227539
2026-01-14,456.4840087890625,465.24841354789686,454.2879494306214,463.5193621312373,28184300,-7.035353342174801,-2.3987113921875136,10.960464117275478,476.99883728027345
2026-01-15,453.7811279296875,461.32327541703046,453.0259094171898,461.1940901109254,23225800,-7.412962181237901,-0.5921085530564474,8.297365999840679,476.0185546875
2026-01-16,456.9609375,460.2699615067369,453.60227115836847,454.9437362325269,34246700,2.0172012674731263,0.7007364067386224,6.66769034836841,475.21067962646487
2026-01-20,451.6546020507813,453.9202272514996,446.4476457864541,448.37541805572727,26130000,3.2791839950540407,-1.1612229872971835,7.47258146504555,473.74696350097656
2026-01-21,441.3102416992188,449.836168925793,435.9144806057656,449.74673993987386,37980500,-8.436498240655055,-2.2903254621104097,13.921688320027386,471.6696411132813
2026-01-22,448.2959289550781,449.9851935867555,441.8965257028684,444.79810039972057,25349400,3.4978285553575574,1.5829424735219533,8.08866788388707,469.99128875732424
2026-01-23,463.0125732421875,468.1301005814363,447.6897705604439,449.0213193023424,38000200,13.99125393984508,3.2827967725274743,20.440330020992405,468.9528778076172
2026-01-26,467.3152770996094,471.2602507862521,459.0874767807031,462.3766075757791,29291200,4.938669523830299,0.929284452750978,12.172774005548945,468.07147216796875
2026-01-27,477.5503234863281,479.82589540353166,470.1771174893794,470.7137217228436,29213900,6.836601763484509,2.1901801392504305,9.648777914152276,467.717219543457
2026-01-28,478.5937194824219,480.69040309270366,474.9865988275796,480.1637455245845,36875400,-1.570026042162624,0.21848922402072368,5.703804265124063,467.44544372558596
2026-01-29,430.7671203613281,439.71038237575016,418.365786117595,437.21619626544543,128855300,-6.449075904117308,-9.993152265519933,21.34459625815515,464.7634567260742
2026-01-30,427.577392578125,436.8286984461687,423.7616041817895,436.4014165119217,58566800,-8.824023933796695,-0.7404761488127409,13.067094264379193,462.11376953125
2026-02-02,420.7009887695313,428.02452201181774,419.58805431821895,427.5276741085398,42219900,-6.82668533900852,-1.6082243654491735,8.436467693598786,459.65089416503906
2026-02-03,408.61767578125,419.3893355198486,405.9843877548957,419.3496095186449,61424100,-10.731933737394911,-2.872185545278283,13.404947764952908,456.5883255004883
2026-02-04,411.578857421875,417.15347618992746,406.66005118226167,408.40896545860215,45012400,3.169891963272846,0.7246827085890084,10.493425007665792,453.39259948730466
2026-02-05,391.188232421875,405.7259762608885,389.8467370491522,404.87141244319446,66289200,-13.683180021319458,-4.95424500853291,15.87923921173632,448.93090362548827
2026-02-06,398.6111450195313,399.25704122003975,390.4429643868461,396.6535630940219,53515300,1.9575819255094302,1.897529624472738,8.814076833193667,445.1066650390625
2026-02-09,410.99261474609375,412.2744908996196,398.3428555009064,402.2977759502542,45480500,8.69483879583953,3.106152419786401,13.931635398713183,441.84336853027344
2026-02-10,410.6646728515625,421.0090502850332,410.0982892644293,416.9746475616288,44857900,-6.309974710066285,-0.07979264900753735,10.9107610206039,438.6680145263672
2026-02-11,401.8207702636719,413.8345489802859,398.4819668946231,413.5563153661985,42491000,-11.7355451025266,-2.1535581637642576,15.352582085662789,435.37391052246096
2026-02-12,399.3067321777344,403.6392618034954,395.50089045865866,402.4468146669985,40802400,-3.1400824892641026,-0.6256615565909618,8.138371344836742,432.51504669189455
2026-02-13,398.7900390625,402.9834369019664,395.54063411681335,401.900312028468,34091600,-3.110272965968022,-0.12939754669710757,7.442802785153049,429.76549224853517
2026-02-17,394.3580932617188,397.99502346077054,392.0427954340728,396.7032310749887,32078800,-2.3451378132699006,-1.1113481698790895,5.952228026697753,426.6353500366211
2026-02-18,397.0808715820313,400.02220283554806,393.82155037537984,395.6201374553349,23223400,1.4607341266964227,0.6904329762304373,6.2006524601682145,423.9066635131836
2026-02-19,396.8517761230469,402.7976819572589,395.0690225854118,399.0727866126233,28234000,-2.221010489576429,-0.057694911888273026,7.728659371847073,421.683740234375
2026-02-20,395.6267395019531,398.5050592846536,393.5650869938953,394.5112344348997,34015200,1.1155050670534479,-0.30868870817751803,4.9399722907583055,419.05028076171874
2026-02-23,382.9182434082031,393.7642745182822,381.55377772275136,393.405742102137,43238300,-10.487498693933901,-3.2122439726264385,12.210496795530844,415.04556427001955
2026-02-24,387.429931640625,387.7884640317496,380.1693467763097,382.5895619940176,33884700,4.840369646607428,1.1782379946865706,7.619117255439903,411.0512969970703
2026-02-25,398.9831237792969,399.84960746436826,388.5852587696308,388.9537605304631,43625500,10.02936324883376,2.982008150415294,11.264348694737464,407.1229370117188
2026-02-26,400.0986022949219,405.8453028142193,397.1306190557743,403.0765245044552,34405900,-2.9779222095333466,0.2795803754952919,8.714683758445005,403.19818115234375
2026-02-27,391.1548461914063,395.2183958601928,388.30640407164015,389.3023679559341,51367200,1.8524782354722333,-2.2353879899142726,6.911991788552655,401.21756744384766
2026-03-02,396.9413757324219,399.5707348557469,389.0533591512552,391.2743390590049,35474900,5.6670366734169875,1.4793449697371175,10.517375704491656,399.6857666015625
2026-03-03,402.2996826171875,405.05852201627056,391.0851500003899,391.5532542396072,38199200,10.746428377580287,1.3498988042953908,13.97337201588067,398.7657012939453
2026-03-04,403.5645751953125,409.3710312257941,398.6942972465369,399.6504140582061,35808000,3.9141611371064187,0.314415504853538,10.676733979257222,398.51304626464844
2026-03-05,409.0224304199219,409.9486695143622,402.7677785996419,402.78771732924594,39001300,6.234713090675939,1.3524118716237599,7.180890914720351,398.3852249145508
2026-03-06,407.3093872070313,411.3828759024364,406.8612216895844,407.5484392107424,31123900,-0.23905200371109459,-0.4188140027264198,4.521654212852013,399.19128265380857
2026-03-09,407.757568359375,408.5543272911556,401.8714182880504,403.2857003455267,30131900,4.47186801384828,0.11003457480245338,6.6829090031051805,399.64860382080076
2026-03-10,404.122314453125,408.5443965203919,401.30371964643086,408.3750692869274,31706400,-4.252754833802385,-0.8915233433622216,7.240676873961036,399.30508880615236
2026-03-11,403.245849609375,407.35918518479474,399.96912002302975,403.9330670994013,25512100,-0.6872174900262848,-0.2168810809014765,7.390065161764994,398.934147644043
2026-03-12,400.2380065917969,404.4808221962511,400.0886180975,402.9968458288957,27263900,-2.7588392370988117,-0.7459079914875377,4.392204098751108,398.8550094604492
2026-03-13,393.9534912109375,403.1661568819284,392.6587503554791,399.3815063856616,26848000,-5.428015174724123,-1.5701945535794515,10.507406526449245,398.58734741210935
2026-03-16,398.3357543945313,399.013002518604,393.1965772756644,396.4633374914087,27733700,1.8724169031225983,1.1123808473237684,5.8164252429396015,398.56463317871095
2026-03-17,397.7979431152344,402.7677932271478,396.1446394015159,398.6544574759768,26228300,-0.8565143607424375,-0.1350145633083888,6.623153825631903,398.7366256713867
2026-03-18,390.2086791992188,396.3936061005556,389.42185925959103,395.5271224277118,25908500,-5.318443228492981,-1.9078187927726642,6.971746840964556,398.3930160522461
2026-03-19,387.4498596191406,390.9058555160312,385.4977789148814,388.5255176358589,25138800,-1.0756580167182506,-0.7070113319211146,5.408076601149787,397.9229202270508
2026-03-20,380.3287048339844,385.43800417098345,378.58576812261686,385.2288602760525,50853200,-4.900155442068126,-1.8379551852609421,6.852236048366592,397.1580184936523
2026-03-23,381.4541931152344,385.64719283721575,380.1395134056624,382.3505545919761,29680100,-0.8963614767417312,0.2959251476275737,5.507679431553356,397.0848159790039
2026-03-24,371.2355651855469,380.9263046350485,370.3491731415433,380.8167328036651,42733600,-9.58116761811823,-2.678861083223305,10.577131493505192,396.27509765625
2026-03-25,369.5424499511719,375.5381416220395,368.13813722010167,375.3987224826456,31181200,-5.856272531473735,-0.456075708567627,7.400004401937849,394.8030639648438
2026-03-26,364.4928894042969,373.2075730440749,363.7160388213271,369.32332012922615,36836600,-4.830430724929272,-1.366435858056958,9.49153422274776,393.0227783203125
2026-03-27,355.3300476074219,360.9871459448897,355.07111764854045,360.4393475355788,37883400,-5.109299928156929,-2.5138602324588977,5.916028296349225,391.2315383911133
2026-03-30,357.5111999511719,363.8853629556265,354.8420239421825,360.43933630538186,44797000,-2.9281363542099825,0.6138384182358347,9.043339013443983,389.2600296020508
2026-03-31,368.6759643554688,371.3949263066763,361.6046146993887,363.07862179545566,45244400,5.597342560013146,3.122913185886711,9.790311607287606,387.57884368896487
2026-04-01,367.8791809082031,372.4805292634522,366.7139201659809,371.98254731341393,29417200,-4.1033664052108065,-0.2161202585198696,5.766609097471303,385.79457397460936
2026-04-02,371.9526672363281,372.1319638369453,362.680245817395,365.7278929006101,24099100,6.2247743357180525,1.1072891697944343,9.451718019550299,383.9410858154297
2026-04-06,371.3750305175781,372.22160592655575,368.0086676124431,371.9825539180967,16146600,-0.6075234005185735,-0.15529844779497148,4.212938314112648,382.14436798095704
2026-04-07,370.7874145507813,370.9467724245638,365.080530373921,368.8452727581139,21443300,1.942141792667428,-0.158227106969977,5.866242050642768,380.29586029052734
2026-04-08,372.8191223144531,383.44606961738685,369.9109249891301,383.4261612830284,33064800,-10.607038968575296,0.5479441005658892,13.535144628256774,378.73070068359374
2026-04-09,371.5642395019531,371.9924966612836,365.5685176937085,370.9965328148009,30435300,0.5677066871522243,-0.33659293136836244,6.423978967575124,377.14662017822263
2026-04-10,369.37310791015625,374.1238749235223,368.5365019241105,371.4746074371751,28111100,-2.1014995270188592,-0.5897046483089641,5.587372999411798,375.60337524414064
2026-04-13,382.8186340332031,382.9879612673769,369.5225100750242,372.1020528926679,35745800,10.716581140535197,3.640093400171751,13.465451192352702,375.04663238525393
2026-04-14,391.5233459472656,393.0969858972055,384.95994763093,386.3543213772784,37504500,5.1690245699872435,2.273847493355685,8.13703826627551,374.7060119628906
2026-04-15,409.5602722167969,412.69755239260473,395.1287651714373,396.3936283702306,45063400,13.166643846566274,4.606858430342653,17.56878722116744,375.29412841796875
2026-04-16,418.5637817382813,419.1215190686066,410.4765600541581,418.16537187855886,41642400,0.3984098597224488,2.1983356619898142,8.644959014448489,376.7118835449219
2026-04-17,421.0835876464844,429.8380884820792,418.99205736838906,423.10539315661504,48568200,-2.021805510130662,0.6020124096113522,10.846031113690117,378.39356994628906
2026-04-20,416.3826293945313,421.6213787702164,414.6197538627068,419.4501847919345,27582200,-3.0675553974031686,-1.1163955067039377,7.001624907509608,380.1962661743164
2026-04-21,422.4480285644531,425.4558284373716,415.516128706763,418.5438369146158,32048500,3.904191649837344,1.4566888101796183,9.939699730608595,382.24595794677737
2026-04-22,431.1726989746094,431.9495495900464,421.9600330275293,424.4698510786937,29378200,6.702847895915681,2.0652647947734692,9.98951656251711,385.2428146362305
2026-04-23,414.0719909667969,421.9500690544079,409.7495112929088,418.195296097549,38308000,-4.123305130752101,-3.9660924841671163,12.200557761499113,387.4692916870117
2026-04-24,422.90618896484375,423.2348740747397,414.12178001797366,415.2870711617039,27457400,7.6191178031398294,2.133493254982133,9.113094056766045,390.38995666503905
2026-04-27,423.1053771972656,425.38611256831246,415.3866572294081,420.6752229306716,30867300,2.430154266594002,0.047099862243538126,9.99945533890434,393.7787231445312
2026-04-28,427.5174865722656,428.1847957314844,420.197146128082,422.8563830057505,30438100,4.6611035665151235,1.042792082725752,7.987649603402417,397.27903747558594
2026-04-29,422.746826171875,425.0973167681131,418.59367375245296,422.8663369761165,38288300,-0.11951080424148586,-1.1158983083103036,6.5036430156601455,399.9825805664062
2026-04-30,406.1341552734375,412.7473701155562,396.4035989759817,409.15192465494977,70909400,-3.0177693815122666,-3.9296973673040303,16.34377113957447,401.895329284668
2026-05-01,412.7672729492188,415.4264794885345,408.7834174283456,411.1338775963461,31372400,1.6333953528726965,1.6332331545263479,6.643062060188868,403.9360595703125
2026-05-04,411.9505615234375,419.0816663151199,409.1419361803058,409.87897009526375,28066500,2.071591428173747,-0.1978624467840917,9.939730134814113,405.96483612060547
2026-05-05,409.7196044921875,415.09780308537887,407.1500007946646,413.6437044066962,25700900,-3.9240999145087017,-0.5415594101873977,7.9478022907142645,407.9114456176758
2026-05-06,412.2891845703125,416.73120520087787,403.4748984673602,406.3532485673598,30285900,5.935936002952701,0.6271557548020557,13.256306733517647,409.88494873046875
2026-05-07,419.07171630859375,426.25263786097554,417.06984955189336,418.41437649189606,34942400,0.6573398166976858,1.6450908711927559,9.182788309082184,412.2603225708008
2026-05-08,413.4445190429688,416.9403619714099,412.32904436576047,415.7053764922729,33383800,-2.260857449304069,-1.34277667679229,4.611317605649447,414.4638931274414
2026-05-11,410.9944458007813,411.02432350049145,403.8633409907068,406.22377045102496,35657900,4.770675349756345,-0.5926002472735337,7.160982509784674,415.8726837158203
2026-05-12,406.1241760253906,413.8229876767416,404.9987623844293,412.8071154720842,38594200,-6.682939446693581,-1.1849964945150226,8.824225292312292,416.60272521972655
2026-05-13,403.5745239257813,404.6700902960666,399.41140211310335,401.5726571524119,29667100,2.001866773369386,-0.6278011135810613,5.258688182963226,416.3034378051758
2026-05-14,407.7774658203125,410.17774231087935,399.2619871856725,402.8474630718804,27077500,4.930002748432116,1.0414289419577338,10.915755125206829,415.76412200927734
2026-05-15,420.2170715332031,426.4418454559798,411.2434277199191,412.5979239362014,50771200,7.6191475970016995,3.0505868410031667,15.198417736060662,415.7207962036133
2026-05-18,421.83056640625,423.40417602339767,413.9325494355234,414.9384827190712,32564100,6.892083687178797,0.3839669976186011,9.471626587874255,415.9931930541992
2026-05-19,415.7352600097656,430.9535870211983,414.808990493047,428.16486989475214,33018700,-12.429609884986519,-1.4449655577149945,16.144596528151283,415.65755462646484
2026-05-20,419.3605346679688,420.3963455784958,409.63991780241736,412.4983595724376,27864000,6.8621750955311995,0.8720151997975822,10.756427776078453,415.0669464111328
2026-05-21,418.3025207519531,425.5388979071037,414.92886694253497,423.9518891931334,31393500,-5.649368441180286,-0.2522921993251881,10.61003096456875,415.2784729003906
2026-05-22,417.7835388183594,423.602571187628,415.5477269340821,418.7517174636334,22390300,-0.9681786452740084,-0.12406856469829863,8.054844253545866,415.02234039306643
2026-05-26,415.248291015625,418.9812539216563,412.2439369671585,415.6475333356961,30398000,-0.39924232007109595,-0.6068328613197504,6.737316954497771,414.6294860839844
2026-05-27,411.8946228027344,415.15846763645,408.8104019854481,410.2377382218162,28901500,1.656884580918188,-0.8076296243599512,6.348065651001889,413.8483428955078
2026-05-28,426.1876831054688,428.6829856468207,411.89461329838434,412.2040283766931,47250500,13.983654728775718,3.470076935085342,16.788372348436383,414.0203857421875
2026-05-29,449.3940124511719,449.4838396905727,431.5476031778621,431.7372486144539,79654400,17.65676383671797,5.445096201890975,17.93623651271065,416.1833786010742
2026-06-01,459.6546936035156,465.4438139523178,457.4089212477424,463.9665838370572,53628900,-4.31189023354159,2.2832260484241695,8.034892704575384,418.5277496337891
2026-06-02,440.4807739257813,452.647871293284,439.6024225764256,446.0403151791343,37036800,-5.559541253353018,-4.171374717707799,13.045448716858402,419.9542602539062
2026-06-03,426.53704833984375,439.5625463944663,423.4528579325816,437.62618910935214,39037000,-11.08914076950839,-3.165569625585296,16.10968846188473,420.7951324462891
2026-06-04,427.2456970214844,435.33048350032107,425.60879436274143,434.9911260035114,26899500,-7.745428982027022,0.1661400069229213,9.72168913757963,421.54295806884767
2026-06-05,415.8870849609375,428.6630214075295,413.6213308264138,427.5351398188391,34782200,-11.648054857901627,-2.658566754383418,15.041690581115745,421.3837265014648
2026-06-08,410.9663391113281,416.3761684433353,407.7923215775376,413.3618539280056,32086700,-2.395514816677462,-1.1831927529251218,8.583846865797682,421.2598175048828
2026-06-09,402.6520080566406,411.2059125875929,397.7312786929967,408.2614433672717,35317300,-5.609435310631056,-2.023117288064602,13.474633894596195,420.84269561767576
2026-06-10,396.61334228515625,404.2789346443135,396.4137363631365,397.8011087010324,32576000,-1.1877664158761263,-1.4997232475331246,7.865198281177015,420.3671539306641
2026-06-11,389.6065673828125,396.1043451719433,383.278483574852,394.46741202742857,47224100,-4.860844644616066,-1.7666513340103496,12.825861597091318,419.66875610351565
2026-06-12,390.00579833984375,391.003919361718,381.55171206616,390.6945042817559,34865800,-0.6887059419121329,0.1024702842441938,9.452207295557969,418.78017272949216
2026-06-15,399.0088806152344,400.9951317570601,392.1118605058895,396.05442037645633,32266400,2.95446023877804,2.308448313772371,8.883271251170584,417.7197631835937
2026-06-16,393.0899963378906,396.094350419825,389.9559121071713,395.0463355104342,31506800,-1.9563391725435508,-1.4833966272172594,6.1384383126537045,416.2827346801758
2026-06-17,378.1980285644531,389.6364865987809,376.6110198431126,389.51671695343225,41987800,-11.318688388979126,-3.788437231212749,13.025466755668276,414.40587310791017
2026-06-18,378.6871032714844,380.6534028700893,372.5786075934489,377.1100854858111,59714200,1.577017785673263,0.12931709583141604,8.074795276640373,412.37220153808596
2026-06-22,366.6497802734375,380.9129385065033,366.3802985575179,375.0339909424311,45171100,-8.384210668993603,-3.1786989559602685,14.532639948985377,409.78956451416013
2026-06-23,373.23736572265625,376.5112013539488,369.9735210485466,371.6802994138851,40647600,1.557066308771141,1.7966969581451497,6.537680305402205,407.562255859375
2026-06-24,364.7733154296875,378.1681135077346,364.0946004167936,370.87185096853153,44509900,-6.0985355388440325,-2.2677392646850314,14.073513090940992,405.03850708007815
2026-06-25,352.1670227050781,363.5456265920902,348.54386902384044,362.0883479855026,66179000,-9.921325280424469,-3.45592514347155,15.00175756824973,402.0521270751953
2026-06-26,372.2691955566406,375.9023402058053,354.762144454129,356.4789138154501,186201600,15.79028174119054,5.7081360705363515,21.140195751676288,399.35620269775393
2026-06-29,367.8774719238281,379.7850483907747,359.2237492715265,376.790685328561,51229900,-8.913213404732858,-1.1797171738171075,20.56129911924819,395.2803756713867
2026-06-30,372.319091796875,373.44697342275583,366.7595808670141,370.3328407149792,44945700,1.986251081895773,1.2073639219654542,6.687392555741724,390.91359558105466
2026-07-01,383.5579528808594,388.0993914388061,374.18561213385976,380.1144231011508,48065800,3.4435297797085695,3.0186099320729687,13.913779304946331,388.0674545288086
2026-07-02,389.7562561035156,391.4630649298244,382.9790365046874,383.7575696594082,42128900,5.99868644410742,1.6160017478718647,8.484028425137012,386.22841491699216
2026-07-06,386.0133056640625,388.418780928489,380.5036887115837,386.31276024010407,34224500,-0.299454576041569,-0.9603310738029669,7.915092216905293,384.1667953491211
2026-07-07,388.109375,394.8267404517197,387.4905448392632,391.75251064257776,29297500,-3.643135642577761,0.5430044263193601,7.336195612456493,382.77790985107424
2026-07-08,382.6197204589844,384.58602015004215,380.6134873969759,383.3084264217563,25908300,-0.6887059627719054,-1.4144606893393474,3.9725327530662184,381.360578918457
2026-07-09,383.6377868652344,383.927250494608,372.6484949692805,373.7464342011832,31083200,9.891352664051169,0.26607787100694225,11.27875552532754,380.40986785888674
2026-07-10,384.37640380859375,391.1736053926777,380.783162110783,387.07131223677504,24644600,-2.694908428181293,0.1925297686118821,10.390443281894704,379.7980209350586
2026-07-13,390.2553405761719,392.9103462310944,383.4281962321871,387.02143811329415,28914900,3.2339024628777224,1.5294738983264056,9.482149998907346,379.83045959472656
2026-07-14,384.2067260742188,387.4606104242381,377.93852713765,382.1007052927433,27863900,2.106020781475479,-1.5499120378526854,9.5220832865881,379.54050598144534
2026-07-15,394.8866271972656,398.2103568181361,385.6739591427675,387.0713224899768,36253700,7.815304707288817,2.779727786697772,12.536397675368619,379.3343933105469
2026-07-16,400.3463439941406,405.2271399033625,391.31333055964967,397.56157784187184,37047400,2.784766152268787,1.3826036185691448,13.913809343712842,379.69721069335935
2026-07-17,393.08001708984375,397.6414373419786,388.6583483977542,394.1180409920291,33049800,-1.03802390218533,-1.8150101813851571,8.983088944224392,380.4413101196289
2026-07-20,401.53411865234375,402.4224305318551,388.9178541819168,390.6745569462133,27915800,10.859561706130478,2.150732979277281,13.504576349938304,381.5836608886719
2026-07-21,397.0026245117188,400.7156358198418,395.5753188038176,398.0606303262699,24126600,-1.0580058145511089,-1.1285452294399922,5.140317016024198,383.10130310058594
2026-07-22,389.6065673828125,400.246541441447,386.2329133568751,398.8291961465565,28142500,-9.222628763744012,-1.8629743664800302,14.013628084571906,383.9197631835938
2026-07-23,380.8630065917969,391.0438532115061,376.6809075284274,389.23725659651495,30351800,-8.374250004718078,-2.2442026195170772,14.362945683078692,384.72424774169923
2026-07-24,380.9828186035156,388.299032528898,379.9347732203772,386.3227418757343,27659400,-5.339923272218698,0.03145803337292197,8.364259308520786,386.16503753662107
2026-07-27,388.368896484375,393.4593197982184,387.2609663085435,389.3470355932277,27856200,-0.9781391088527016,1.9386905446111324,6.198353489674901,386.9700225830078
2026-07-28,392.6109008789063,399.567805457337,390.5647345556998,392.4212554523594,32367500,0.1896454265469174,1.092261618510415,9.003070901637216,388.2066940307617
2026-07-29,389.8061828613281,400.4960502148319,388.00954678983055,392.6607942930367,47209000,-2.8546114317085767,-0.7143759919297943,12.486503425001331,389.0810485839844
2026-07-30,450.2524108886719,457.8281459885008,431.6274684759506,437.07720086969465,110160700,13.175210018977225,15.506739165511707,26.200677512550214,392.415771484375
2026-07-31,463.8468017578125,465.962813447145,448.4857046349594,449.1544591210436,60846000,14.692342636768899,3.0192821938052727,17.477108812185577,396.1202987670898
2026-08-03,486.7337036132813,490.7261876465455,474.1074789501303,475.2353605631651,66762100,11.498343050116205,4.934151053480518,16.618708696415183,401.1563186645508
2026-08-04,491.884033203125,498.5015806515744,478.2696778930625,479.99640781848416,50455500,11.887625384640842,1.058141146094882,20.231902758511865,406.34505157470704
2026-08-05,486.5440673828125,497.3038108374591,484.7674131728324,495.4273384327132,33388900,-8.883271049900713,-1.085614791262668,12.53639766462669,411.54126892089846
2026-08-06,498.9207458496094,500.61756372489685,487.60205742358346,487.6319998350186,36441500,11.2887460145908,2.5437939328646575,13.015506301313394,417.3054168701172
2026-08-07,499.0505065917969,504.23075699317457,497.7928948509335,498.2719734340298,28846200,0.7785331577670718,0.026008287542045316,6.437862142241045,423.0391220092773
2026-08-10,505.109130859375,512.7647021753171,501.326243590453,502.4940586092805,31206100,2.6150722500944994,1.2140302810139891,11.438458584864122,428.7818115234375
2026-08-11,502.86334228515625,504.3804752506704,498.61133704649393,503.3823542433026,23049800,-0.5190119581463364,-0.44461452724045003,5.769138204176443,434.7146423339844
2026-08-12,491.5047302246094,500.557695253814,490.596436434424,499.0505227551261,29001500,-7.545792530516735,-2.258787051155897,9.961258819390025,439.54554748535156
2026-08-13,495.9463806152344,500.3979918654044,492.0836571155829,492.3431478695615,23039000,3.6032327456728694,0.903684159579754,8.314334749821455,444.32554931640624
2026-08-14,494.4691467285156,499.07050046550256,492.991947114923,495.42733437790497,16217600,-0.9581876493893446,-0.2978616125570266,6.078553350579568,449.39500579833987
2026-08-17,479.4474487304688,491.73431632358415,477.5110914717105,489.2190622628328,29635800,-9.771613532363972,-3.0379444496047348,14.223224851873681,453.2906723022461
2026-08-18,480.72503662109375,483.36006030134655,476.2534434403709,480.6352093836093,24087600,0.08982723748442822,0.2664708914413616,7.106616860975635,457.47679290771487
2026-08-19,483.3999938964844,488.3806080919379,478.4592826108848,479.1679704739861,19961900,4.232023422498287,0.5564422635842448,9.921325481053088,462.1664642333984
2026-08-20,481.1499938964844,484.1600036621094,479.5,483.2999877929688,20020800,-2.149993896484432,-0.46545304683678346,4.660003662109375,467.1808135986328
2026-08-21,483.239990234375,486.3599853515625,478.5299987792969,479.8800048828125,22510800,3.3599853515625,0.43437521862264017,7.829986572265625,472.2936721801758
2026-08-24,487.30999755859375,490.6099853515625,481.8599853515625,483.2099914550781,17230800,4.100006103515625,0.842233136012771,8.75,477.24072723388673
2026-08-25,491.7099914550781,492.4400024414063,484.2999877929688,485.4400024414063,19519000,6.269989013671818,0.9029147603226262,8.1400146484375,482.1956817626953
2026-08-26,496.3699951171875,497.3999938964844,487.30999755859375,487.8500061035156,20758900,8.519989013671875,0.947713844154241,10.089996337890625,487.5238723754883
2026-08-27,505.05999755859375,506.4800109863281,490.0799865722656,494.8800048828125,28688800,10.17999267578125,1.7507106648045223,16.4000244140625,490.2642517089844
2026-08-28,513.530029296875,517.780029296875,504.8699951171875,505.3299865722656,29207300,8.200042724609375,1.677034764032892,12.9100341796875,492.7484130859375
2026-08-31,507.2900085449219,512.1900024414062,506.3900146484375,510.3800048828125,27208900,-3.089996337890625,-1.2151228547426784,5.79998779296875,493.7762283325195
2026-09-01,501.0199890136719,505.9700012207031,496.7799987792969,497.5199890136719,21046900,3.5,-1.235983249351691,9.19000244140625,494.2330261230469
2026-09-02,496.8200073242188,500.2699890136719,493.80999755859375,499.8500061035156,15336100,-3.029998779296818,-0.8382862523551804,6.459991455078125,494.7468231201172
2026-09-03,510.1199951171875,515.6500244140625,500.7999877929688,501.6600036621094,24125900,8.459991455078125,2.6770233881280303,14.850036621093693,495.3067855834961
2026-09-04,499.7000122070313,511.0,499.3599853515625,510.0,18101800,-10.299987792968693,-2.0426532992031565,11.6400146484375,495.3392608642578
2026-09-08,493.9500122070313,495.1900024414063,490.1499938964844,493.010009765625,18882300,0.9400024414063068,-1.150690386138653,5.040008544921932,494.78130493164065
2026-09-09,491.6499938964844,494.3900146484375,489.7999877929688,493.0700073242188,12889600,-1.4200134277344318,-0.4656378689556373,4.590026855468693,494.220637512207
2026-09-10,492.4400024414063,494.5199890136719,486.0,488.3200073242188,16038800,4.1199951171875,0.1606851530009834,8.519989013671875,494.26740112304685
2026-09-11,495.6300048828125,498.9700012207031,492.5799865722656,495.6499938964844,14510500,-0.019989013671875,0.6477951477521948,6.3900146484375,494.25158233642577
2026-09-14,505.4100036621094,509.9500122070313,495.3399963378906,497.05999755859375,23091900,8.350006103515625,1.9732459058061425,14.610015869140682,494.79862518310546
2026-09-15,497.1199951171875,505.8999938964844,495.5400085449219,500.05999755859375,17794600,-2.94000244140625,-1.640254147099185,10.3599853515625,495.68225250244143
2026-09-16,490.2999877929688,495.9700012207031,487.2300109863281,493.0299987792969,16670300,-2.730010986328068,-1.3719036432262133,8.739990234375,496.16100006103517
2026-09-17,497.75,501.4700012207031,493.1700134277344,497.7999877929688,17841600,-0.04998779296880684,1.5194803982285565,8.29998779296875,496.8785003662109
2026-09-18,493.7799987792969,498.6499938964844,491.1000061035156,497.9700012207031,39544100,-4.19000244140625,-0.7975893964245362,7.54998779296875,497.51000061035154
