Date,Close,High,Low,Open,Volume,Daily Price Change,Daily Return,Daily Trading Range,20-Day Moving Average,5-Day Moving Average,5-Day Volatility
2021-09-20,243.38999938964844,247.3333282470703,239.5399932861328,244.85333251953125,74273100,-1.4633331298828125,,7.7933349609375,,,
2021-09-21,246.4600067138672,248.2466735839844,243.47999572753903,244.92999267578125,48992100,1.5300140380859375,1.2613531089680885,4.766677856445369,,,
2021-09-22,250.64666748046875,251.22332763671875,246.3733367919922,247.8433380126953,45378900,2.8033294677734375,1.69871810945057,4.8499908447265625,,,
2021-09-23,251.2133331298828,252.73333740234372,249.30667114257807,251.6666717529297,35842500,-0.453338623046875,0.22608146164888598,3.4266662597656534,,,
2021-09-24,258.1300048828125,258.26666259765625,248.1866607666016,248.6300048828125,64119000,9.5,2.7533059916662994,10.080001831054659,,249.96800231933594,
2021-09-27,263.78668212890625,266.3333435058594,256.4366760253906,257.7066650390625,84212100,6.08001708984375,2.191406322043732,9.89666748046875,,254.0473388671875,0.9602773233305231
2021-09-28,259.1866760253906,265.2133178710937,255.3933258056641,262.3999938964844,76144200,-3.21331787109375,-1.7438356123178789,9.819992065429602,,256.59267272949216,1.8101217353693904
2021-09-29,260.4366760253906,264.5,256.8933410644531,259.9333190917969,62828700,0.50335693359375,0.4822778775393388,7.606658935546875,,258.55067443847656,1.778426108185092
2021-09-30,258.49334716796875,263.0433349609375,258.3333435058594,260.3333435058594,53868000,-1.839996337890625,-0.7461809477373404,4.709991455078125,,260.0066772460938,1.9031640319932321
2021-10-01,258.4066772460937,260.260009765625,254.52999877929688,259.4666748046875,51094200,-1.0599975585938068,-0.033528879108346565,5.730010986328125,,260.06201171875,1.468776542336304
2021-10-04,260.510009765625,268.989990234375,258.7066650390625,265.5,91449900,-4.989990234375,0.8139621398127517,10.2833251953125,,259.40667724609375,1.0238094832315436
2021-10-05,260.1966552734375,265.7699890136719,258.0666809082031,261.6000061035156,55297800,-1.403350830078125,-0.1202850103416031,7.70330810546875,,259.6086730957031,0.5991875632606563
2021-10-06,260.9166564941406,262.2200012207031,257.739990234375,258.7333374023437,43898400,2.183319091796932,0.27671424905384434,4.480010986328125,,259.7046691894531,0.5710104915982622
2021-10-07,264.53668212890625,268.3333435058594,261.1266784667969,261.82000732421875,57587400,2.7166748046875,1.3874260399496352,7.2066650390625,,260.9133361816406,0.6322945088346025
2021-10-08,261.8299865722656,265.4599914550781,260.3033447265625,265.4033203125,50215800,-3.573333740234375,-1.0231834522373306,5.156646728515625,,261.597998046875,0.9177662356077708
2021-10-11,263.9800109863281,267.0799865722656,261.8333435058594,262.54998779296875,42600900,1.430023193359375,0.8211528565575943,5.24664306640625,,262.2919982910156,0.9188427464024532
2021-10-12,268.5733337402344,270.7733459472656,265.5233459472656,266.9766540527344,66060000,1.5966796875,1.7400267303360861,5.25,,263.967333984375,1.0839367682045682
2021-10-13,270.3599853515625,271.8033447265625,268.59332275390625,270.1566772460937,42360300,0.20330810546880684,0.6652379022320076,3.21002197265625,,265.8559997558594,1.0651072643712713
2021-10-14,272.7733459472656,273.4166564941406,271.1166687011719,271.8299865722656,36741600,0.943359375,0.8926471099504285,2.29998779296875,,267.5033325195312,1.0088797905904865
2021-10-15,281.010009765625,281.07000732421875,274.1166687011719,274.5799865722656,56773800,6.430023193359375,3.0195999501915205,6.953338623046875,260.741837310791,271.33933715820314,0.9832627974489082
2021-10-18,290.03668212890625,291.7533264160156,283.8233337402344,283.92999267578125,72621600,6.106689453125,3.212224493643445,7.92999267578125,263.0741714477539,276.55067138671876,1.1768866823332527
2021-10-19,288.0899963378906,292.6499938964844,287.5033264160156,292.510009765625,52143300,-4.420013427734375,-0.6711860640270406,5.14666748046875,265.1556709289551,280.45400390625,1.657675033164653
2021-10-20,288.6000061035156,289.8299865722656,285.7933349609375,288.45001220703125,42096300,0.149993896484375,0.1770314041126264,4.036651611328125,267.05333786010743,284.1020080566406,1.72647034058063
2021-10-21,298.0,300.0,285.1666564941406,285.3333435058594,94444500,12.666656494140625,3.257101073349511,14.833343505859375,269.3926712036133,289.1473388671875,1.8937877226870816
2021-10-22,303.2266540527344,303.3333435058594,296.9866638183594,298.5,68642400,4.726654052734375,1.7539107559511269,6.3466796875,271.6475036621094,293.5906677246094,1.7704086194469613
2021-10-25,341.6199951171875,348.3399963378906,314.7333374023437,316.84332275390625,188556300,24.77667236328125,12.661598362581984,33.60665893554693,275.53916931152344,303.90733032226564,5.372684324316355
2021-10-26,339.4766540527344,364.9800109863281,333.8133239746094,341.5633239746094,187245000,-2.086669921875,-0.6274050392506725,31.16668701171875,279.5536682128906,314.1846618652344,5.364346983445882
2021-10-27,345.9533386230469,356.9599914550781,343.59332275390625,346.5533447265625,115579500,-0.600006103515625,1.9078438805710585,13.366668701171875,283.8295013427734,325.65532836914065,5.152447846948682
2021-10-28,359.0133361816406,360.3333435058594,351.3999938964844,356.10333251953125,81639600,2.910003662109375,3.775074872979922,8.933349609375,288.85550079345705,337.8579956054688,5.144240120181738
2021-10-29,371.3333435058594,371.7366638183594,357.7366638183594,360.6199951171875,89755200,10.713348388671875,3.431629436179362,14.0,294.5018341064453,351.4793334960938,5.023021894682671
2021-11-01,402.86334228515625,403.25,372.88665771484375,381.6666564941406,168146100,21.196685791015625,8.49102277797451,30.36334228515625,301.6195007324219,363.7280029296875,3.335664116672425
2021-11-02,390.6666564941406,402.86334228515625,382.0,386.4533386230469,128213400,4.21331787109375,-3.027499529203259,20.86334228515625,308.143000793457,373.96600341796875,4.136010366243243
2021-11-03,404.6199951171875,405.1300048828125,384.2066650390625,392.4433288574219,103885500,12.176666259765625,3.5716738019734517,20.92333984375,315.3281677246094,385.6993347167969,4.101447119310399
2021-11-04,409.9700012207031,414.4966735839844,405.6666564941406,411.4700012207031,76192200,-1.5,1.3222297879683653,8.83001708984375,322.5998336791992,395.8906677246094,4.168837744867414
2021-11-05,407.36334228515625,413.2900085449219,402.6666564941406,409.3333435058594,64886400,-1.970001220703125,-0.6358169933862068,10.62335205078125,329.8765014648437,403.09666748046874,4.3951874313682495
2021-11-08,387.6466674804688,399.0,377.6666564941406,383.2633361816406,100337100,4.383331298828182,-4.8400709533863,21.333343505859375,336.0598342895508,400.05333251953124,3.3502154429754594
2021-11-09,341.1666564941406,391.5,337.17333984375,391.2000122070313,177317400,-50.03335571289068,-11.990303254359858,54.32666015625,339.6895004272461,390.15333251953126,6.133730194967014
2021-11-10,355.9833374023437,359.3666687011719,329.10333251953125,336.8033447265625,128408100,19.179992675781193,4.342945192962477,30.263336181640625,343.97066802978514,380.4260009765625,6.331559642177034
2021-11-11,354.5033264160156,368.3233337402344,351.5599975585937,367.5899963378906,67189800,-13.086669921875,-0.41575288246014086,16.763336181640682,348.05716705322266,369.332666015625,6.123133336590397
2021-11-12,344.47332763671875,351.5,339.7333374023437,349.1666564941406,76719300,-4.693328857421875,-2.829310201599211,11.766662597656307,351.23033294677737,356.7546630859375,6.015197774440127
2021-11-15,337.7966613769531,343.99334716796875,326.20001220703125,339.2099914550781,104326800,-1.413330078125,-1.938224449936754,17.7933349609375,353.6183319091797,346.7846618652344,5.950588468717828
2021-11-16,351.57666015625,352.3999938964844,334.0599975585937,334.4366760253906,79627200,17.139984130859375,4.079376842602822,18.339996337890682,356.7926651000977,348.8666625976563,3.3667038838843864
2021-11-17,363.0033264160156,373.21331787109375,351.8333435058594,354.5033264160156,94336200,8.5,3.2501208284666294,21.379974365234375,360.51283111572263,350.2706604003906,3.091032106254374
2021-11-18,365.4599914550781,370.6666564941406,358.3399963378906,368.8500061035156,62696700,-3.3900146484375,0.6767610267700563,12.32666015625,363.8858306884766,352.4619934082031,3.0547688069859174
2021-11-19,379.0199890136719,379.5733337402344,364.23333740234375,366.2900085449219,64926900,12.72998046875,3.7103918009204317,15.339996337890625,367.6754974365234,359.37132568359374,2.5525871408808483
2021-11-22,385.6233215332031,400.6499938964844,377.4766540527344,387.4433288574219,99217500,-1.82000732421875,1.7422122080461122,23.17333984375,369.8756637573242,368.93665771484376,1.4349843146375463
2021-11-23,369.6766662597656,393.5,354.2333374023437,389.1700134277344,108515100,-19.49334716796875,-4.135293272729212,39.26666259765631,371.38566436767576,372.55665893554686,3.1394243439432974
2021-11-24,372.0,377.5899963378906,354.0,360.1300048828125,67680600,11.8699951171875,0.6284772484400847,23.589996337890625,372.68799743652346,374.3559936523437,2.8887885705497207
2021-11-26,360.6400146484375,369.5933227539063,360.3333435058594,366.489990234375,35042700,-5.8499755859375,-3.0537595031082,9.259979248046932,372.76933135986326,373.3919982910156,3.2930939753969075
2021-11-29,378.9966735839844,380.8900146484375,366.7300109863281,366.9966735839844,58393500,12.0,5.090022790022752,14.160003662109375,373.15249786376955,373.3873352050781,3.7332946847698993
2021-11-30,381.586669921875,389.3333435058594,372.6666564941406,381.4566650390625,81276000,0.1300048828125,0.6833823403773698,16.66668701171875,372.08866424560546,372.5800048828125,3.6425436574397714
2021-12-01,365.0,390.9466552734375,363.586669921875,386.8999938964844,68450400,-21.899993896484375,-4.346763456194869,27.3599853515625,370.8053314208984,371.64467163085936,3.701036007763327
2021-12-02,361.5333251953125,371.0,352.2166748046875,366.3533325195313,73114800,-4.820007324218807,-0.949773919092467,18.7833251953125,368.6509979248047,369.55133666992185,3.6799843530318284
2021-12-03,338.3233337402344,363.5266723632813,333.4033203125,361.5966796875,92322000,-23.273345947265625,-6.419876077133225,30.123352050781307,365.06866455078125,365.08800048828124,4.481146776501991
2021-12-06,336.336669921875,340.5466613769531,316.8333435058594,333.836669921875,81663000,2.5,-0.5872086315763081,23.71331787109375,361.5173309326172,356.5559997558594,2.950299262259061
2021-12-07,350.5833435058594,352.5566711425781,342.2699890136719,348.0666809082031,56084700,2.51666259765625,4.235837141187604,10.28668212890625,359.6641647338867,350.35533447265624,4.070642804712328
2021-12-08,356.32000732421875,357.4599914550781,344.3333435058594,350.9033203125,41906400,5.41668701171875,1.6363195584229162,13.12664794921875,360.4218322753906,348.6193359375,3.9437404477917326
2021-12-09,334.6000061035156,354.163330078125,334.1199951171875,353.5466613769531,59438400,-18.9466552734375,-6.095644581905246,20.0433349609375,359.35266571044923,343.2326721191406,4.713812885468655
2021-12-10,339.010009765625,340.32666015625,327.510009765625,336.25,59664300,2.760009765625,1.3179927022311633,12.816650390625,358.5779998779297,343.37000732421876,3.866755413406694
2021-12-13,322.1366577148437,335.0,317.1400146484375,333.6966552734375,78595500,-11.559997558593807,-4.977243020772959,17.8599853515625,357.46116638183594,340.5300048828125,4.507539864398684
2021-12-14,319.5033264160156,322.1366577148437,310.0,315.0,70806300,4.503326416015625,-0.8174578197676308,12.136657714843693,356.54649963378904,334.3140014648437,3.5721903984294676
2021-12-15,325.3299865722656,326.25,309.4166564941406,317.7366638183594,75169200,7.59332275390625,1.8236618133556703,16.833343505859375,355.23416595458986,328.1159973144531,3.6177685421996655
2021-12-16,308.97332763671875,331.6600036621094,307.2833251953125,331.5,82771500,-22.52667236328125,-5.027713279025869,24.376678466796875,352.532666015625,322.99066162109375,3.3159885307712793
2021-12-17,310.8566589355469,320.2200012207031,303.0133361816406,304.92333984375,100437300,5.933319091796875,0.6095449446181567,17.2066650390625,349.80249938964846,317.3599914550781,3.175713054137081
2021-12-20,299.9800109863281,307.2300109863281,297.7966613769531,303.5666809082031,56480100,-3.586669921875,-3.498927121736173,9.433349609375,345.8505004882812,312.928662109375,2.843142293043432
2021-12-21,312.84332275390625,313.1666564941406,295.3733215332031,305.6233215332031,71517900,7.220001220703125,4.288056302579579,17.7933349609375,342.2115005493164,311.59666137695314,3.839050294483649
2021-12-22,336.2900085449219,338.5533447265625,319.01666259765625,321.8866577148437,93634200,14.403350830078182,7.494705523716627,19.53668212890625,340.5421676635742,313.7886657714844,5.231187706990623
2021-12-23,355.6666564941406,357.6600036621094,332.5199890136719,335.6000061035156,92713200,20.066650390625,5.761886305530961,25.1400146484375,339.7255004882812,323.12733154296876,4.399319366142486
2021-12-27,364.6466674804688,372.3333435058594,356.9066772460937,357.8900146484375,71145900,6.756652832031307,2.524839149906688,15.426666259765682,339.9258331298828,333.8853332519531,4.226641174505124
2021-12-28,362.8233337402344,373.0,359.47332763671875,369.8299865722656,60324000,-7.00665283203125,-0.500027534279357,13.52667236328125,339.11716613769534,346.45399780273436,3.0736566515177346
2021-12-29,362.0633239746094,368.0,354.7133178710937,366.21331787109375,56154000,-4.149993896484375,-0.20947102761840197,13.286682128906307,338.14099884033203,356.297998046875,3.5568958976323266
2021-12-30,356.7799987792969,365.1833190917969,351.04998779296875,353.77667236328125,47040900,3.003326416015625,-1.4592268383646134,14.133331298828125,337.72999877929686,360.39599609375,2.937320641673054
2021-12-31,352.260009765625,360.6666564941406,351.5299987792969,357.8133239746094,40733700,-5.553314208984375,-1.2668840823859995,9.13665771484375,337.2663330078125,359.71466674804685,1.5997778051620672
2022-01-03,399.9266662597656,400.3566589355469,378.6799926757813,382.5833435058594,103931400,17.34332275390625,13.53166841897706,21.676666259765568,340.34649963378905,366.7706665039062,6.456551186245492
2022-01-04,383.1966552734375,402.6666564941406,374.3500061035156,396.51666259765625,100248300,-13.32000732421875,-4.1832696836128,28.316650390625,342.6894989013672,370.8453308105469,7.002841708436647
2022-01-05,362.7066650390625,390.11334228515625,360.336669921875,382.2166748046875,80119800,-19.510009765625,-5.347121367683638,29.77667236328125,343.29566497802733,370.9739990234375,7.625723420080311
2022-01-06,354.8999938964844,362.6666564941406,340.1666564941406,359.0,90336600,-4.100006103515625,-2.152337383085412,22.5,343.22466430664065,370.597998046875,7.670842457675112
2022-01-07,342.32000732421875,360.30999755859375,336.6666564941406,360.1233215332031,84164700,-17.803314208984375,-3.5446567451716815,23.643341064453125,343.6106643676758,368.60999755859376,7.8393169178349345
2022-01-10,352.7066650390625,353.0333251953125,326.6666564941406,333.3333435058594,91815000,19.373321533203125,3.034195341380186,26.366668701171875,344.29549713134764,359.16599731445314,3.269562872235269
2022-01-11,354.79998779296875,358.6166687011719,346.2733459472656,351.22332763671875,66063300,3.57666015625,0.5935024657598653,12.34332275390625,345.9286636352539,353.4866638183594,3.3296693098572905
2022-01-12,368.739990234375,371.61334228515625,357.5299987792969,359.6166687011719,83739000,9.123321533203125,3.9289748931841784,14.083343505859375,348.3904968261719,354.6933288574219,3.2210594930560035
2022-01-13,343.85333251953125,371.8666687011719,342.17999267578125,369.6900024414063,97209900,-25.836669921875057,-6.749107331435766,29.686676025390625,349.31666412353513,352.48399658203124,4.51697181831186
2022-01-14,349.8699951171875,350.6666564941406,337.7933349609375,339.9599914550781,72924300,9.910003662109375,1.7497758575059086,12.873321533203125,351.3614974975586,353.993994140625,4.251458477713712
2022-01-18,343.5033264160156,356.92999267578125,338.6866760253906,342.2033386230469,66743400,1.29998779296875,-1.819724123253097,18.243316650390625,352.993830871582,352.1533264160156,4.0822112811184805
2022-01-19,331.8833312988281,351.5566711425781,331.6666564941406,347.2366638183594,75442500,-15.35333251953125,-3.38278969185718,19.8900146484375,354.58899688720703,347.5699951171875,4.211112988791246
2022-01-20,332.0899963378906,347.2200012207031,331.3333435058594,336.57666015625,70488600,-4.486663818359375,0.06227038828787723,15.88665771484375,355.55133056640625,340.2399963378906,3.2714105930966326
2022-01-21,314.6333312988281,334.8500061035156,313.5,332.11334228515625,103416000,-17.480010986328125,-5.256606712507206,21.350006103515625,354.46849670410154,334.39599609375,2.7612402349194882
2022-01-24,310.0,311.1700134277344,283.8233337402344,301.586669921875,151565700,8.413330078125,-1.4726129872195681,27.3466796875,352.1851638793945,326.4219970703125,2.0237472509520167
2022-01-25,306.1333312988281,317.086669921875,301.07000732421875,304.7333374023437,86595900,1.3999938964844318,-1.2473124842489969,16.01666259765625,349.2594970703125,318.947998046875,2.078386442147535
2022-01-26,312.4700012207031,329.2300109863281,302.0,317.4766540527344,104867400,-5.00665283203125,2.069905258271132,27.230010986328125,346.74183044433596,315.06533203125,2.6839046315794137
2022-01-27,276.3666687011719,311.7966613769531,276.3333435058594,311.1199951171875,147109500,-34.753326416015625,-11.554175561970448,35.46331787109375,342.4569976806641,303.92066650390626,5.200092488739994
2022-01-28,282.1166687011719,285.8333435058594,264.0033264160156,277.1866760253906,134789100,4.92999267578125,2.0805692766870276,21.83001708984375,338.7238311767578,297.417333984375,5.5977465099245505
2022-01-31,312.239990234375,312.663330078125,287.3500061035156,290.9033203125,104436000,21.336669921875,10.677611383930952,25.313323974609375,336.7228302001953,297.86533203125,8.0133950782777
2022-02-01,310.4166564941406,314.5666809082031,301.6666564941406,311.7366638183594,73138200,-1.32000732421875,-0.5839526637397507,12.9000244140625,332.24732971191406,298.7219970703125,7.984633058439031
2022-02-02,301.8866577148437,310.5,296.4700012207031,309.3933410644531,66792900,-7.506683349609432,-2.7479191598914543,14.029998779296875,328.18182983398435,296.60532836914064,8.044029204340163
2022-02-03,297.0466613769531,312.3333435058594,293.50665283203125,294.0,78855600,3.046661376953125,-1.6032495024878912,18.826690673828125,324.8988296508789,300.7413269042969,5.3982073714600585
2022-02-04,307.7733459472656,312.1666564941406,293.72332763671875,299.0733337402344,73625400,8.70001220703125,3.611110968421327,18.443328857421875,322.542497253418,305.87266235351564,5.477590853900317
2022-02-07,302.4466552734375,315.92333984375,300.9033203125,307.92999267578125,60994500,-5.48333740234375,-1.730718642133755,15.02001953125,320.54882965087893,303.91399536132815,2.4815169242831496
2022-02-08,307.3333435058594,308.7633361816406,298.26666259765625,301.84332275390625,50729100,5.490020751953125,1.61571905234128,10.496673583984375,318.28016357421876,303.2973327636719,2.6749439987319388
2022-02-09,310.6666564941406,315.42333984375,306.6666564941406,311.6666564941406,52259400,-1.0,1.0845920427172029,8.756683349609375,316.07349700927733,305.05333251953124,2.2704492946963803
2022-02-10,301.51666259765625,314.60333251953125,298.8999938964844,302.7900085449219,66126900,-1.273345947265625,-2.945277101746824,15.703338623046875,312.7123306274414,305.94733276367185,2.6439615521227258
2022-02-11,286.6666564941406,305.32000732421875,283.5666809082031,303.2099914550781,79645800,-16.5433349609375,-4.9251029696264155,21.753326416015625,309.8529968261719,301.7259948730469,2.747243959405684
2022-02-14,291.9200134277344,299.6266784667969,284.3833312988281,287.19000244140625,67756500,4.730010986328125,1.8325664372135009,15.24334716796875,306.9554977416992,299.62066650390625,3.0760648371670074
2022-02-15,307.4766540527344,307.6666564941406,297.7933349609375,300.0,57286200,7.476654052734375,5.329076428276847,9.873321533203125,305.15416412353517,299.6493286132812,4.056992060633271
2022-02-16,307.7966613769531,308.8099975585937,300.4033203125,304.6833190917969,51294300,3.11334228515625,0.10407532409399955,8.406677246093693,303.94983062744143,299.07532958984376,4.019526099789067
2022-02-17,292.1166687011719,306.1666564941406,291.3666687011719,304.4200134277344,55178400,-12.3033447265625,-5.094269900666093,14.79998779296875,301.95116424560547,297.19533081054686,4.484971829912672
2022-02-18,285.6600036621094,295.6233215332031,279.2033386230469,295.3333435058594,68501700,-9.67333984375,-2.210303529672075,16.41998291015625,300.5024978637695,296.99400024414064,3.9561633107870176
2022-02-22,273.84332275390625,285.57666015625,267.0333251953125,278.0433349609375,83288100,-4.20001220703125,-4.136624223452856,18.5433349609375,298.69466400146484,293.378662109375,4.157500800389495
2022-02-23,254.67999267578125,278.4333190917969,253.5200042724609,276.8099975585937,95256900,-22.130004882812443,-6.997917599526948,24.913314819335966,296.1219970703125,282.8193298339844,2.7246849378312126
2022-02-24,266.92333984375,267.49334716796875,233.3333282470703,233.4633331298828,135322200,33.46000671386719,4.807345500262783,34.16001892089844,293.8446640014648,274.64466552734376,4.55151292563182
2022-02-25,269.9566650390625,273.1666564941406,260.79998779296875,269.74334716796875,76067700,0.21331787109375,1.1364031324829549,12.366668701171875,293.5241638183594,270.21266479492186,4.593873330209477
2022-02-28,290.1433410644531,292.28668212890625,271.57000732421875,271.6700134277344,99006900,18.47332763671875,7.477746853358713,20.7166748046875,293.9254974365234,271.1093322753906,6.028166390489321
2022-03-01,288.1233215332031,296.6266784667969,284.59332275390625,289.8933410644531,74766900,-1.77001953125,-0.6962143345558558,12.033355712890625,292.7196640014648,273.96533203125,5.550083497555126
2022-03-02,293.2966613769531,295.49334716796875,281.42333984375,290.7099914550781,74643300,2.586669921875,1.7955297114516489,14.07000732421875,291.8636642456055,281.68866577148435,3.2348312383288107
2022-03-03,279.7633361816406,295.4800109863281,277.5333251953125,292.92333984375,61623600,-13.160003662109375,-4.614210448825773,17.946685791015625,290.7574981689453,284.2566650390625,4.38768758452053
2022-03-04,279.42999267578125,285.2166748046875,275.0533447265625,283.0333251953125,66999600,-3.60333251953125,-0.11915196265851469,10.163330078125,289.87666473388674,286.1513305664063,4.415191642051293
2022-03-07,268.1933288574219,288.7133178710937,268.19000244140625,285.4333190917969,72494100,-17.239990234375,-4.021280504200253,20.523315429687443,287.89766387939454,281.761328125,2.714022178835254
2022-03-08,274.79998779296875,283.3299865722656,260.72332763671875,265.1766662597656,80399100,9.623321533203125,2.463394210323222,22.606658935546875,286.5153305053711,279.09666137695314,3.2682477061660657
2022-03-09,286.3233337402344,286.85333251953125,277.336669921875,279.82666015625,59184000,6.496673583984375,4.193357517885765,9.51666259765625,285.46483001708987,277.7019958496094,3.8809844424799276
2022-03-10,279.4333190917969,284.8166809082031,270.1199951171875,283.8166809082031,58648500,-4.38336181640625,-2.4063755330148706,14.696685791015625,283.90316314697264,277.6359924316406,3.377339118046264
2022-03-11,265.1166687011719,281.26666259765625,264.5899963378906,280.0666809082031,67037100,-14.95001220703125,-5.12345859010529,16.676666259765625,282.0831634521484,274.77332763671876,4.094898310535341
2022-03-14,255.4566650390625,266.8999938964844,252.01333618164065,260.2033386230469,71152200,-4.746673583984375,-3.6436802368687404,14.886657714843722,280.52266387939454,272.2259948730469,4.027691838164215
2022-03-15,267.2966613769531,268.5233459472656,252.19000244140625,258.42333984375,66841200,8.873321533203125,4.634835554625338,16.333343505859375,279.29149627685547,270.72532958984374,4.562968285608973
2022-03-16,280.07666015625,280.6666564941406,267.4200134277344,269.6666564941406,84028800,10.410003662109375,4.781204042527865,13.24664306640625,277.92149658203124,269.4759948730469,4.718070209451829
2022-03-17,290.5333251953125,291.6666564941406,275.239990234375,276.9966735839844,66582900,13.536651611328125,3.7335010469022656,16.426666259765625,277.0583297729492,271.69599609375,4.846797582882025
2022-03-18,301.7966613769531,302.6166687011719,289.1300048828125,291.4966735839844,100414200,10.29998779296875,3.876779427650434,13.486663818359375,277.5423294067383,279.03199462890626,3.562564293852525
2022-03-21,307.0533447265625,314.2833251953125,302.36334228515625,304.99334716796875,81981600,2.05999755859375,1.7417963888751054,11.91998291015625,278.61199645996095,289.35133056640626,1.2140301764464119
2022-03-22,331.32666015625,332.6199951171875,307.25,310.0,105868500,21.32666015625,7.9052437781791385,25.3699951171875,281.4861633300781,302.15733032226564,2.2480981237622477
2022-03-23,333.03668212890625,346.8999938964844,325.4666748046875,326.64666748046875,120676200,6.3900146484375,0.5161136057840299,21.433319091796875,285.40399780273435,312.74933471679685,2.809918277967427
2022-03-24,337.97332763671875,341.4966735839844,329.6000061035156,336.57666015625,68920800,1.39666748046875,1.4823128420135223,11.89666748046875,288.9564971923828,322.2373352050781,2.9509215830935953
2022-03-25,336.8800048828125,340.6000061035156,332.44000244140625,336.0,62031600,0.8800048828125,-0.3234937980317265,8.160003662109375,292.3026641845703,329.25400390625,3.2579745630074566
2022-03-28,363.9466552734375,365.9599914550781,351.20001220703125,355.0333251953125,102506100,8.913330078125,8.034507836118209,14.759979248046875,295.99282989501955,340.632666015625,4.109715557967383
2022-03-29,366.5233459472656,371.5899963378906,357.7033386230469,369.3299865722656,73614900,-2.806640625,0.7079858095940583,13.88665771484375,299.91283111572267,347.6720031738281,3.3881513692545697
2022-03-30,364.663330078125,371.3166809082031,361.3333435058594,363.7233276367188,59865000,0.9400024414061932,-0.507475414515135,9.98333740234375,303.4811645507813,353.99733276367186,3.5343017422124503
2022-03-31,359.20001220703125,367.71331787109375,358.8800048828125,364.8566589355469,48992700,-5.656646728515625,-1.4981813142339484,8.83331298828125,307.45299835205077,358.2426696777344,3.854707928852214
2022-04-01,361.5299987792969,364.9166564941406,355.5466613769531,360.3833312988281,54263100,1.14666748046875,0.6486599368272561,9.3699951171875,311.55799865722656,363.17266845703125,3.7771777023348947
2022-04-04,381.8166809082031,383.3033447265625,357.510009765625,363.1266784667969,82035900,18.69000244140625,5.611341298759176,25.7933349609375,317.2391662597656,366.7466735839844,2.73798689296415
2022-04-05,363.7533264160156,384.2900085449219,362.4333190917969,378.76666259765625,80075100,-15.013336181640625,-4.730897154420111,21.856689453125,321.686833190918,366.1926696777344,3.7664956136964656
2022-04-06,348.586669921875,359.6666564941406,342.5666809082031,357.8233337402344,89348400,-9.236663818359375,-4.169489429436835,17.0999755859375,324.8,362.9773376464844,4.198003731507751
2022-04-07,352.4200134277344,358.86334228515625,340.5133361816406,350.7966613769531,79447200,1.62335205078125,1.0996816105212748,18.350006103515625,328.4493347167969,361.621337890625,4.254658826383929
2022-04-08,341.8299865722656,349.4800109863281,340.8133239746094,347.7366638183594,55013700,-5.90667724609375,-3.004944796541842,8.66668701171875,332.2850006103516,357.68133544921875,4.361651233627076
2022-04-11,325.3099975585937,336.1566772460937,324.8800048828125,326.79998779296875,59357100,-1.4899902343750568,-4.832808607380468,11.276672363281193,335.7776672363281,346.37999877929684,2.472285673966151
2022-04-12,328.9833374023437,340.39666748046875,325.5333251953125,332.5466613769531,65976000,-3.563323974609432,1.1291813566499442,14.86334228515625,338.8620010375977,339.4260009765625,2.8779933107658002
2022-04-13,340.7900085449219,342.0799865722656,324.3666687011719,327.02667236328125,55121100,13.763336181640625,3.5888356035912894,17.71331787109375,341.8976684570313,337.8666687011719,3.4254087030006057
2022-04-14,328.3333435058594,337.57000732421875,327.39666748046875,333.0966796875,58422300,-4.763336181640625,-3.655231880843268,10.17333984375,343.7876693725586,333.04933471679686,3.5609410531036705
2022-04-18,334.7633361816406,338.3066711425781,324.4700012207031,329.6766662597656,51715200,5.086669921875,1.9583733431163042,13.836669921875,345.43600311279295,331.63600463867186,3.675947549159178
2022-04-19,342.7166748046875,344.9800109863281,331.77667236328125,335.0199890136719,49847700,7.696685791015625,2.3758093445249484,13.203338623046875,347.2191696166992,335.1173400878906,2.791494026744993
2022-04-20,325.7333374023437,344.6666564941406,325.0833435058594,343.3333435058594,70711200,-17.600006103515682,-4.955503671370098,19.58331298828125,346.9395034790039,334.46734008789065,3.8788717082307085
2022-04-21,336.260009765625,364.0733337402344,332.1400146484375,358.24334716796875,105416400,-21.98333740234375,3.2316840662455215,31.933319091796875,347.10066986083984,333.56134033203125,3.7954862888415923
2022-04-22,335.01666259765625,344.95001220703125,331.3333435058594,338.3033447265625,69696600,-3.28668212890625,-0.3697576672395231,13.616668701171875,346.95283660888674,334.89800415039065,3.302012755147871
2022-04-25,332.67333984375,336.2066650390625,325.1000061035156,326.3233337402344,68341200,6.350006103515625,-0.6994645387893739,11.106658935546875,346.7425033569336,334.4800048828125,3.210779631560858
2022-04-26,292.1400146484375,333.3333435058594,291.6666564941406,331.8099975585937,136133700,-39.66998291015619,-12.184121881948872,41.66668701171875,343.1521713256836,324.3646728515625,5.899502298725773
2022-04-27,293.836669921875,306.0,292.4533386230469,299.52667236328125,76956300,-5.69000244140625,0.5807678470473254,13.546661376953125,339.51783752441406,317.98533935546874,5.958896323839579
2022-04-28,292.5033264160156,300.0,273.8999938964844,299.99334716796875,124948500,-7.490020751953125,-0.4537702888526063,26.100006103515625,335.9098373413086,309.2340026855469,5.365673339174485
2022-04-29,290.2533264160156,311.4666748046875,290.0,300.75,88133100,-10.496673583984375,-0.7692220213591394,21.4666748046875,332.46250305175784,300.2813354492188,5.3265248039209965
2022-05-02,300.9800109863281,302.1199951171875,282.6766662597656,286.92333984375,75781500,14.056671142578125,3.6956284714332988,19.443328857421875,329.43500366210935,293.9426696777344,6.053333696002954
2022-05-03,303.0833435058594,308.02667236328125,296.1966552734375,301.0599975585937,63709500,2.023345947265682,0.6988279761963367,11.83001708984375,325.4983367919922,296.13133544921874,1.7652961969233132
2022-05-04,317.5400085449219,318.5,295.09332275390625,301.3133239746094,81643800,16.2266845703125,4.769864576468552,23.40667724609375,323.1876708984375,300.87200317382815,2.5041120213472126
2022-05-05,291.09332275390625,315.20001220703125,285.8999938964844,313.00665283203125,92519100,-21.913330078125,-8.328615317548016,29.300018310546875,320.31300354003906,300.5900024414062,5.168517437979499
2022-05-06,288.54998779296875,296.0,281.03668212890625,295.6666564941406,72903000,-7.116668701171875,-0.8737180698190294,14.96331787109375,317.11950225830077,300.24933471679685,5.1726822298084425
2022-05-09,262.3699951171875,281.8766784667969,260.3833312988281,278.8166809082031,90810300,-16.446685791015625,-9.07294880724968,21.49334716796875,313.14650268554686,292.52733154296874,5.97674320593774
2022-05-10,266.67999267578125,275.1199951171875,258.0833435058594,273.10333251953125,84401700,-6.42333984375,1.6427173986372612,17.036651611328125,310.2150024414062,285.2466613769531,6.118680692400842
2022-05-11,244.6666717529297,269.92333984375,242.3999938964844,265.0,97224600,-20.333328247070312,-8.254582843646041,27.523345947265597,305.99916915893556,270.6719940185547,4.985234479924057
2022-05-12,242.6666717529297,253.22000122070312,226.6666717529297,233.6666717529297,140313000,9.0,-0.8174386751047313,26.553329467773438,301.09300231933594,260.9866638183594,4.852879919889741
2022-05-13,256.5299987792969,262.45001220703125,250.52333068847656,257.82666015625,92150700,-1.296661376953125,5.712909369145702,11.926681518554688,297.5028350830078,254.582666015625,6.387069183075177
2022-05-16,241.4566650390625,256.586669921875,239.69667053222656,255.72000122070312,86098500,-14.263336181640625,-5.875856161837268,16.889999389648438,292.8375015258789,250.4,5.637806059808061
2022-05-17,253.8699951171875,254.82666015625,242.9499969482422,249.1199951171875,80236200,4.75,5.141017778952928,11.876663208007812,288.3951675415039,247.83800048828124,6.3056986253678176
2022-05-18,236.60333251953125,253.5,233.60333251953125,248.17333984375,87811800,-11.57000732421875,-6.801379812405905,19.89666748046875,283.9386672973633,246.22533264160157,5.897570405795776
2022-05-19,236.47332763671875,244.6666717529297,231.3699951171875,235.6666717529297,90296700,0.8066558837890625,-0.054946344765349764,13.296676635742188,278.94933319091797,244.98666381835938,5.898078094900482
2022-05-20,221.3000030517578,240.52667236328125,211.0,237.9966735839844,144973200,-16.69667053222659,-6.416505716141863,29.52667236328125,273.26350021362305,237.94066467285157,5.2236509333876375
2022-05-23,224.96665954589844,226.65333557128903,212.6866607666016,218.33999633789065,88903500,6.626663208007784,1.656871415985961,13.966674804687443,267.87816619873047,234.64266357421874,5.201529635925905
2022-05-24,209.3866729736328,217.97332763671875,206.85667419433597,217.8433380126953,89092500,-8.4566650390625,-6.925464690507588,11.116653442382784,263.74049911499026,225.74599914550782,4.1648447397446215
2022-05-25,219.6000061035156,223.10667419433597,207.6699981689453,207.9499969482422,92139300,11.650009155273409,4.877737911795799,15.436676025390653,260.02866592407224,222.3453338623047,5.154025690553531
2022-05-26,235.91000366210935,239.55667114257807,217.8866729736328,220.47332763671875,106003200,15.436676025390597,7.427138936829314,21.669998168945256,257.19899978637693,222.2326690673828,6.533695827752317
2022-05-27,253.2100067138672,253.26666259765625,240.1766662597656,241.0833282470703,89295000,12.126678466796875,7.3333062537426,13.089996337890653,255.34683380126953,228.6146697998047,5.961173589126299
2022-05-31,252.7533264160156,259.6000061035156,244.7433319091797,257.9466552734375,101914500,-5.193328857421903,-0.1803563389055407,14.856674194335938,252.9354995727539,234.17200317382807,6.1097191076440085
2022-06-01,246.7899932861328,257.32666015625,243.63999938964844,251.72000122070312,77247900,-4.9300079345703125,-2.359349020027346,13.686660766601562,250.12083206176757,241.65266723632809,4.468209051540023
2022-06-02,258.3333435058594,264.2099914550781,242.0666656494141,244.1566619873047,93473100,14.176681518554688,4.677398003874078,22.143325805664034,247.16049880981444,249.3993347167969,4.452737057992511
2022-06-03,234.51666259765625,247.79666137695312,233.4166717529297,243.22666931152344,112393800,-8.710006713867188,-9.219359988526964,14.379989624023438,244.33166580200196,249.12066650390625,6.446674008256969
2022-06-06,238.27999877929688,244.86666870117188,234.3500061035156,244.35333251953125,84204600,-6.073333740234375,1.60472016783606,10.516662597656278,241.81816635131835,246.1346649169922,5.2213370805727
2022-06-07,238.8866729736328,239.9966735839844,230.0933380126953,234.0,72808500,4.8866729736328125,0.25460558898939833,9.903335571289091,240.6440002441406,243.36133422851563,5.243968112462368
2022-06-08,241.86666870117188,249.9633331298828,239.1766662597656,240.086669921875,76210500,1.779998779296875,1.2474516432601446,10.786666870117216,239.40333404541016,242.37666931152344,5.259723998263077
2022-06-09,239.7066650390625,255.54666137695312,239.32666015625,249.33999633789065,96491400,-9.633331298828153,-0.8930555308462429,16.220001220703125,239.15533370971679,238.65133361816407,4.477009049377182
2022-06-10,232.22999572753903,239.5,227.913330078125,235.1566619873047,97536600,-2.9266662597656534,-3.1190911234383334,11.586669921875,238.63349990844728,238.19400024414062,1.9077752321404366
2022-06-13,215.73666381835935,226.63333129882807,214.68333435058597,223.1666717529297,102767400,-7.430007934570341,-7.102153990705961,11.949996948242102,236.59383316040038,233.68533325195312,3.3207222048918816
2022-06-14,220.88999938964844,226.3300018310547,211.73666381835935,218.2866668701172,97988700,2.60333251953125,2.3887157055640706,14.593338012695341,235.56549987792968,230.08599853515625,3.776389536661376
2022-06-15,233.0,235.663330078125,218.1499938964844,220.9166717529297,119131800,12.083328247070312,5.482367080362738,17.513336181640597,234.52200012207032,228.3126647949219,4.863781657177134
2022-06-16,213.1000061035156,225.1666717529297,208.69332885742188,222.73666381835935,107390700,-9.63665771484375,-8.540769912654255,16.473342895507812,233.34683380126953,222.9913330078125,6.023991657441811
2022-06-17,216.75999450683597,220.97000122070312,213.19667053222656,213.43333435058597,92641800,3.32666015625,1.7174980283869656,7.7733306884765625,232.36116714477538,219.89733276367187,6.2202580124137645
2022-06-21,237.0366668701172,243.57666015625,224.3333282470703,224.60333251953125,122793000,12.433334350585938,9.354434802147837,19.243331909179688,233.14800033569335,224.15733337402344,6.6618497625551765
2022-06-22,236.086669921875,246.8333282470703,233.82666015625,234.5033264160156,101107500,1.5833435058594034,-0.40078058841535036,13.006668090820312,233.7040008544922,227.19666748046876,6.745853982532095
2022-06-23,235.07000732421875,239.3166656494141,228.6366729736328,237.9066619873047,104202600,-2.8366546630859375,-0.43063108899484837,10.679992675781278,234.9881675720215,227.6106689453125,6.386866172173395
2022-06-24,245.7066650390625,246.0666656494141,236.086669921875,237.47000122070312,95770800,8.236663818359375,4.524889345059324,9.979995727539091,236.29350051879882,234.1320007324219,4.113163998343085
2022-06-27,244.9199981689453,252.07000732421875,242.5666656494141,249.36666870117188,89178300,-4.4466705322265625,-0.32016505127857586,9.503341674804659,236.74400024414064,239.76400146484374,4.35974589447784
2022-06-28,232.663330078125,249.97000122070312,232.3433380126953,244.48333740234372,90391200,-11.820007324218722,-5.00435578248114,17.626663208007812,235.7166664123535,238.88933410644532,3.370263858203847
2022-06-29,228.4900054931641,231.17333984375,222.27333068847656,230.5,82897200,-2.009994506835909,-1.79371823809088,8.900009155273438,234.50350036621094,237.37000122070313,3.434919296736254
2022-06-30,224.47332763671875,229.4566650390625,218.8633270263672,224.50999450683597,94600500,-0.03666687011721592,-1.7579227799377484,10.593338012695312,233.38766708374024,235.25066528320312,3.469211335990675
2022-07-01,227.26333618164065,230.22999572753903,222.1199951171875,227.0,74460300,0.2633361816406534,1.242913166698001,8.110000610351534,231.83416671752929,231.56199951171874,2.3100506551730167
2022-07-05,233.0666656494141,233.14666748046875,216.1666717529297,223.0,84581100,10.066665649414091,2.5535704813974602,16.979995727539062,231.76166687011718,229.19133300781255,2.9532294471201834
2022-07-06,231.73333740234372,234.56333923339844,227.1866607666016,230.77999877929688,71853600,0.9533386230468466,-0.5720802000385605,7.376678466796847,231.43433380126953,229.00533447265624,1.9156677576719592
2022-07-07,244.5433349609375,245.3633270263672,232.2100067138672,233.9199981689453,81930600,10.623336791992188,5.52790448805931,13.1533203125,231.71716690063477,232.21600036621095,2.8397432491964993
2022-07-08,250.76333618164065,254.97999572753903,241.16000366210935,242.3333282470703,101854200,8.430007934570341,2.543516968760051,13.819992065429688,232.1620002746582,237.4740020751953,2.2305215557041818
2022-07-11,234.3433380126953,253.06333923339844,233.6266632080078,252.10333251953125,99241200,-17.759994506835938,-6.548005948146862,19.436676025390625,231.89383392333986,238.89000244140624,4.590607626877537
2022-07-12,233.07000732421875,239.77333068847656,228.3699951171875,236.8466644287109,87930900,-3.776657104492159,-0.5433611636988744,11.403335571289062,231.93583450317382,238.8906707763672,4.4858894610029285
2022-07-13,237.0399932861328,242.05999755859372,225.0333404541016,225.5,97954500,11.539993286132812,1.7033448479672808,17.02665710449213,233.0010009765625,239.952001953125,4.5182985535492515
2022-07-14,238.31333923339844,238.65333557128903,229.3333282470703,234.89666748046875,78557400,3.4166717529296875,0.5371861218914864,9.320007324218722,233.87216796875,238.70600280761718,3.5974404119031154
2022-07-15,240.0666656494141,243.6233367919922,236.88999938964844,240.0,69683100,0.06666564941409092,0.7357231540860099,6.73333740234375,234.2255012512207,236.56666870117186,3.298334179197601
2022-07-18,240.54666137695312,250.51666259765625,239.60333251953125,244.9366607666016,82537500,-4.389999389648466,0.1999426810217919,10.913330078125,235.59783401489258,237.80733337402344,0.8185497674595471
2022-07-19,245.52999877929688,247.13999938964844,236.97666931152344,245.0,80890200,0.529998779296875,2.0716718219316865,10.163330078125,237.0363342285156,240.29933166503906,0.7992210815148688
2022-07-20,247.5,250.663330078125,243.48333740234372,246.7833404541016,88864200,0.7166595458984091,0.8023464466653252,7.179992675781278,237.55950088500975,242.3913330078125,0.7117517775412379
2022-07-21,271.7066650390625,273.26666259765625,254.86666870117188,255.10667419433597,142032300,16.599990844726534,9.78047072285353,18.399993896484375,239.34050064086915,249.06999816894532,4.007368073687656
2022-07-22,272.24334716796875,280.78668212890625,270.7133178710937,276.2200012207031,103472700,-3.976654052734375,0.19752262198982073,10.073364257812557,241.19916763305665,255.50533447265624,4.080486539611529
2022-07-25,268.4333190917969,274.14666748046875,267.3999938964844,272.2166748046875,64073400,-3.783355712890625,-1.3994935471540293,6.746673583984375,242.33550033569335,261.082666015625,4.36917483290203
2022-07-26,258.8599853515625,267.3099975585937,256.2633361816406,266.5133361816406,66820800,-7.653350830078125,-3.5663731211253102,11.046661376953068,243.03249969482422,263.7486633300781,5.105300247162965
2022-07-27,274.82000732421875,275.9266662597656,261.7900085449219,263.8099975585937,88110000,11.010009765625057,6.1655036992220635,14.13665771484375,245.1403335571289,269.21266479492186,5.554272541836275
2022-07-28,280.8999938964844,283.29998779296875,272.79998779296875,280.0666809082031,84723000,0.83331298828125,2.212352234272652,10.5,247.7608329772949,271.05133056640625,3.708734207065993
2022-07-29,297.1499938964844,298.32000732421875,279.1000061035156,280.70001220703125,95313000,16.449981689453125,5.784976985791013,19.220001220703125,251.3946662902832,276.03265991210935,4.305074296191782
2022-08-01,297.27667236328125,311.8766784667969,295.0,301.27667236328125,117042900,-4.0,0.04263115241422977,16.876678466796875,254.89533309936525,281.80133056640625,4.0760483437719826
2022-08-02,300.586669921875,307.8333435058594,292.6666564941406,294.0033264160156,95577600,6.583343505859375,1.1134400598203698,15.16668701171875,258.2713333129883,290.14666748046875,2.769553141915261
2022-08-03,307.39666748046875,309.54998779296875,301.1499938964844,305.0,80091000,2.39666748046875,2.265568716125621,8.399993896484375,262.0544998168945,296.66199951171876,2.1596445101884076
2022-08-04,308.6333312988281,313.6066589355469,305.0,311.0,72256200,-2.366668701171875,0.40230228534861023,8.606658935546875,265.2589996337891,302.2086669921875,2.3203398462230256
2022-08-05,288.1700134277344,304.6066589355469,285.5433349609375,302.6700134277344,113172900,-14.5,-6.63030068235908,19.063323974609375,267.12933349609375,300.4126708984375,3.497212192798396
2022-08-08,290.42333984375,305.20001220703125,289.086669921875,295.0,98994000,-4.57666015625,0.7819434052879659,16.11334228515625,269.9333335876465,299.04200439453126,3.544438746791586
2022-08-09,283.3333435058594,292.39666748046875,279.35333251953125,290.2933349609375,86244600,-6.959991455078125,-2.4412625864385085,13.0433349609375,272.44650039672854,295.5913391113281,3.5180222542727617
2022-08-10,294.3566589355469,297.510009765625,283.3699951171875,297.0666809082031,94918800,-2.71002197265625,3.890581776676605,14.1400146484375,275.31233367919924,292.98333740234375,3.9571384838017867
2022-08-11,286.6300048828125,298.2366638183594,285.8333435058594,296.5133361816406,70155000,-9.883331298828125,-2.6249292544206493,12.4033203125,277.7281669616699,288.5826721191406,3.9589058574633613
2022-08-12,300.0299987792969,300.1600036621094,285.0333251953125,289.4166564941406,79657200,10.61334228515625,4.675014362841368,15.126678466796875,280.72633361816406,290.9546691894531,3.420082247442825
2022-08-15,309.32000732421875,313.1333312988281,301.2300109863281,301.78668212890625,89359200,7.5333251953125,3.096359891583922,11.9033203125,284.16500091552734,294.7340026855469,3.561215592602859
2022-08-16,306.5633239746094,314.6666564941406,302.8833312988281,311.6666564941406,88136400,-5.10333251953125,-0.8912075793144236,11.7833251953125,287.21666717529297,299.3799987792969,3.2013067992967223
2022-08-17,303.9966735839844,309.6566772460937,300.0333251953125,303.39666748046875,68766000,0.600006103515625,-0.8372333511224461,9.623352050781193,290.0415008544922,301.30800170898436,3.061540369301004
2022-08-18,302.8699951171875,306.5,301.85333251953125,306.0,47500500,-3.1300048828125,-0.37062197211366055,4.64666748046875,291.59966735839845,304.5559997558594,2.5807340010321633
2022-08-19,296.6666564941406,300.3599853515625,292.5,299.0,61395300,-2.333343505859375,-2.0481852686155544,7.8599853515625,292.82083282470705,303.8833312988281,1.9489872701882498
2022-08-22,289.913330078125,292.3999938964844,286.2966613769531,291.913330078125,55843200,-2.0,-2.2764022407583906,6.10333251953125,293.89483337402345,300.0019958496094,0.8302084697912794
2022-08-23,296.4533386230469,298.82666015625,287.92333984375,291.4533386230469,63984900,5.0,2.25584954757323,10.9033203125,295.77450103759764,297.97999877929686,1.8136313611733104
2022-08-24,297.0966796875,303.64666748046875,296.5,297.5633239746094,57259800,-0.466644287109375,0.2170125887066332,7.14666748046875,296.8883346557617,296.6,1.848148857837901
2022-08-25,296.07000732421875,302.9599914550781,291.6000061035156,302.3599853515625,53230000,-6.28997802734375,-0.3455684406709514,11.3599853515625,297.64683532714844,295.24000244140626,1.8484330680087426
2022-08-26,288.0899963378906,302.0,287.4700012207031,297.42999267578125,57163900,-9.339996337890625,-2.6953121859416895,14.529998779296875,297.19383544921874,293.52467041015626,2.0052392796406253
2022-08-29,284.82000732421875,287.739990234375,280.70001220703125,282.8299865722656,41864700,1.990020751953125,-1.135058160727187,7.03997802734375,296.5710021972656,292.506005859375,1.8185392478699287
2022-08-30,277.70001220703125,288.4800109863281,272.6499938964844,287.8699951171875,50541800,-10.16998291015625,-2.49982267189629,15.83001708984375,295.4266693115234,288.7553405761719,1.2870123168775025
2022-08-31,275.6099853515625,281.25,271.8099975585937,280.6199951171875,52107300,-5.010009765625,-0.7526203685978228,9.440002441406307,293.83733520507815,284.4580017089844,1.054971782708337
2022-09-01,277.1600036621094,277.5799865722656,266.1499938964844,272.5799865722656,54287000,4.58001708984375,0.5623955563764049,11.42999267578125,292.2636688232422,280.6760009765625,1.3399379316127094
2022-09-02,270.2099914550781,282.3500061035156,269.0799865722656,281.07000732421875,50890100,-10.860015869140625,-2.507581222110289,13.27001953125,291.36566772460935,277.1,1.2930173620952599
2022-09-06,274.4200134277344,275.989990234375,265.739990234375,272.67999267578125,55860000,1.740020751953125,1.5580556255471167,10.25,290.5655014038086,275.02000122070314,1.8164554803134272
2022-09-07,283.70001220703125,283.8399963378906,272.2699890136719,273.1000061035156,50028900,10.600006103515625,3.381677109982606,11.57000732421875,290.5838348388672,276.2200012207031,2.237672904398162
2022-09-08,289.260009765625,289.5,279.760009765625,281.29998779296875,53713100,7.96002197265625,1.959815762903916,9.739990234375,290.3290023803711,278.95000610351565,2.202229856572126
2022-09-09,299.67999267578125,299.8500061035156,291.25,291.6700134277344,54338100,8.009979248046875,3.602289482946186,8.600006103515625,290.9815017700195,283.45400390625,2.4590130190182786
2022-09-12,304.4200134277344,305.489990234375,300.3999938964844,300.7200012207031,48674600,3.70001220703125,1.581694096302666,5.089996337890625,291.2010025024414,290.29600830078124,0.9975033172567829
2022-09-13,292.1300048828125,297.3999938964844,290.3999938964844,292.8999938964844,68229600,-0.769989013671875,-4.037188096320543,7.0,290.3415023803711,293.8380065917969,3.1078197422534926
2022-09-14,302.6099853515625,306.0,291.6400146484375,292.239990234375,72628700,10.3699951171875,3.587437200418364,14.3599853515625,290.1438354492187,297.6200012207031,3.1434718079544623
2022-09-15,303.75,309.1199951171875,300.7200012207031,301.8299865722656,64795500,1.920013427734375,0.3767273730617582,8.399993896484375,290.13150177001955,300.51799926757815,3.1450111326994867
2022-09-16,303.3500061035156,303.7099914550781,295.6000061035156,299.6099853515625,87087800,3.740020751953125,-0.13168523341049454,8.1099853515625,290.15550231933594,301.252001953125,2.8040326493848773
2022-09-19,309.07000732421875,309.8399963378906,297.79998779296875,300.0899963378906,60231200,8.980010986328125,1.8856110452001085,12.040008544921875,290.77566986083986,302.1820007324219,2.842459340919057
2022-09-20,308.7300109863281,313.3299865722656,305.5799865722656,306.9100036621094,61642800,1.82000732421875,-0.11000625419275156,7.75,291.71650390625,305.502001953125,1.605185273321484
2022-09-21,300.79998779296875,313.79998779296875,300.6300048828125,308.2900085449219,62555700,-7.490020751953125,-2.5685948599634356,13.16998291015625,291.93383636474607,305.14000244140624,1.6019148753943888
2022-09-22,288.5899963378906,301.2900085449219,285.82000732421875,299.8599853515625,70545400,-11.269989013671875,-4.059172855911775,15.470001220703125,291.5085021972656,302.1080017089844,2.3287221134286926
2022-09-23,275.3299865722656,284.5,272.82000732421875,283.0899963378906,63748400,-7.760009765625,-4.594757245188685,11.67999267578125,290.471501159668,296.5039978027344,2.734279074128745
2022-09-26,276.010009765625,284.0899963378906,270.3099975585937,271.8299865722656,58076900,4.180023193359375,0.24698479153155706,13.779998779296932,289.8675018310547,289.8919982910156,2.2181970681001273
2022-09-27,282.94000244140625,288.6700134277344,277.510009765625,283.8399963378906,61925200,-0.899993896484375,2.510775852537339,11.160003662109375,289.77350158691405,284.73399658203124,3.0091904165195977
2022-09-28,287.8099975585937,289.0,277.57000732421875,283.0799865722656,54664800,4.730010986328068,1.7212112374233701,11.42999267578125,290.2790008544922,282.13599853515626,3.295079216879886
2022-09-29,268.2099914550781,283.6499938964844,265.7799987792969,282.760009765625,77620600,-14.550018310546875,-6.810050474193585,17.8699951171875,289.909001159668,278.05999755859375,4.099472715647796
2022-09-30,265.25,275.57000732421875,262.4700012207031,266.1499938964844,67726600,-0.899993896484375,-1.1036096899372572,13.100006103515625,289.3135009765625,276.04400024414065,3.6933348779177106
2022-10-03,242.3999938964844,255.16000366210935,241.00999450683597,254.5,98363500,-12.100006103515597,-8.614516909902203,14.15000915527338,287.9230010986328,269.3219970703125,5.020755652300149
2022-10-04,249.44000244140625,257.5,242.00999450683597,250.5200042724609,109578500,-1.080001831054659,2.9042940273044104,15.490005493164034,286.6740005493164,262.6219970703125,5.120239644797916
2022-10-05,240.80999755859372,246.6699981689453,233.2700042724609,245.00999450683597,86982700,-4.199996948242244,-3.4597517632881436,13.399993896484403,284.52949981689454,253.2219970703125,4.5781910673318
2022-10-06,238.1300048828125,244.5800018310547,235.3500061035156,239.44000244140625,69298400,-1.30999755859375,-1.112907563204113,9.229995727539091,281.9729995727539,247.20599975585938,4.2172498648479415
2022-10-07,223.07000732421875,234.57000732421875,222.0200042724609,233.94000244140625,83916800,-10.8699951171875,-6.324275500689214,12.550003051757841,278.14250030517576,238.77000122070314,4.491386035094318
2022-10-10,222.9600067138672,226.9900054931641,218.3600006103516,223.92999267578125,67925000,-0.9699859619140625,-0.04931214719139376,8.6300048828125,274.0694999694824,234.8820037841797,3.489543672199642
2022-10-11,216.5,225.75,215.0,220.9499969482422,77013200,-4.4499969482421875,-2.897383620084637,10.75,270.2879997253418,228.29400329589845,2.4121021972060785
2022-10-12,217.2400054931641,219.3000030517578,211.50999450683597,215.3300018310547,66860700,1.9100036621094034,0.3418039229395431,7.790008544921847,266.0195007324219,223.5800048828125,2.7193962386845727
2022-10-13,221.72000122070312,222.9900054931641,206.22000122070312,208.3000030517578,91483000,13.419998168945312,2.062233296932958,16.770004272460966,261.91800079345705,220.29800415039062,3.291367633179176
2022-10-14,204.9900054931641,226.25999450683597,204.16000366210935,224.00999450683597,94124500,-19.019989013671875,-7.545550981161043,22.09999084472662,257.00000076293946,216.6820037841797,3.7622603762970424
2022-10-17,219.3500061035156,221.8600006103516,209.4499969482422,210.0399932861328,79428800,9.310012817382784,7.005219876844371,12.410003662109403,252.5140007019043,215.9600036621094,5.444245017222606
2022-10-18,220.19000244140625,229.82000732421875,217.25,229.5,75891900,-9.30999755859375,0.3829479437052141,12.57000732421875,248.0870002746582,216.69800415039063,5.232476456233247
2022-10-19,222.0399932861328,222.92999267578125,217.77999877929688,219.8000030517578,66571500,2.239990234375,0.8401793106927569,5.149993896484375,244.1490005493164,217.6580017089844,5.234662462182351
2022-10-20,207.27999877929688,215.5500030517578,202.0,208.27999877929688,117798100,-1.0,-6.64744863679374,13.550003051757812,240.08350067138673,214.77000122070314,5.998628031794063
2022-10-21,214.44000244140625,214.66000366210935,203.8000030517578,206.4199981689453,75713800,8.020004272460938,3.454266549727758,10.860000610351534,237.03900146484375,216.66000061035157,5.024331032475858
2022-10-24,211.25,213.5,198.58999633789065,205.82000732421875,100446800,5.42999267578125,-1.4875967194030837,14.910003662109347,233.8010009765625,215.03999938964844,3.768121359694848
2022-10-25,222.4199981689453,224.3500061035156,210.0,210.1000061035156,96507900,12.319992065429716,5.287573097725584,14.350006103515597,230.77500076293944,215.48599853515626,4.6523934375737666
2022-10-26,224.63999938964844,230.6000061035156,218.1999969482422,219.3999938964844,85012500,5.240005493164034,0.9981122376490958,12.400009155273409,227.6165008544922,216.00599975585936,4.657600967354046
2022-10-27,225.08999633789065,233.80999755859372,222.8500061035156,229.7700042724609,61638800,-4.680007934570256,0.20031915485436702,10.959991455078125,225.46050109863282,219.56799926757813,2.685616587900026
2022-10-28,228.5200042724609,228.8600006103516,216.3500061035156,225.3999938964844,69152400,3.1200103759765057,1.523838460338034,12.509994506835994,223.62400131225587,222.38399963378907,2.5010934378455087
2022-10-31,227.5399932861328,229.8500061035156,221.94000244140625,226.19000244140625,61554300,1.3499908447265625,-0.42885129004270883,7.910003662109347,222.8810012817383,225.64199829101562,2.2364310428295413
2022-11-01,227.82000732421875,237.3999938964844,227.27999877929688,234.0500030517578,62688800,-6.2299957275390625,0.12306146011606955,10.119995117187528,221.8000015258789,226.7220001220703,0.772920090898757
2022-11-02,214.97999572753903,227.8699951171875,214.82000732421875,226.0399932861328,63070300,-11.059997558593778,-5.636033352596037,13.04998779296875,220.50850143432618,224.78999938964844,2.7734635545176376
2022-11-03,215.30999755859372,221.1999969482422,210.13999938964844,211.3600006103516,56538800,3.9499969482421307,0.15350350619269815,11.05999755859375,219.36750106811525,222.83399963378906,2.769134182141657
2022-11-04,207.47000122070312,223.8000030517578,203.0800018310547,222.6000061035156,98622200,-15.130004882812472,-3.64125977743186,20.720001220703125,218.58750076293944,218.6239990234375,2.6202515080478075
2022-11-07,197.0800018310547,208.8999938964844,196.66000366210935,208.6499938964844,93916500,-11.569992065429716,-5.007952633400592,12.239990234375057,217.29350051879882,212.53200073242186,2.779087719511709
2022-11-08,191.3000030517578,195.1999969482422,186.75,194.0200042724609,128803400,-2.7200012207030966,-2.932818513088775,8.449996948242188,216.03350067138672,205.22799987792968,2.2632043211457757
2022-11-09,177.58999633789062,195.88999938964844,177.1199951171875,190.77999877929688,127062700,-13.19000244140625,-7.166757185130745,18.770004272460938,214.05100021362304,197.75,2.700409078297808
2022-11-10,190.72000122070312,191.0,180.02999877929688,189.8999938964844,132703000,0.8200073242187216,7.393437216942544,10.970001220703125,212.50100021362306,192.83200073242188,5.638623733473256
2022-11-11,195.97000122070312,196.5200042724609,182.58999633789065,186.0,114403600,9.970001220703125,2.7527264924482875,13.930007934570256,212.05,190.53200073242186,5.96575250492089
2022-11-14,190.9499969482422,195.72999572753903,186.33999633789065,192.7700042724609,92226600,-1.8200073242187216,-2.561618738169713,9.38999938964838,210.62999954223633,189.30599975585938,5.645818467074331
2022-11-15,194.4199981689453,200.82000732421875,192.05999755859372,195.8800048828125,91293800,-1.4600067138671875,1.8172303095892017,8.760009765625028,209.34149932861328,189.92999877929688,5.533262621499857
2022-11-16,186.9199981689453,192.57000732421875,185.66000366210935,191.50999450683597,66567600,-4.589996337890653,-3.857627852399581,6.910003662109403,207.58549957275392,191.7959991455078,4.495509206056307
2022-11-17,183.1699981689453,186.16000366210935,180.8999938964844,183.9600067138672,64336000,-0.790008544921875,-2.0062058831236462,5.260009765624943,206.37999954223633,190.28599853515624,2.8885508918104903
2022-11-18,180.19000244140625,185.19000244140625,176.5500030517578,185.0500030517578,76048900,-4.8600006103515625,-1.6269016527425406,8.639999389648438,204.66749954223633,187.12999877929687,2.1126835649748568
2022-11-21,167.8699951171875,176.77000427246094,167.5399932861328,175.85000610351562,92882700,-7.980010986328125,-6.837231343190053,9.230010986328125,202.4984992980957,182.51399841308594,3.1740871504927015
2022-11-22,169.91000366210938,170.9199981689453,166.19000244140625,168.6300048828125,78452300,1.279998779296875,1.215231193339683,4.7299957275390625,199.8729995727539,177.61199951171875,2.9744207972240932
2022-11-23,183.1999969482422,183.6199951171875,172.5,173.57000732421875,109536700,9.629989624023438,7.821783885404354,11.1199951171875,197.8009994506836,176.8679992675781,5.377397373576869
2022-11-25,182.8600006103516,185.1999969482422,180.6300048828125,185.05999755859372,50672700,-2.1999969482421307,-0.18558752377416665,4.5699920654296875,195.68949966430665,176.80599975585938,5.292827097712588
2022-11-28,182.9199981689453,188.5,179.0,179.9600067138672,92905200,2.959991455078125,0.03281065207998424,9.5,193.40949935913085,177.35199890136718,5.210621227149175
2022-11-29,180.8300018310547,186.3800048828125,178.75,184.9900054931641,83357100,-4.160003662109403,-1.1425739989130657,7.6300048828125,191.07399978637696,179.94400024414062,3.605946882297028
2022-11-30,194.6999969482422,194.75999450683597,180.6300048828125,182.42999267578125,109186400,12.270004272460938,7.670184691003823,14.129989624023466,189.41799926757812,184.9019989013672,4.501228723860059
2022-12-01,194.6999969482422,198.9199981689453,191.8000030517578,197.0800018310547,80046200,-2.3800048828125,0.0,7.1199951171875,188.40399932861328,187.20199890136718,3.6071119527066893
2022-12-02,194.8600006103516,196.25,191.1100006103516,191.77999877929688,73645900,3.080001831054716,0.08217959148295595,5.139999389648409,187.38149948120116,189.60199890136718,3.5819062356229563
2022-12-05,182.4499969482422,191.2700042724609,180.5500030517578,189.44000244140625,93122700,-6.9900054931640625,-6.368676805520934,10.720001220703097,186.13049926757813,189.50799865722655,5.017279619815867
2022-12-06,179.82000732421875,183.6499938964844,175.3300018310547,181.22000122070312,92150800,-1.399993896484375,-1.441485156488942,8.319992065429716,185.26749954223632,189.30599975585938,5.0367584385836
2022-12-07,174.0399932861328,179.3800048828125,172.22000122070312,175.02999877929688,84213300,-0.9900054931640625,-3.2143331123685615,7.160003662109375,184.40449905395508,185.1739990234375,2.6939636656161854
2022-12-08,173.44000244140625,175.1999969482422,169.05999755859375,172.1999969482422,97624500,1.2400054931640625,-0.3447430865732959,6.1399993896484375,184.19699935913087,180.9220001220703,2.627542774042888
2022-12-09,179.0500030517578,182.5,173.36000061035156,173.83999633789062,104872300,5.2100067138671875,3.23454827685834,9.139999389648438,183.6134994506836,177.76000061035157,3.546701831132002
2022-12-12,167.82000732421875,177.3699951171875,167.52000427246094,176.10000610351562,109794500,-8.279998779296875,-6.27198857086465,9.849990844726562,182.20599975585938,174.83400268554686,3.5145025855197627
2022-12-13,160.9499969482422,175.0500030517578,156.91000366210938,174.8699951171875,175862700,-13.919998168945312,-4.093677795344208,18.139999389648438,180.70599975585938,171.06000061035155,3.6794386613041805
2022-12-14,156.8000030517578,161.6199951171875,155.30999755859375,159.25,140682300,-2.4499969482421875,-2.5784367661833008,6.30999755859375,178.825,167.61200256347655,3.6437529969693454
2022-12-15,157.6699981689453,160.92999267578125,153.27999877929688,153.44000244140625,122334500,4.2299957275390625,0.5548438139381551,7.649993896484375,177.3625,164.45800170898437,3.766722117588676
2022-12-16,150.22999572753906,160.99000549316406,150.0399932861328,159.63999938964844,139032200,-9.410003662109375,-4.718717909436521,10.95001220703125,175.7154998779297,158.69400024414062,2.5875639162663746
2022-12-19,149.8699951171875,155.25,145.82000732421875,154.0,139390600,-4.1300048828125,-0.239632976495896,9.42999267578125,174.19949951171876,155.10399780273437,2.31863265016473
2022-12-20,137.8000030517578,148.47000122070312,137.66000366210938,146.0500030517578,159563300,-8.25,-8.053641461716088,10.80999755859375,172.69599990844728,150.4739990234375,3.4974021151109214
2022-12-21,137.57000732421875,141.25999450683594,135.88999938964844,139.33999633789062,145417400,-1.769989013671875,-0.1669054589590102,5.3699951171875,171.07900009155273,146.62799987792968,3.7298533722608744
2022-12-22,125.3499984741211,136.6300048828125,122.26000213623048,136.0,210090300,-10.650001525878906,-8.882756559936855,14.370002746582017,168.18650016784667,140.16399993896485,4.146467361613136
2022-12-23,123.1500015258789,128.6199951171875,121.0199966430664,126.37000274658205,166989700,-3.220001220703139,-1.7550833466474902,7.599998474121094,165.20100021362305,134.7480010986328,4.300675288875616
2022-12-27,109.0999984741211,119.66999816894533,108.76000213623048,117.5,208643400,-8.400001525878906,-11.40885333144338,10.909996032714844,161.51000022888184,126.59400177001953,4.842867148093975
2022-12-28,112.70999908447266,116.2699966430664,108.23999786376952,110.3499984741211,221070500,2.3600006103515625,3.308891531476843,8.02999877929689,158.10400009155273,121.5760009765625,6.157204032508193
2022-12-29,121.81999969482422,123.56999969482422,117.5,120.38999938964844,221923300,1.4300003051757812,8.08269069678893,6.069999694824219,154.46000022888182,118.42599945068359,8.150429282193283
2022-12-30,123.18000030517578,124.4800033569336,119.75,119.9499969482422,157777300,3.2300033569335795,1.1164017515666869,4.730003356933594,150.8840003967285,117.99199981689453,7.257430709995348
2023-01-03,108.0999984741211,118.8000030517578,104.63999938964844,118.47000122070312,231402800,-10.370002746582031,-12.242248574195735,14.16000366210936,146.546000289917,114.98199920654297,9.12038614871975
2023-01-04,113.63999938964844,114.58999633789062,107.5199966430664,109.11000061035156,180389000,4.529998779296875,5.124885285593783,7.069999694824219,143.1055004119873,115.88999938964844,7.871631755765247
2023-01-05,110.33999633789062,111.75,107.16000366210938,110.51000213623048,157986300,-0.17000579833985796,-2.9039097760312105,4.589996337890625,139.6314998626709,115.41599884033204,7.921660761922431
2023-01-06,113.05999755859376,114.38999938964844,101.80999755859376,103.0,220911100,10.059997558593764,2.4651090365942707,12.580001831054673,136.58250007629394,113.66399841308593,6.7749317178833595
2023-01-09,119.7699966430664,123.5199966430664,117.11000061035156,118.95999908447266,190284000,0.80999755859375,5.934901140427806,6.409996032714844,133.89899978637695,112.98199768066407,7.5057295909362445
2023-01-10,118.8499984741211,122.76000213623048,114.91999816894533,121.06999969482422,167642500,-2.220001220703125,-0.7681374256751861,7.840003967285156,130.8889995574951,115.13199768066406,3.780584168518042
2023-01-11,123.22000122070312,125.9499969482422,120.51000213623048,122.08999633789062,183810800,1.1300048828125,3.6769060182475055,5.439994812011719,128.65899925231935,117.047998046875,3.525401200864783
2023-01-12,123.55999755859376,124.12999725341795,117.0,122.55999755859376,169400900,1.0,0.27592625752508315,7.1299972534179545,126.78949928283691,119.69199829101562,2.6760299076811576
2023-01-13,122.4000015258789,122.62999725341795,115.5999984741211,116.5500030517578,180714100,5.849998474121108,-0.9388119582672938,7.029998779296861,125.06949920654297,121.55999908447265,3.037481779142357
2023-01-17,131.49000549316406,131.6999969482422,125.0199966430664,125.6999969482422,186477000,5.790008544921861,7.426473736900463,6.680000305175781,123.7604995727539,123.90400085449218,3.588481286649267
2023-01-18,128.77999877929688,136.67999267578125,127.01000213623048,136.55999755859375,195680300,-7.779998779296875,-2.0609982513142944,9.669990539550767,122.6879997253418,125.89000091552734,3.8676277300688384
2023-01-19,127.16999816894533,129.99000549316406,124.30999755859376,127.26000213623048,170291900,-0.09000396728515625,-1.2501946153228083,5.680007934570298,121.5529998779297,126.68000030517578,3.858008205157359
2023-01-20,133.4199981689453,133.50999450683594,127.3499984741211,128.67999267578125,138858100,4.7400054931640625,4.9146812062518475,6.159996032714844,121.33399963378906,128.6520004272461,4.269230894957583
2023-01-23,143.75,145.3800048828125,134.27000427246094,135.8699951171875,203119200,7.8800048828125,7.742468874848996,11.110000610351562,121.64299926757812,132.9220001220703,4.711693967311805
2023-01-24,143.88999938964844,146.5,141.10000610351562,143.0,158699100,0.8899993896484375,0.09739087975544347,5.399993896484375,122.56999931335449,135.4019989013672,4.245136521448232
2023-01-25,144.42999267578125,146.41000366210938,138.07000732421875,141.91000366210938,192734300,2.519989013671875,0.3752820129427681,8.339996337890625,123.63399887084961,138.53199768066406,3.794341504097522
2023-01-26,160.27000427246094,161.4199981689453,154.75999450683594,159.97000122070312,234815100,0.3000030517578125,10.967259156647335,6.660003662109375,126.1924991607666,145.1519989013672,4.70098758716075
2023-01-27,177.89999389648438,180.67999267578125,161.1699981689453,162.42999267578125,306590600,15.470001220703125,11.000180416824756,19.509994506835938,129.45199890136718,154.047998046875,5.458553956429625
2023-01-30,166.66000366210938,179.77000427246094,166.5,178.0500030517578,230878800,-11.389999389648438,-6.318150994943417,13.270004272460938,131.69399909973146,158.62999877929687,7.5724924536677065
2023-01-31,173.22000122070312,174.3000030517578,162.77999877929688,164.57000732421875,196813500,8.649993896484375,3.9361558949042363,11.520004272460938,134.1959991455078,164.49599914550782,7.368035933206898
2023-02-01,181.41000366210935,183.80999755859372,169.92999267578125,173.88999938964844,213806300,7.520004272460909,4.728092820511631,13.880004882812472,137.86149940490722,171.89200134277343,7.085589961432657
2023-02-02,188.2700042724609,196.75,182.6100006103516,187.3300018310547,217448300,0.9400024414062216,3.7814897039133877,14.139999389648409,141.59299964904784,177.49200134277345,6.212864964778406
2023-02-03,189.97999572753903,199.0,183.69000244140625,183.9499969482422,232662000,6.029998779296847,0.9082654784473565,15.30999755859375,145.57499961853028,179.90800170898436,4.554974815774192
2023-02-06,194.75999450683597,198.1699981689453,189.9199981689453,193.00999450683597,186188100,1.75,2.5160537355481294,8.25,149.65999946594238,185.5279998779297,1.4942871253260923
2023-02-07,196.80999755859372,197.5,189.5500030517578,196.42999267578125,186010300,0.3800048828124716,1.052579127940878,7.9499969482421875,153.51199951171876,190.2459991455078,1.6724371768308954
2023-02-08,201.2899932861328,203.0,194.30999755859372,196.1000061035156,180673600,5.189987182617216,2.276304955598274,8.690002441406278,157.63399925231934,194.22199707031248,1.1777810391594927
2023-02-09,207.32000732421875,214.0,204.7700042724609,207.77999877929688,215431400,-0.459991455078125,2.995684951667865,9.229995727539091,161.83899955749513,198.03199768066406,0.9234342913175615
2023-02-10,196.88999938964844,206.1999969482422,192.88999938964844,202.22999572753903,204754100,-5.339996337890597,-5.030873801899527,13.30999755859375,165.50549964904786,199.41399841308595,3.3166623121284475
2023-02-13,194.63999938964844,196.3000030517578,187.6100006103516,194.4199981689453,172475500,0.220001220703125,-1.1427700782035255,8.690002441406222,169.11749954223632,199.38999938964844,3.235532196675499
2023-02-14,209.25,209.82000732421875,189.44000244140625,191.94000244140625,216455700,17.30999755859375,7.50616556523096,20.3800048828125,173.00549926757813,201.87799987792968,4.700795519394896
2023-02-15,214.2400054931641,214.66000366210935,206.1100006103516,211.75999450683597,181006400,2.480010986328125,2.384709913101113,8.550003051757756,177.27849960327148,204.46800231933594,4.706550120126512
2023-02-16,202.0399932861328,217.6499938964844,201.83999633789065,210.77999877929688,229586500,-8.740005493164062,-5.694553722096762,15.80999755859375,181.02199935913086,203.41199951171876,5.48386175660266
2023-02-17,208.30999755859372,208.44000244140625,197.5,199.9900054931641,213738500,8.31999206542963,3.1033480898909005,10.94000244140625,184.7664993286133,205.6959991455078,4.94501048594352
2023-02-21,197.3699951171875,209.7100067138672,197.22000122070312,204.9900054931641,180018600,-7.620010375976591,-5.2517894338359845,12.490005493164062,187.44749908447267,206.24199829101562,5.719060319316459
2023-02-22,200.8600006103516,201.9900054931641,191.77999877929688,197.92999267578125,191828500,2.930007934570341,1.7682553475729224,10.210006713867216,190.2959991455078,204.56399841308593,4.3511581236835495
2023-02-23,202.07000732421875,205.13999938964844,196.3300018310547,203.91000366210935,146360000,-1.8399963378905966,0.6024129792842281,8.80999755859375,193.1779998779297,202.12999877929687,4.096961072001361
2023-02-24,196.8800048828125,197.6699981689453,192.8000030517578,196.3300018310547,142228100,0.5500030517578125,-2.5684180003413215,4.8699951171875,195.00849990844728,201.0980010986328,3.398438559200218
2023-02-27,207.6300048828125,209.4199981689453,201.25999450683597,202.02999877929688,161028300,5.600006103515625,5.46017865369246,8.160003662109347,196.49500045776367,200.96200256347657,4.1073476826264805
2023-02-28,205.7100067138672,211.22999572753903,203.75,210.58999633789065,153144900,-4.879989624023466,-0.9247209573726933,7.479995727539034,198.44750061035157,202.6300048828125,3.0410490376380164
2023-03-01,202.7700042724609,207.1999969482422,198.5200042724609,206.2100067138672,156852800,-3.4400024414062784,-1.4291975817664948,8.679992675781278,199.92500076293945,203.0120056152344,3.1389051273258097
2023-03-02,190.8999938964844,193.75,186.00999450683597,186.7400054931641,181500700,4.1599884033203125,-5.853928157947285,7.740005493164034,200.3995002746582,200.7780029296875,4.120811729652796
2023-03-03,197.7899932861328,200.47999572753903,192.8800048828125,194.8000030517578,154193300,2.989990234375,3.6092192823141245,7.599990844726534,200.8754997253418,200.96000061035156,4.468158180552408
2023-03-06,193.80999755859372,198.6000061035156,192.3000030517578,198.5399932861328,128100100,-4.729995727539091,-2.0122331071529165,6.300003051757784,201.06699981689454,198.1959991455078,3.3727229352712933
2023-03-07,187.7100067138672,194.1999969482422,186.1000061035156,191.3800048828125,148125800,-3.6699981689453125,-3.14740773002814,8.099990844726591,200.7145004272461,194.59599914550782,3.4527702779582587
2023-03-08,182.0,186.5,180.0,185.0399932861328,151897800,-3.0399932861328125,-3.041929843714275,6.5,199.9740005493164,190.44199829101564,3.4885019013270573
2023-03-09,172.9199981689453,185.17999267578125,172.50999450683594,180.25,170023800,-7.3300018310546875,-4.989011995084991,12.669998168945312,198.55550079345704,186.84599914550782,3.2697398325125
2023-03-10,173.44000244140625,178.2899932861328,168.44000244140625,175.1300048828125,191488900,-1.69000244140625,0.30071956856769777,9.849990844726562,196.86150054931642,181.9760009765625,1.9338790959556427
2023-03-13,174.47999572753906,177.35000610351562,163.91000366210938,167.4600067138672,167790300,7.019989013671875,0.5996271168666301,13.44000244140625,195.74100036621093,178.11000061035156,2.4172437591302463
2023-03-14,183.25999450683597,183.8000030517578,177.13999938964844,177.30999755859375,143717900,5.949996948242216,5.0320947926932424,6.660003662109375,195.1720001220703,177.21999816894532,3.8417053520957825
2023-03-15,180.4499969482422,182.33999633789065,176.02999877929688,180.8000030517578,145995600,-0.350006103515625,-1.5333393227232484,6.309997558593778,193.73199996948242,176.90999755859374,3.6381222623344036
2023-03-16,184.1300048828125,185.80999755859372,178.83999633789062,180.3699951171875,121136800,3.760009765625,2.0393505108375454,6.970001220703097,192.22649993896485,179.1519989013672,2.4490461601625273
2023-03-17,180.1300048828125,186.22000122070312,177.3300018310547,184.5200042724609,133197100,-4.389999389648409,-2.172378153438792,8.889999389648438,191.13100051879883,180.48999938964843,2.9054272294009906
2023-03-20,183.25,186.44000244140625,176.35000610351562,178.0800018310547,129684400,5.1699981689453125,1.7320796272765726,10.089996337890625,189.87800064086915,182.24400024414064,2.9306081491369054
2023-03-21,197.5800018310547,198.0,188.0399932861328,188.27999877929688,153391400,9.300003051757812,7.8199191438224736,9.960006713867188,189.8885009765625,185.10800170898438,3.96685972407962
2023-03-22,191.1499938964844,200.66000366210935,190.9499969482422,199.3000030517578,150376400,-8.150009155273409,-3.2543819591966616,9.710006713867159,189.40300064086915,187.24800109863284,4.359471946515745
2023-03-23,192.22000122070312,199.30999755859372,188.6499938964844,195.25999450683597,144193900,-3.039993286132841,0.5597736638161654,10.660003662109318,188.91050033569337,188.86600036621093,4.341225129262196
2023-03-24,190.41000366210935,192.3600006103516,187.1499938964844,191.6499938964844,116312400,-1.2399902343750568,-0.9416281069083876,5.2100067138671875,188.5870002746582,190.9220001220703,4.1515960290311416
2023-03-27,191.80999755859372,197.38999938964844,189.94000244140625,194.4199981689453,120851600,-2.610000610351591,0.7352522816861606,7.4499969482421875,187.79599990844727,192.63399963378905,4.142570426796666
2023-03-28,189.19000244140625,192.3500061035156,185.42999267578125,192.0,98654600,-2.80999755859375,-1.365932511618495,6.920013427734347,186.96999969482422,190.95599975585938,1.624504848986512
2023-03-29,193.8800048828125,195.2899932861328,189.44000244140625,193.1300048828125,123660000,0.75,2.4789906342217005,5.8499908447265625,186.5254997253418,191.502001953125,1.5265707924770533
2023-03-30,195.27999877929688,197.3300018310547,194.4199981689453,195.5800018310547,110252200,-0.3000030517578125,0.7220929756684091,2.910003662109375,186.74449996948243,192.11400146484374,1.535355177783814
2023-03-31,207.4600067138672,207.7899932861328,197.1999969482422,197.52999877929688,170222100,9.930007934570312,6.237201971890638,10.589996337890625,187.22800064086914,195.5240020751953,2.8487315776264595
2023-04-03,194.7700042724609,202.69000244140625,192.1999969482422,199.91000366210935,169545900,-5.1399993896484375,-6.11684277968263,10.490005493164062,187.2760009765625,196.11600341796876,4.584927327304184
2023-04-04,192.5800018310547,198.7400054931641,190.32000732421875,197.32000732421875,126463800,-4.7400054931640625,-1.1244043709844886,8.419998168945341,187.51950073242188,196.79400329589845,4.563007683412106
2023-04-05,185.5200042724609,190.67999267578125,183.75999450683597,190.5200042724609,133882500,-5.0,-3.6660076287606036,6.919998168945284,187.69550094604492,195.12200317382812,4.701768073071874
2023-04-06,185.05999755859372,186.38999938964844,179.74000549316406,183.0800018310547,123857900,1.979995727539034,-0.2479553165553039,6.649993896484375,188.30250091552733,193.0780029296875,4.643448939377183
2023-04-10,184.50999450683597,185.1000061035156,176.11000061035156,179.94000244140625,142154600,4.569992065429716,-0.29720256079848184,8.990005493164034,188.85600051879882,188.48800048828124,2.5513683967572645
2023-04-11,186.7899932861328,189.19000244140625,185.6499938964844,186.69000244140625,115770900,0.0999908447265625,1.235704757019196,3.5400085449218466,189.47150039672852,186.89199829101562,1.8040853479480934
2023-04-12,180.5399932861328,191.5800018310547,180.30999755859372,190.7400054931641,150256300,-10.200012207031278,-3.3460036536464677,11.270004272460966,189.33550033569335,184.48399658203124,2.140090383196096
2023-04-13,185.8999938964844,186.5,180.94000244140625,182.9600067138672,112933000,2.939987182617216,2.9688716127604264,5.55999755859375,189.60800018310547,184.55999450683595,2.32739504482533
2023-04-14,185.0,186.27999877929688,182.00999450683597,183.9499969482422,96438700,1.0500030517578125,-0.484127986031857,4.270004272460909,189.65149993896483,184.5479949951172,2.337649532556737
2023-04-17,187.0399932861328,189.69000244140625,182.69000244140625,186.32000732421875,116662200,0.7199859619140625,1.1026990735853115,7.0,189.99699935913085,185.05399475097656,2.3743862228048234
2023-04-18,184.30999755859372,187.69000244140625,183.5800018310547,187.1499938964844,92067000,-2.839996337890682,-1.4595786064656058,4.1100006103515625,190.04999923706055,184.55799560546876,2.4131857143638213
2023-04-19,180.58999633789065,183.5,177.64999389648438,179.10000610351562,125732700,1.4899902343750284,-2.0183393575926023,5.850006103515625,189.20049896240235,184.5679962158203,2.0289275581011395
2023-04-20,162.99000549316406,169.6999969482422,160.55999755859375,166.1699981689453,210970800,-3.17999267578125,-9.745828230593878,9.139999389648438,187.79249954223633,179.98599853515626,4.20884392169398
2023-04-21,165.0800018310547,166.0,161.32000732421875,164.8000030517578,123539000,0.279998779296875,1.2822849668400638,4.67999267578125,186.4354995727539,176.0019989013672,4.487473630757917
2023-04-24,162.5500030517578,165.64999389648438,158.61000061035156,164.64999389648438,140006600,-2.0999908447265625,-1.5325895028073244,7.0399932861328125,185.04249954223633,171.1040008544922,4.149346577267876
2023-04-25,160.6699981689453,163.47000122070312,158.75,159.82000732421875,121999300,0.8499908447265625,-1.1565701922588656,4.720001220703125,183.4854995727539,166.3760009765625,4.174036728768167
2023-04-26,153.75,160.6699981689453,153.13999938964844,160.2899932861328,153364100,-6.5399932861328125,-4.306963495243776,7.529998779296875,181.7134994506836,161.00800170898438,4.214901689403416
2023-04-27,160.19000244140625,160.47999572753906,152.3699951171875,152.63999938964844,127015200,7.5500030517578125,4.1886194740853755,8.110000610351562,180.02899932861328,160.4480010986328,3.1999980129398513
2023-04-28,164.30999755859375,165.0,157.32000732421875,160.89999389648438,122515800,3.410003662109375,2.5719427270091355,7.67999267578125,178.48049926757812,160.29400024414062,3.4053173287108627
2023-05-01,161.8300018310547,163.27999877929688,158.8300018310547,163.1699981689453,109015000,-1.339996337890625,-1.509339519437758,4.4499969482421875,176.1989990234375,160.15,3.402796726259986
2023-05-02,160.30999755859375,165.49000549316406,158.92999267578125,161.8800048828125,128259700,-1.57000732421875,-0.939259874721976,6.5600128173828125,174.47599868774415,160.0779998779297,3.3863574433910886
2023-05-03,160.61000061035156,165.0,159.91000366210938,160.00999450683594,119728000,0.600006103515625,0.18713932775662467,5.089996337890625,172.87749862670898,161.45,2.4138338028548167
2023-05-04,161.1999969482422,162.9499969482422,159.64999389648438,162.7100067138672,95108500,-1.510009765625,0.3673471985857102,3.3000030517578125,171.66149826049804,161.6519989013672,1.5694966324361976
2023-05-05,170.05999755859375,170.7899932861328,163.50999450683594,163.97000122070312,107607300,6.089996337890625,5.496278398315546,7.279998779296875,170.91149826049804,162.8019989013672,2.7813772181901975
2023-05-08,171.7899932861328,173.8000030517578,169.19000244140625,173.72000122070312,112249400,-1.9300079345703125,1.0172855182730478,4.6100006103515625,170.2754981994629,164.79399719238282,2.489161781416067
2023-05-09,169.14999389648438,169.82000732421875,166.55999755859375,168.9499969482422,88965000,0.1999969482421875,-1.5367597024416146,3.260009765625,169.39349822998048,166.56199645996094,2.629472669646148
2023-05-10,168.5399932861328,174.42999267578125,166.67999267578125,172.5500030517578,119840700,-4.010009765625,-0.36062703657255835,7.75,168.79349822998046,168.1479949951172,2.6880973393269345
2023-05-11,172.0800018310547,173.57000732421875,166.7899932861328,168.6999969482422,103889900,3.3800048828125,2.1003967520705658,6.7800140380859375,168.10249862670898,170.3239959716797,2.6983708856301196
2023-05-12,167.97999572753906,177.3800048828125,167.22999572753906,176.07000732421875,157849600,-8.090011596679688,-2.3826162598143963,10.150009155273438,167.25149841308593,169.90799560546876,1.8265322971898894
2023-05-15,166.35000610351562,169.75999450683594,164.5500030517578,167.66000366210938,105592500,-1.30999755859375,-0.9703474612936969,5.209991455078125,166.21699905395508,168.81999816894532,1.6983331183296742
2023-05-16,166.52000427246094,169.52000427246094,164.35000610351562,165.64999389648438,98288800,0.8700103759765625,0.1021930644472091,5.1699981689453125,165.32749938964844,168.29400024414062,1.6366101755128624
2023-05-17,173.86000061035156,174.5,167.19000244140625,168.41000366210938,125473600,5.4499969482421875,4.407876621166107,7.30999755859375,164.9909996032715,169.35800170898438,2.6621258372503687
2023-05-18,176.88999938964844,177.05999755859375,172.4499969482422,174.22000122070312,109520300,2.6699981689453125,1.742780840135616,4.6100006103515625,165.6859992980957,170.32000122070312,2.6179032892666627
2023-05-19,180.13999938964844,181.9499969482422,176.30999755859375,177.1699981689453,136196700,2.970001220703125,1.8373000232992265,5.6399993896484375,166.4389991760254,172.752001953125,2.04059005903701
2023-05-22,188.8699951171875,189.32000732421875,180.11000061035156,180.6999969482422,132001400,8.169998168945312,4.846228354123516,9.210006713867188,167.75499877929687,177.25599975585936,1.9917784513612986
2023-05-23,185.7700042724609,192.9600067138672,185.25999450683597,186.1999969482422,156952100,-0.4299926757812784,-1.6413357996875821,7.700012207031222,169.00999908447267,181.1059997558594,2.5964527151555856
2023-05-24,182.8999938964844,184.22000122070312,178.22000122070312,182.22999572753903,137605100,0.6699981689453693,-1.5449266889003166,6.0,170.46749877929688,182.91399841308595,2.7151449974966244
2023-05-25,184.47000122070312,186.77999877929688,180.5800018310547,186.5399932861328,96870700,-2.0699920654296875,0.8583965973816721,6.1999969482421875,171.6814987182617,184.42999877929688,2.6872322144247436
2023-05-26,193.1699981689453,198.6000061035156,184.52999877929688,184.6199951171875,162061500,8.550003051757812,4.7162123329924865,14.070007324218722,173.1244987487793,187.03599853515624,3.2046216599806177
2023-05-30,201.16000366210935,204.47999572753903,197.52999877929688,200.1000061035156,128818700,1.05999755859375,4.136255924264187,6.949996948242159,175.09099884033202,189.49400024414064,3.027160841187496
2023-05-31,203.92999267578125,203.9499969482422,195.1199951171875,199.77999877929688,150711700,4.149993896484375,1.3770078361723836,8.830001831054688,177.2719985961914,193.1259979248047,2.557220265012318
2023-06-01,207.5200042724609,209.8000030517578,199.3699951171875,202.58999633789065,148029900,4.930007934570256,1.7604137329555236,10.430007934570312,179.61749877929688,198.05,1.7369247857858536
2023-06-02,213.97000122070312,217.25,209.75,210.1499938964844,164398400,3.8200073242187216,3.1081326211683136,7.5,182.25599899291993,203.95,1.4505956499269659
2023-06-05,217.6100006103516,221.2899932861328,214.5200042724609,217.8000030517578,151143100,-0.19000244140622158,1.7011727666879528,6.769989013671903,184.6334991455078,208.83800048828124,1.168182592133233
2023-06-06,221.30999755859372,221.91000366210935,212.52999877929688,216.13999938964844,146911600,5.169998168945284,1.7002881015874216,9.380004882812472,187.10949935913087,212.8679992675781,0.6759593155820114
2023-06-07,224.57000732421875,230.8300018310547,223.1999969482422,228.0,185710800,-3.42999267578125,1.473051286244731,7.6300048828125,189.88050003051757,216.99600219726562,0.6574487781958968
2023-06-08,234.8600006103516,235.22999572753903,223.00999450683597,224.22000122070312,164489700,10.639999389648466,4.582087077762287,12.220001220703068,193.1965003967285,222.46400146484376,1.3263070507588839
2023-06-09,244.3999938964844,252.4199981689453,242.0200042724609,249.07000732421875,200242400,-4.670013427734347,4.06199151040636,10.399993896484403,196.8125,228.55,1.4916171080052183
2023-06-12,249.8300018310547,250.97000122070312,244.58999633789065,247.94000244140625,150337900,1.8899993896484375,2.221770896144193,6.380004882812472,200.90500030517578,234.99400024414064,1.4206211508102786
2023-06-13,258.7099914550781,259.67999267578125,251.33999633789065,253.50999450683597,162384300,5.199996948242159,3.5544128242966044,8.339996337890597,205.52299957275392,242.4739990234375,1.2957440088921057
2023-06-14,256.7900085449219,261.57000732421875,250.5,260.1700134277344,170575500,-3.3800048828125,-0.7421371317580694,11.07000732421875,210.03649978637696,248.91799926757812,2.1329533111919132
2023-06-15,255.8999938964844,258.95001220703125,247.2899932861328,248.3999938964844,160171200,7.5,-0.3465923979989127,11.660018920898438,214.13849945068358,253.1259979248047,2.2039864602868304
2023-06-16,260.5400085449219,263.6000061035156,257.2099914550781,258.9200134277344,167915600,1.6199951171875,1.813214052015355,6.3900146484375,218.32099990844728,256.3540008544922,1.808107984279482
2023-06-20,274.45001220703125,274.75,261.1199951171875,261.5,165611200,12.95001220703125,5.338912722001776,13.6300048828125,223.0365005493164,261.2780029296875,2.5785666797089557
2023-06-21,259.4599914550781,276.989990234375,257.7799987792969,275.1300048828125,211797100,-15.670013427734375,-5.46184007477668,19.209991455078125,226.56600036621094,261.4280029296875,3.944044588397434
2023-06-22,264.6099853515625,265.0,248.25,250.7700042724609,166875900,13.839981079101591,1.9848894111198723,16.75,230.50799942016602,262.99199829101565,3.9833230352527873
2023-06-23,256.6000061035156,262.45001220703125,252.8000030517578,259.2900085449219,177460800,-2.69000244140625,-3.027088806722378,9.650009155273438,234.19300003051757,263.1320007324219,4.319793989345654
2023-06-26,241.0500030517578,258.3699951171875,240.6999969482422,250.07000732421875,179990600,-9.020004272460938,-6.060016633625775,17.669998168945312,237.02200012207032,259.23399963378904,4.942721944826275
2023-06-27,250.2100067138672,250.38999938964844,240.8500061035156,243.2400054931641,164968200,6.970001220703097,3.8000429562917493,9.539993286132841,239.8740005493164,254.38599853515626,4.436701826791549
2023-06-28,256.239990234375,259.8800048828125,248.88999938964844,249.6999969482422,159770800,6.5399932861328125,2.40996896954786,10.990005493164062,242.62799987792968,253.74199829101562,4.180787171377128
2023-06-29,257.5,260.739990234375,253.6100006103516,258.0299987792969,131283400,-0.529998779296875,0.49173033626503937,7.129989624023409,245.30650024414064,252.32000122070312,4.03853786575756
2023-06-30,261.7699890136719,264.45001220703125,259.8900146484375,260.6000061035156,112620800,1.16998291015625,1.6582481606492783,4.55999755859375,248.01899948120118,253.35399780273437,3.8375020620004894
2023-07-03,279.82000732421875,284.25,275.1099853515625,276.489990234375,119685900,3.33001708984375,6.895373445427366,9.1400146484375,251.31149978637694,261.1079986572266,2.461747965954726
2023-07-05,282.4800109863281,283.8500061035156,277.6000061035156,278.82000732421875,131530900,3.660003662109375,0.9506123909958086,6.25,254.55500030517578,267.56199951171874,2.572350032887021
2023-07-06,276.5400085449219,279.9700012207031,272.8800048828125,278.0899963378906,120332100,-1.54998779296875,-2.1028045208104085,7.089996337890625,257.3165008544922,271.62200317382815,3.294040719361328
2023-07-07,274.42999267578125,280.7799987792969,273.7699890136719,278.42999267578125,113879200,-4.0,-0.7630056425625198,7.010009765625,259.8095001220703,275.00800170898435,3.4420145299037244
2023-07-10,269.6099853515625,277.5199890136719,265.1000061035156,276.4700012207031,119425400,-6.860015869140625,-1.7563704598109409,12.41998291015625,261.54699935913084,276.5760009765625,3.689852860029021
2023-07-11,269.7900085449219,270.8999938964844,266.3699951171875,268.6499938964844,91972400,1.1400146484375,0.0667717084456676,4.529998779296875,262.8165000915527,274.57000122070315,1.2647146356852574
2023-07-12,271.989990234375,276.5199890136719,271.4599914550781,276.3299865722656,95672100,-4.339996337890625,0.8154422401772665,5.05999755859375,263.92449951171875,272.4719970703125,1.2207309304437544
2023-07-13,277.8999938964844,279.45001220703125,270.6000061035156,274.5899963378906,112681500,3.30999755859375,2.172875427149612,8.850006103515625,264.8839996337891,272.743994140625,1.5000340988161167
2023-07-14,281.3800048828125,285.29998779296875,276.3099975585937,277.010009765625,120062400,4.3699951171875,1.2522529912772917,8.989990234375057,266.1134994506836,274.1339965820313,1.4783669488645055
2023-07-17,290.3800048828125,292.2300109863281,283.57000732421875,286.6300048828125,131569600,3.75,3.1985215167468217,8.660003662109375,267.8375,278.2880004882812,1.2167447399581706
2023-07-18,293.3399963378906,295.260009765625,286.010009765625,290.1499938964844,112120300,3.19000244140625,1.0193509901870401,9.25,269.4774993896484,282.997998046875,0.9893224197018965
2023-07-19,291.260009765625,299.2900085449219,289.5199890136719,296.0400085449219,142355400,-4.779998779296875,-0.7090702250741598,9.77001953125,270.3179992675781,286.852001953125,1.4531038420543665
2023-07-20,262.8999938964844,280.92999267578125,261.20001220703125,279.5599975585937,175158300,-16.660003662109318,-9.737009860008495,19.72998046875,270.48999938964846,283.852001953125,5.0793176381360166
2023-07-21,260.0199890136719,268.0,255.8000030517578,268.0,161796100,-7.980010986328125,-1.0954754468143868,12.199996948242188,270.26049957275393,279.5799987792969,4.925813581958404
2023-07-24,269.0599975585937,269.8500061035156,254.1199951171875,255.8500061035156,136508500,13.209991455078097,3.476659075024613,15.730010986328125,270.8834991455078,275.3159973144531,4.992757270113447
2023-07-25,265.2799987792969,272.8999938964844,265.0,272.3800048828125,112757300,-7.100006103515625,-1.4048906614122947,7.899993896484375,272.0949989318848,269.70399780273436,4.812424298986707
2023-07-26,264.3500061035156,268.0400085449219,261.75,263.25,95856200,1.100006103515625,-0.35057022016762307,6.290008544921875,272.8019989013672,264.3219970703125,4.837098625977571
2023-07-27,255.7100067138672,269.1300048828125,255.3000030517578,268.3099975585937,103697300,-12.599990844726506,-3.2683938680391544,13.830001831054688,272.7754997253418,262.8839996337891,2.483419939003792
2023-07-28,266.44000244140625,267.25,258.2300109863281,259.8599853515625,111446000,6.58001708984375,4.196157931177735,9.019989013671875,273.2224998474121,264.1680023193359,3.2043140930004097
2023-07-31,267.42999267578125,269.0799865722656,263.7799987792969,267.4800109863281,84582200,-0.050018310546875,0.371562162326855,5.29998779296875,273.50550003051757,263.8420013427734,2.760579820680112
2023-08-01,261.07000732421875,266.4700012207031,260.25,266.260009765625,83166000,-5.19000244140625,-2.3781870118334214,6.220001220703125,272.56800003051757,263.0000030517578,2.906811683035526
2023-08-02,254.1100006103516,259.5199890136719,250.4900054931641,255.57000732421875,101752900,-1.460006713867159,-2.665954157355055,9.029983520507784,271.1494995117188,260.952001953125,3.0978442318941903
2023-08-03,259.32000732421875,260.489990234375,252.0,252.0399932861328,97569100,7.2800140380859375,2.050295817304759,8.489990234375,270.2884994506836,261.6740020751953,2.9247727028875996
2023-08-04,253.8600006103516,264.7699890136719,253.1100006103516,260.9700012207031,99539900,-7.110000610351534,-2.1055092394165698,11.659988403320284,269.25999984741213,259.1580017089844,2.065648888260005
2023-08-07,251.4499969482422,253.6499938964844,242.75999450683597,251.4499969482422,111097900,0.0,-0.949343597382446,10.889999389648438,268.3520004272461,255.96200256347657,1.935450234340459
2023-08-08,249.6999969482422,250.9199981689453,245.00999450683597,247.4499969482422,96642200,2.25,-0.6959634206558429,5.910003662109347,267.3474998474121,253.68800048828126,1.8245952929002611
2023-08-09,242.19000244140625,251.1000061035156,241.8999938964844,250.8699951171875,101596300,-8.67999267578125,-3.007606967809695,9.200012207031193,265.85750045776365,251.3040008544922,1.9127798736007888
2023-08-10,245.33999633789065,251.8000030517578,243.0,245.3999938964844,109498600,-0.05999755859375,1.3006292021680244,8.800003051757812,264.229500579834,248.50799865722655,1.6277761194871547
2023-08-11,242.6499938964844,243.7899932861328,238.0200042724609,241.7700042724609,99038600,0.8799896240234943,-1.096438608281991,5.769989013671903,262.2930000305176,246.26599731445313,1.5302699109328068
2023-08-14,239.75999450683597,240.66000366210935,233.75,235.6999969482422,98595300,4.059997558593778,-1.1910156448968756,6.910003662109347,259.7619995117187,243.92799682617186,1.5364272753395296
2023-08-15,232.9600067138672,240.5,232.6100006103516,238.72999572753903,88197600,-5.769989013671847,-2.8361644764614335,7.889999389648409,256.7430000305176,240.5799987792969,1.7371277388076751
2023-08-16,225.6000061035156,233.97000122070312,225.3800048828125,228.0200042724609,112484500,-2.4199981689453125,-3.1593408302874493,8.589996337890625,253.45999984741212,237.26199951171876,1.7739086915718973
2023-08-17,219.22000122070312,226.7400054931641,218.8300018310547,226.05999755859372,120718400,-6.839996337890597,-2.828016272253575,7.910003662109403,251.27600021362304,232.03800048828126,0.9940923693313352
2023-08-18,215.4900054931641,217.5800018310547,212.3600006103516,214.1199951171875,136276600,1.370010375976591,-1.7014851321818014,5.220001220703097,249.04950103759765,226.6060028076172,0.8490396644710462
2023-08-21,231.27999877929688,232.1300048828125,220.5800018310547,221.5500030517578,135702700,9.729995727539062,7.3274828918382,11.550003051757812,247.1605010986328,224.91000366210938,4.487904993584266
2023-08-22,233.19000244140625,240.82000732421875,229.5500030517578,240.25,130442800,-7.05999755859375,0.8258403978685713,11.270004272460938,245.55600128173828,224.95600280761718,4.336041729963332
2023-08-23,236.8600006103516,238.97999572753903,229.2899932861328,229.33999633789065,101077600,7.5200042724609375,1.573823118710882,9.690002441406222,244.18150100708007,227.20800170898437,3.9478019857765316
2023-08-24,230.0399932861328,238.9199981689453,228.17999267578125,238.66000366210935,99777400,-8.620010375976534,-2.879341090367593,10.740005493164062,242.89800033569335,229.37200012207032,3.960418903996839
2023-08-25,238.58999633789065,239.0,230.3500061035156,231.30999755859372,106612200,7.279998779296932,3.7167463490241914,8.649993896484403,241.50550003051757,233.99199829101562,3.7627714272305264
2023-08-28,238.82000732421875,244.3800048828125,235.3500061035156,242.5800018310547,107673700,-3.7599945068359375,0.09640428763089126,9.029998779296903,240.07500076293945,235.5,2.4005533405814092
2023-08-29,257.17999267578125,257.4800109863281,237.7700042724609,238.5800018310547,134047600,18.599990844726562,7.687791972402569,19.710006713867216,239.88050003051757,240.297998046875,3.965596746924712
2023-08-30,256.8999938964844,260.510009765625,250.58999633789065,254.1999969482422,121988400,2.6999969482421875,-0.10887269121663268,9.920013427734347,240.0199996948242,244.30599670410157,4.084568232388471
2023-08-31,258.0799865722656,261.17999267578125,255.0500030517578,255.97999572753903,108861700,2.099990844726591,0.4593198535678855,6.1299896240234375,239.95799865722657,249.91399536132812,3.3562398122228627
2023-09-01,245.00999450683597,259.0799865722656,242.00999450683597,257.260009765625,132541600,-12.250015258789034,-5.064318329763207,17.06999206542966,239.51549835205077,251.1979949951172,4.557856077660987
2023-09-05,256.489990234375,258.0,244.8600006103516,245.0,129469600,11.489990234375,4.685521401135628,13.139999389648409,239.76749801635742,254.73199157714845,4.878344836253118
2023-09-06,251.9199981689453,255.38999938964844,245.05999755859372,255.13999938964844,116959800,-3.220001220703125,-1.7817428513501543,10.330001831054716,239.87849807739258,253.67999267578125,3.5476604779738365
2023-09-07,251.4900054931641,252.80999755859372,243.2700042724609,245.07000732421875,115312900,6.419998168945341,-0.17068620153484204,9.539993286132812,240.34349822998047,252.59799499511723,3.5466653539247837
2023-09-08,248.5,256.5199890136719,246.6699981689453,251.22000122070312,118367700,-2.720001220703125,-1.1889162304087542,9.849990844726562,240.50149841308593,250.6819976806641,3.5263442074585782
2023-09-11,273.5799865722656,274.8500061035156,260.6099853515625,264.2699890136719,174667900,9.30999755859375,10.092549928477123,14.240020751953125,242.047998046875,256.39599609375,5.033593632151611
2023-09-12,267.4800109863281,278.3900146484375,266.6000061035156,270.760009765625,135999900,-3.279998779296875,-2.229686338670178,11.790008544921875,243.43399887084962,258.5940002441406,5.171793242545794
2023-09-13,271.29998779296875,274.9800109863281,268.1000061035156,270.07000732421875,111673700,1.22998046875,1.4281354305895722,6.8800048828125,245.3509979248047,262.4699981689453,4.942971809787624
2023-09-14,276.0400085449219,276.7099914550781,270.4200134277344,271.32000732421875,107709800,4.720001220703125,1.7471511114000693,6.28997802734375,247.872998046875,267.3799987792969,4.846009006283101
2023-09-15,274.3900146484375,278.9800109863281,271.0,277.54998779296875,133692300,-3.15997314453125,-0.5977372284481253,7.980010986328125,250.63149871826172,272.55800170898436,4.756049266923642
2023-09-18,265.2799987792969,271.44000244140625,263.760009765625,271.1600036621094,101543300,-5.8800048828125,-3.3200974462619715,7.67999267578125,253.12099838256836,270.89800415039065,2.2179444469704235
2023-09-19,266.5,267.8500061035156,261.20001220703125,264.3500061035156,103704000,2.149993896484375,0.45989189773711914,6.649993896484375,254.88199844360352,270.702001953125,2.041321037299691
2023-09-20,262.5899963378906,273.92999267578125,262.4599914550781,267.0400085449219,122514600,-4.45001220703125,-1.4671683535119606,11.470001220703125,256.35199813842775,268.9600036621094,1.9220478279419504
2023-09-21,255.6999969482422,260.8599853515625,254.2100067138672,257.8500061035156,119951500,-2.1500091552734375,-2.6238620989897266,6.6499786376953125,257.29399795532225,264.8920013427734,1.5191834429019002
2023-09-22,244.8800048828125,257.7900085449219,244.47999572753903,257.3999938964844,127524100,-12.519989013671875,-4.231518261464751,13.310012817382841,258.03599853515624,258.98999938964846,1.8142995287711932
2023-09-25,246.9900054931641,247.1000061035156,238.30999755859372,243.3800048828125,104636600,3.610000610351591,0.861646752809131,8.790008544921875,258.45599899291994,255.33200073242188,2.1268573877778008
2023-09-26,244.1199951171875,249.5500030517578,241.66000366210935,242.97999572753903,101993600,1.139999389648466,-1.1619945391094122,7.889999389648466,258.7209983825684,250.8559997558594,1.8818062940865898
2023-09-27,240.5,245.3300018310547,234.5800018310547,244.25999450683597,136597200,-3.759994506835966,-1.4828753029631048,10.75,257.8869987487793,246.43800048828126,1.8812821956722412
2023-09-28,246.3800048828125,247.5500030517578,238.6499938964844,240.0200042724609,117058900,6.360000610351591,2.444908475181906,8.900009155273409,257.3609992980957,244.57400207519532,2.531114798707497
2023-09-29,250.22000122070312,254.7700042724609,246.3500061035156,250.0,128522700,0.220001220703125,1.5585665483353939,8.419998168945312,256.9680000305176,245.64200134277343,1.7111683878989903
2023-10-02,251.6000061035156,254.27999877929688,242.6199951171875,244.80999755859372,123810400,6.790008544921875,0.5515166158101215,11.660003662109375,257.29750061035156,246.56400146484376,1.6978158860805135
2023-10-03,246.52999877929688,250.0200042724609,244.4499969482422,248.6100006103516,101985300,-2.080001831054716,-2.0151062008054055,5.570007324218722,256.7995010375977,247.04600219726564,1.9200908698840624
2023-10-04,261.1600036621094,261.8599853515625,247.6000061035156,248.13999938964844,129721600,13.020004272460938,5.934371052307452,14.259979248046903,257.26150131225586,251.1780029296875,2.899382946750786
2023-10-05,260.04998779296875,263.6000061035156,256.25,260.0,119159200,0.04998779296875,-0.42503287393760303,7.350006103515625,257.6895004272461,253.91199951171876,2.996234985465158
2023-10-06,260.5299987792969,261.6499938964844,250.6499938964844,253.97999572753903,118121800,6.550003051757841,0.1845841218459432,10.999999999999972,258.29100036621094,255.9739990234375,3.009034921290215
2023-10-09,259.6700134277344,261.3599853515625,252.0500030517578,255.30999755859372,101377900,4.360015869140653,-0.3300907210654902,9.309982299804688,257.5955017089844,257.58800048828124,3.0560720124521636
2023-10-10,263.6199951171875,268.94000244140625,257.6499938964844,257.75,122656000,5.8699951171875,1.5211543440507347,11.290008544921875,257.40250091552736,261.00599975585936,2.6633507194158947
2023-10-11,262.989990234375,268.6000061035156,260.8999938964844,266.20001220703125,103706300,-3.21002197265625,-0.2389822071472425,7.70001220703125,256.9870010375977,261.3719970703125,0.8052054008503182
2023-10-12,258.8699951171875,265.4100036621094,256.6300048828125,262.9200134277344,111508100,-4.050018310546875,-1.5665976919941982,8.779998779296875,256.1285003662109,261.13599853515626,1.1103281286435267
2023-10-13,251.1199951171875,259.6000061035156,250.22000122070312,258.8999938964844,102073800,-7.779998779296875,-2.993780718577166,9.3800048828125,254.96499938964843,259.2539978027344,1.680250933412664
2023-10-16,253.9199981689453,255.3999938964844,248.47999572753903,250.0500030517578,88917200,3.8699951171875,1.115006015531006,6.919998168945369,254.39699935913086,258.10399475097654,1.8771871041902695
2023-10-17,254.8500061035156,257.17999267578125,247.0800018310547,250.1000061035156,93562900,4.75,0.36626021631880334,10.099990844726562,253.81449966430665,256.34999694824216,1.6316784843252932
2023-10-18,242.67999267578125,254.6300048828125,242.0800018310547,252.6999969482422,125147800,-10.020004272460938,-4.775363208267336,12.550003051757812,252.81899948120116,252.28799743652343,2.4114245442333777
2023-10-19,220.1100006103516,230.6100006103516,216.77999877929688,225.9499969482422,170772700,-5.839996337890597,-9.300310180733772,13.830001831054716,251.03949966430665,244.53599853515624,4.214310469417997
2023-10-20,211.9900054931641,218.8600006103516,210.4199981689453,217.00999450683597,138010100,-5.019989013671875,-3.6890623300491754,8.440002441406278,249.3949996948242,236.71000061035156,4.220667996784745
2023-10-23,212.0800018310547,216.97999572753903,202.50999450683597,210.0,150683400,2.0800018310546875,0.04245310418349302,14.470001220703068,247.64949951171874,228.34200134277344,3.962281231060403
2023-10-24,216.5200042724609,222.0500030517578,214.1100006103516,216.5,118231100,0.02000427246090908,2.0935507370200668,7.940002441406222,246.2694999694824,220.6760009765625,4.428384271840266
2023-10-25,212.4199981689453,220.1000061035156,212.1999969482422,215.8800048828125,107065100,-3.4600067138671875,-1.8935922882932776,7.900009155273409,244.8654998779297,214.6240020751953,4.346791814354522
2023-10-26,205.75999450683597,214.8000030517578,204.8800048828125,211.32000732421875,115112600,-5.560012817382784,-3.1352997455599274,9.919998168945312,242.83449935913086,211.75400085449218,2.3846026682479393
2023-10-27,207.3000030517578,212.41000366210935,205.7700042724609,210.6000061035156,94881200,-3.300003051757784,0.7484489628865498,6.6399993896484375,240.6884994506836,210.81600036621094,2.0881214722412915
2023-10-30,197.3600006103516,210.8800048828125,194.6699981689453,209.27999877929688,136448200,-11.919998168945284,-4.794984223383947,16.210006713867188,237.97649917602538,207.87200012207032,2.8107597032410885
2023-10-31,200.83999633789065,202.8000030517578,194.07000732421875,196.1199951171875,118068300,4.720001220703153,1.7632730628176496,8.729995727539062,235.69199905395507,204.73599853515628,2.7103255244643623
2023-11-01,205.66000366210935,205.9900054931641,197.8500061035156,204.0399932861328,121661700,1.620010375976534,2.3999240251476373,8.139999389648494,232.91699905395507,203.38399963378907,3.1791699502969957
2023-11-02,218.50999450683597,219.1999969482422,211.4499969482422,212.97000122070312,125987600,5.539993286132841,6.2481720392452145,7.75,230.83999938964843,205.93399963378906,3.9798947402827185
2023-11-03,219.9600067138672,226.3699951171875,218.3999938964844,221.1499938964844,119534800,-1.189987182617216,0.6635907937775576,7.970001220703097,228.81149978637694,208.46600036621095,3.982870464380323
2023-11-06,219.2700042724609,226.32000732421875,215.0,223.97999572753903,117335800,-4.709991455078125,-0.31369449915678027,11.32000732421875,226.79149932861327,212.8480010986328,2.514269841182135
2023-11-07,222.17999267578125,223.1199951171875,215.72000122070312,219.97999572753903,116900100,2.199996948242216,1.3271256198382986,7.399993896484375,224.71949920654296,217.11600036621093,2.5385870230436782
2023-11-08,222.1100006103516,224.1499938964844,217.63999938964844,223.1499938964844,106584800,-1.0399932861328125,-0.03150241594066516,6.509994506835966,222.6754997253418,220.40599975585937,2.686940286216013
2023-11-09,209.97999572753903,220.8000030517578,206.67999267578125,219.75,142110500,-9.770004272460966,-5.461260118625755,14.120010375976562,220.2309997558594,218.7,2.702517279349643
2023-11-10,214.6499938964844,215.3800048828125,205.69000244140625,210.02999877929688,130994000,4.619995117187528,2.2240205086035747,9.69000244140625,218.40749969482422,217.63799743652345,2.9839153348380973
2023-11-13,223.7100067138672,225.3999938964844,211.6100006103516,215.6000061035156,140447600,8.110000610351591,4.220830689495392,13.789993286132812,216.89700012207032,218.5259979248047,3.6506962445027047
2023-11-14,237.41000366210935,238.13999938964844,230.72000122070312,235.02999877929688,149771600,2.3800048828124716,6.123998273248876,7.4199981689453125,216.025,221.5720001220703,4.474292877119111
2023-11-15,242.83999633789065,246.6999969482422,236.4499969482422,239.2899932861328,150354000,3.550003051757841,2.287179390936478,10.25,216.03300018310546,225.71799926757814,4.406507956508268
2023-11-16,233.58999633789065,240.8800048828125,230.9600067138672,239.4900054931641,136816800,-5.9000091552734375,-3.8090924639652135,9.919998168945312,216.7069999694824,230.43999938964845,3.7282183409267473
2023-11-17,234.3000030517578,237.38999938964844,226.5399932861328,232.0,142532800,2.3000030517578125,0.30395424675639937,10.850006103515625,217.8224998474121,234.37000122070313,3.823989343997286
2023-11-20,235.6000061035156,237.1000061035156,231.0200042724609,234.0399932861328,116320100,1.560012817382784,0.5548455120893081,6.0800018310546875,218.99850006103514,236.7480010986328,3.59443036638954
2023-11-21,241.1999969482422,243.6199951171875,233.33999633789065,235.0399932861328,122288000,6.160003662109375,2.376906069461704,10.279998779296847,220.2324996948242,237.50599975585936,2.5101236041877906
2023-11-22,234.2100067138672,244.00999450683597,231.3999938964844,242.0399932861328,117950600,-7.829986572265625,-2.8980059381488954,12.610000610351562,221.3220001220703,235.78000183105468,2.576210139222807
2023-11-24,235.4499969482422,238.75,232.3300018310547,233.75,65125200,1.6999969482421875,0.529435207219775,6.4199981689453125,222.80650024414064,236.152001953125,1.9090756657489942
2023-11-27,236.0800018310547,238.3300018310547,232.1000061035156,236.88999938964844,112031800,-0.80999755859375,0.26757481035388775,6.229995727539091,224.24550018310546,236.50800170898438,1.908523077343245
2023-11-28,246.72000122070312,247.0,234.00999450683597,236.67999267578125,148549900,10.040008544921875,4.506946504203557,12.990005493164034,226.71350021362304,238.73200073242188,2.74487896077956
2023-11-29,244.13999938964844,252.75,242.75999450683597,249.2100067138672,135401300,-5.07000732421875,-1.0457205813430348,9.990005493164034,228.87850036621094,239.32000122070312,2.7288454302827287
2023-11-30,240.0800018310547,245.22000122070312,236.91000366210935,245.13999938964844,132353200,-5.05999755859375,-1.6629792613843564,8.309997558593778,230.5995002746582,240.49400024414064,2.4070949722404382
2023-12-01,238.8300018310547,240.19000244140625,231.8999938964844,233.13999938964844,121331700,5.69000244140625,-0.5206597761023168,8.290008544921847,231.61550064086913,241.1700012207031,2.4513657569908633
2023-12-04,235.5800018310547,239.3699951171875,233.2899932861328,235.75,104099800,-0.1699981689453125,-1.360800559009756,6.0800018310546875,232.39650039672853,241.07000122070312,2.5638388312522564
2023-12-05,238.72000122070312,246.66000366210935,233.6999969482422,233.8699951171875,137971100,4.850006103515625,1.3328802806870987,12.960006713867159,233.36900024414064,239.47000122070312,1.1870648359353622
2023-12-06,239.3699951171875,246.57000732421875,239.1699981689453,242.9199981689453,126436200,-3.5500030517578125,0.2722829646282676,7.4000091552734375,234.22850036621094,238.51600036621093,1.223408567268913
2023-12-07,242.63999938964844,244.0800018310547,236.97999572753903,241.5500030517578,107142300,1.089996337890625,1.366087788429815,7.100006103515653,235.25500030517577,239.0279998779297,1.1834525456957592
2023-12-08,243.83999633789065,245.2700042724609,239.2700042724609,240.2700042724609,103126800,3.5699920654297443,0.49455858525417895,6.0,236.94800033569337,240.02999877929688,1.1098487991941266
2023-12-11,239.7400054931641,243.44000244140625,237.4499969482422,242.7400054931641,97913900,-3.0,-1.681426716823431,5.9900054931640625,238.20250091552734,240.86199951171875,1.2401495102556224
2023-12-12,237.00999450683597,238.9900054931641,233.8699951171875,238.5500030517578,95328300,-1.5400085449218466,-1.1387381846063915,5.120010375976591,238.86750030517578,240.5199981689453,1.2464333080893286
2023-12-13,239.2899932861328,240.3000030517578,228.1999969482422,234.19000244140625,146286300,5.0999908447265625,0.9619842336358042,12.100006103515625,238.96149978637695,240.50399780273438,1.3379197422581757
2023-12-14,251.0500030517578,253.8800048828125,240.7899932861328,241.22000122070312,160829200,9.830001831054688,4.914543063053567,13.090011596679688,239.37200012207032,242.18599853515624,2.5944579334505606
2023-12-15,253.5,254.1300048828125,248.3000030517578,251.2100067138672,135932800,2.2899932861328125,0.9758999874367902,5.8300018310546875,240.36750030517578,244.1179992675781,2.5933868031204703
2023-12-18,252.0800018310547,258.739990234375,251.3600006103516,253.77999877929688,116416500,-1.6999969482421875,-0.5601570686174839,7.379989624023409,241.25650024414062,246.58599853515625,2.3626917956933458
2023-12-19,257.2200012207031,258.3399963378906,253.00999450683597,253.47999572753903,106737400,3.740005493164091,2.03903496997484,5.330001831054659,242.3375,250.62799987792968,2.0383717951725893
2023-12-20,247.13999938964844,259.8399963378906,247.0,256.4100036621094,125097000,-9.270004272460938,-3.918825045959673,12.839996337890625,242.6345001220703,252.1980010986328,3.2616161329899143
2023-12-21,254.5,254.8000030517578,248.5500030517578,251.8999938964844,109594200,2.6000061035155966,2.9780693649462897,6.25,243.64899978637695,252.88800048828125,2.701455837595876
2023-12-22,252.5399932861328,258.2200012207031,251.3699951171875,256.760009765625,93370100,-4.2200164794921875,-0.7701401626197146,6.850006103515625,244.50349960327148,252.6959991455078,2.7055441152634727
2023-12-26,256.6099853515625,257.9700012207031,252.91000366210935,254.4900054931641,86892400,2.119979858398409,1.6116227819877649,5.059997558593778,245.52999877929688,253.60199584960938,2.775862888425572
2023-12-27,261.44000244140625,263.3399963378906,257.5199890136719,258.3500061035156,106494400,3.089996337890625,1.8822405072142834,5.82000732421875,246.26599884033203,254.44599609375,2.753341855336026
2023-12-28,253.17999267578125,265.1300048828125,252.7100067138672,263.6600036621094,113619900,-10.480010986328125,-3.1594284304201747,12.419998168945312,246.71799850463867,255.65399475097655,2.46431711301711
2023-12-29,248.47999572753903,255.19000244140625,247.42999267578125,255.1000061035156,100891600,-6.6200103759765625,-1.8563856087400077,7.760009765625,247.13799819946288,254.4499938964844,2.1857889064065694
2024-01-02,248.4199981689453,251.25,244.41000366210935,250.0800018310547,104654200,-1.660003662109375,-0.02414583049957786,6.839996337890653,247.61749801635742,253.62599487304686,2.184651742704915
2024-01-03,238.4499969482422,245.67999267578125,236.32000732421875,244.97999572753903,121082600,-6.529998779296847,-4.013364984377277,9.3599853515625,247.7609977722168,249.9939971923828,2.3871413992152544
2024-01-04,237.92999267578125,242.6999969482422,237.72999572753903,239.25,102629300,-1.32000732421875,-0.21807686270334248,4.970001220703153,247.72149734497071,245.2919952392578,1.7600864050986011
2024-01-05,237.4900054931641,240.1199951171875,234.8999938964844,236.8600006103516,92488900,0.6300048828125,-0.1849229589212409,5.220001220703097,247.62749786376952,242.15399780273438,1.7106594197420408
2024-01-08,240.4499969482422,241.25,235.3000030517578,236.13999938964844,85166600,4.30999755859375,1.2463646412957274,5.9499969482421875,247.51799774169922,240.547998046875,1.9813093290216799
2024-01-09,234.9600067138672,238.9600067138672,232.0399932861328,238.1100006103516,96705700,-3.1499938964844034,-2.283214932024613,6.920013427734375,247.07399826049806,237.8559997558594,2.062027932840527
2024-01-10,233.94000244140625,235.5,231.2899932861328,235.1000061035156,91628500,-1.1600036621093466,-0.43411825132567694,4.2100067138671875,246.78399810791015,236.9540008544922,1.2584073698722453
2024-01-11,227.22000122070312,230.92999267578125,225.3699951171875,230.57000732421875,105873600,-3.350006103515625,-2.8725319101363445,5.55999755859375,246.29449844360352,234.81200256347657,1.6687769667073913
2024-01-12,218.88999938964844,225.33999633789065,217.1499938964844,220.0800018310547,123043800,-1.19000244140625,-3.6660513098772496,8.19000244140625,245.2744987487793,231.09200134277344,1.988450514633246
2024-01-16,219.91000366210935,223.4900054931641,212.17999267578125,215.1000061035156,115355000,4.80999755859375,0.46598943547220273,11.310012817382841,243.71749877929688,226.98400268554687,1.721734866142018
2024-01-17,215.5500030517578,215.6699981689453,212.00999450683597,214.8600006103516,103164400,0.6900024414062216,-1.9826295019532925,3.6600036621093466,241.81999893188475,223.102001953125,1.7039668705973385
2024-01-18,211.8800048828125,217.4499969482422,208.7400054931641,216.8800048828125,108595400,-5.0,-1.7026203279913998,8.709991455078097,239.80999908447265,218.69000244140625,1.5568518922594796
2024-01-19,212.19000244140625,213.19000244140625,207.55999755859372,209.9900054931641,102260300,2.199996948242159,0.14630807600990448,5.630004882812528,237.55849914550782,215.6840026855469,1.6900729389940348
2024-01-22,208.8000030517578,217.8000030517578,206.2700042724609,212.25999450683597,117952500,-3.4599914550781534,-1.5976244642273096,11.529998779296903,235.6414993286133,213.66600341796874,1.146498404107018
2024-01-23,209.13999938964844,215.6499938964844,207.75,211.3000030517578,106605900,-2.160003662109375,0.16283349277841364,7.899993896484403,233.3734992980957,211.51200256347656,1.0585906912929484
2024-01-24,207.8300018310547,212.72999572753903,206.7700042724609,211.8800048828125,123369900,-4.0500030517578125,-0.6263735117226887,5.959991455078125,231.13799972534179,209.96800231933594,0.9047592082670876
2024-01-25,182.6300048828125,193.0,180.05999755859375,189.6999969482422,198076800,-7.0699920654296875,-12.125293136804816,12.94000244140625,227.4390007019043,204.11800231933594,5.258094766985923
2024-01-26,183.25,186.77999877929688,182.1000061035156,185.5,107343200,-2.25,0.3394815203478396,4.679992675781278,223.52950057983398,198.3300018310547,5.285865453892639
2024-01-29,190.92999267578125,191.47999572753903,183.6699981689453,185.6300048828125,125013100,5.29998779296875,4.190991910385411,7.809997558593722,220.417000579834,194.75599975585936,6.167126980613144
2024-01-30,191.58999633789065,196.3600006103516,190.6100006103516,195.3300018310547,109982300,-3.740005493164034,0.3456783572134414,5.75,217.57250061035157,191.24599914550782,6.180806682545722
2024-01-31,187.2899932861328,193.97000122070312,185.8500061035156,187.0,103221400,0.2899932861328125,-2.244377647032414,8.119995117187528,214.51600036621093,187.13799743652345,6.161041683698814
2024-02-01,188.8600006103516,189.8800048828125,184.27999877929688,188.5,91843300,0.3600006103515909,0.8382761388752824,5.600006103515625,212.0365005493164,188.38399658203127,2.298414809214842
2024-02-02,187.91000366210935,188.69000244140625,182.0,185.0399932861328,110612700,2.870010375976534,-0.5030164911426827,6.69000244140625,209.5355010986328,189.3159973144531,2.3609354095835107
2024-02-05,181.05999755859372,184.67999267578125,175.00999450683594,184.25999450683597,134294400,-3.1999969482422443,-3.645365318513305,9.669998168945312,206.7140007019043,187.3419982910156,1.869145226194302
2024-02-06,185.1000061035156,186.4900054931641,177.11000061035156,177.2100067138672,122676000,7.889999389648409,2.23130928940527,9.380004882812528,203.94650115966797,186.04400024414062,2.3479616598049966
2024-02-07,187.5800018310547,189.7899932861328,182.67999267578125,188.17999267578125,111535200,-0.5999908447265625,1.3398139631352501,7.1100006103515625,201.57750091552734,186.102001953125,2.2915408214774247
2024-02-08,189.55999755859372,191.6199951171875,185.5800018310547,189.0,83034000,0.5599975585937216,1.0555473441792307,6.0399932861328125,199.3585006713867,186.24200134277342,2.312141034821257
2024-02-09,193.57000732421875,194.1199951171875,189.47999572753903,190.17999267578125,84476300,3.3900146484375,2.115430374167171,4.639999389648466,197.6760009765625,187.3740020751953,2.4358675266645062
2024-02-12,188.1300048828125,194.72999572753903,187.27999877929688,192.1100006103516,95498600,-3.979995727539091,-2.8103539988478476,7.449996948242159,196.13800125122071,188.78800354003906,2.071800618602319
2024-02-13,184.0200042724609,187.25999450683597,182.1100006103516,183.9900054931641,86759500,0.029998779296818157,-2.1846598116614824,5.149993896484375,194.34350128173827,188.57200317382814,2.236529744774591
2024-02-14,188.7100067138672,188.88999938964844,183.3500061035156,185.3000030517578,81203000,3.410003662109375,2.5486372853585237,5.539993286132841,193.00150146484376,188.79800415039062,2.482468357792572
2024-02-15,200.4499969482422,200.8800048828125,188.8600006103516,189.16000366210935,120831800,11.289993286132841,6.221180550417671,12.020004272460909,192.43000106811525,190.97600402832032,3.7217449186046316
2024-02-16,199.9499969482422,203.1699981689453,197.3999938964844,202.05999755859372,111346700,-2.110000610351534,-0.24943876658132247,5.770004272460909,191.81800079345703,192.252001953125,3.7231051288403054
2024-02-20,193.75999450683597,198.6000061035156,189.1300048828125,196.1300048828125,104545800,-2.370010375976534,-3.095775211743823,9.470001220703097,191.06600036621094,193.37799987792968,3.792030271564802
2024-02-21,194.7700042724609,199.44000244140625,191.9499969482422,193.3600006103516,103500300,1.4100036621093182,0.5212684735028228,7.4900054931640625,190.34750061035157,195.5279998779297,3.465751166031809
2024-02-22,197.41000366210935,198.32000732421875,191.3600006103516,194.0,92739500,3.4100036621093466,1.3554445406056326,6.960006713867159,189.8265007019043,197.2679992675781,3.388970690900247
2024-02-23,191.97000122070312,197.57000732421875,191.5,195.30999755859372,78841900,-3.3399963378905966,-2.7556873210526023,6.07000732421875,190.29350051879882,195.5720001220703,1.9862057963347837
2024-02-26,199.3999938964844,201.77999877929688,192.0,192.2899932861328,111747100,7.110000610351591,3.870392576202164,9.779998779296875,191.10100021362305,195.46199951171874,2.926787834675374
2024-02-27,199.72999572753903,205.6000061035156,198.25999450683597,204.0399932861328,108645400,-4.309997558593778,0.1654974128163511,7.340011596679631,191.54100036621094,196.65599975585934,2.3831107873093123
2024-02-28,202.0399932861328,205.3000030517578,198.44000244140625,200.4199981689453,99806200,1.6199951171875,1.156560160219966,6.8600006103515625,192.06350021362306,198.10999755859376,2.3926885850577277
2024-02-29,201.8800048828125,205.27999877929688,198.4499969482422,204.17999267578125,85907000,-2.29998779296875,-0.07918650199801869,6.8300018310546875,192.79300079345703,199.00399780273438,2.3892158430396315
2024-03-01,202.63999938964844,204.5200042724609,198.5,200.5200042724609,82243100,2.1199951171875284,0.3764585340074067,6.020004272460909,193.48200073242188,201.13799743652345,1.6175244276553113
2024-03-04,188.13999938964844,199.75,186.72000122070312,198.72999572753903,134334900,-10.589996337890597,-7.155546804023882,13.029998779296875,193.49350051879884,198.88599853515626,3.412657403604511
2024-03-05,180.7400054931641,184.58999633789065,177.57000732421875,183.0500030517578,119660800,-2.3099975585937216,-3.933237971984116,7.019989013671903,193.47750091552734,195.08800048828124,3.5210570743966696
2024-03-06,176.5399932861328,181.5800018310547,173.6999969482422,179.99000549316406,107920900,-3.45001220703125,-2.323786698783814,7.8800048828125,193.04950027465821,189.98800048828124,3.074815899587918
2024-03-07,178.64999389648438,180.0399932861328,173.6999969482422,174.35000610351562,102129000,4.29998779296875,1.1951969472048907,6.339996337890625,192.60299987792968,185.3419982910156,3.3764239250763595
2024-03-08,175.33999633789062,182.72999572753903,174.6999969482422,181.5,85544600,-6.160003662109375,-1.8527834714126334,8.029998779296847,191.89199981689453,179.88199768066406,3.0553080344485823
2024-03-11,177.77000427246094,182.8699951171875,174.8000030517578,175.4499969482422,85391500,2.32000732421875,1.3858834181150304,8.069992065429688,191.10199966430665,177.80799865722656,2.320503963729119
2024-03-12,177.5399932861328,179.42999267578125,172.41000366210938,177.77000427246094,87391700,-0.230010986328125,-0.1293868373742013,7.019989013671875,190.57249908447267,177.16799621582032,1.7032073326585824
2024-03-13,169.47999572753906,176.0500030517578,169.14999389648438,173.0500030517578,106524500,-3.57000732421875,-4.539820808488959,6.9000091552734375,189.84549865722656,175.75599670410156,2.4648799970309287
2024-03-14,162.5,171.1699981689453,160.50999450683594,167.77000427246094,126325700,-5.2700042724609375,-4.118477639544138,10.660003662109375,188.5349983215332,172.5259979248047,2.5403041883095345
2024-03-15,163.57000732421875,165.17999267578125,160.75999450683594,163.16000366210938,97146800,0.410003662109375,0.6584660456730784,4.4199981689453125,186.69099884033204,170.1720001220703,2.7770626017243556
2024-03-18,173.8000030517578,174.72000122070312,165.89999389648438,170.02000427246094,108214400,3.779998779296875,6.254200201423088,8.82000732421875,185.3834991455078,169.37799987792968,4.371327899170893
2024-03-19,171.32000732421875,172.82000732421875,167.4199981689453,172.36000061035156,77271400,-1.0399932861328125,-1.4269250195585559,5.4000091552734375,184.26149978637696,168.13400268554688,4.391569192252867
2024-03-20,175.66000366210938,176.25,170.82000732421875,173.0,83846700,2.660003662109375,2.5332688257929448,5.42999267578125,183.30599975585938,169.37000427246093,3.9345009560675837
2024-03-21,172.82000732421875,178.17999267578125,171.8000030517578,176.38999938964844,73178000,-3.5699920654296875,-1.6167575308454918,6.3799896240234375,182.07649993896484,171.4340057373047,3.2564666852730855
2024-03-22,170.8300018310547,171.1999969482422,166.3000030517578,166.69000244140625,75580600,4.1399993896484375,-1.151490226146512,4.899993896484375,181.0194999694824,172.88600463867186,3.438407472884015
2024-03-25,172.6300048828125,175.24000549316406,168.72999572753906,168.75999450683594,74228600,3.8700103759765625,1.0536808713131895,6.510009765625,179.68100051879884,172.65200500488282,1.8323248160008856
2024-03-26,177.6699981689453,184.25,177.3800048828125,178.5800018310547,113186200,-0.910003662109375,2.9195349264770964,6.8699951171875,178.57800064086913,173.92200317382813,2.0734229060621945
2024-03-27,179.8300018310547,181.91000366210935,176.0,181.41000366210935,81804000,-1.580001831054659,1.2157391142962881,5.910003662109347,177.46750106811524,174.7560028076172,1.8627814678480328
2024-03-28,175.7899932861328,179.57000732421875,175.3000030517578,177.4499969482422,77654800,-1.660003662109375,-2.2465709302040393,4.2700042724609375,176.16300048828126,175.35,2.0520416513805753
2024-04-01,175.22000122070312,176.75,170.2100067138672,176.1699981689453,81562100,-0.9499969482421875,-0.3242460249155976,6.5399932861328125,174.792000579834,176.22799987792968,1.9295878003015403
2024-04-02,166.6300048828125,167.69000244140625,163.42999267578125,164.75,116650600,1.8800048828125,-4.902406276707449,4.260009765625,173.71650085449218,175.0279998779297,3.0397009948163647
2024-04-03,168.3800048828125,168.82000732421875,163.27999877929688,164.02000427246094,82950100,4.3600006103515625,1.050231020055925,5.540008544921875,173.0985008239746,173.1700012207031,2.5663063708517613
2024-04-04,171.11000061035156,177.19000244140625,168.00999450683594,170.07000732421875,123162000,1.0399932861328125,1.6213301154368365,9.180007934570312,172.82700119018554,171.4260009765625,2.660183663407822
2024-04-05,164.89999389648438,170.86000061035156,160.50999450683594,169.0800018310547,143157600,-4.1800079345703125,-3.6292482565110196,10.350006103515625,172.13950119018554,169.2480010986328,2.8893187524823882
2024-04-08,172.97999572753906,174.5,167.7899932861328,169.33999633789062,104423300,3.6399993896484375,4.899940648952894,6.7100067138671875,172.02150115966796,168.8,4.023734784098747
2024-04-09,176.8800048828125,179.22000122070312,171.9199981689453,172.91000366210938,102951700,3.970001220703125,2.254601255405486,7.3000030517578125,171.97700119018555,170.85,3.094979110958357
2024-04-10,171.75999450683594,174.92999267578125,170.00999450683594,173.0399932861328,84532400,-1.279998779296875,-2.8946236061948905,4.9199981689453125,171.6880012512207,171.5259979248047,3.614462073213051
2024-04-11,174.60000610351562,175.8800048828125,168.50999450683594,172.5500030517578,94516000,2.0500030517578125,1.653476762638495,7.3700103759765625,171.94400177001953,172.2239990234375,3.6170932388086467
2024-04-12,171.0500030517578,173.80999755859375,170.36000061035156,172.33999633789062,64722700,-1.2899932861328125,-2.0332204625772565,3.4499969482421875,172.37150192260742,173.4540008544922,3.214354946064776
2024-04-15,161.47999572753906,170.69000244140625,161.3800048828125,170.24000549316406,100245300,-8.760009765625,-5.594859487563397,9.30999755859375,172.26700134277343,171.15400085449218,3.274211431003634
2024-04-16,157.11000061035156,158.19000244140625,153.75,156.74000549316406,97000000,0.3699951171875,-2.7062145360474688,4.44000244140625,171.43250122070313,167.2,2.601667642137939
2024-04-17,155.4499969482422,158.3300018310547,153.77999877929688,157.63999938964844,82439700,-2.19000244140625,-1.0565868854054306,4.5500030517578125,170.6390007019043,163.93800048828126,2.629020102501693
2024-04-18,149.92999267578125,152.1999969482422,148.6999969482422,151.25,96098800,-1.32000732421875,-3.550983840996058,3.5,169.35250015258788,159.00399780273438,1.7200312591143794
2024-04-19,147.0500030517578,150.94000244140625,146.22000122070312,148.97000122070312,87074500,-1.9199981689453125,-1.9208895916184798,4.720001220703125,168.06399993896486,154.20399780273436,1.736282735572262
2024-04-22,142.0500030517578,144.44000244140625,138.8000030517578,140.55999755859375,107097600,1.4900054931640625,-3.400203941675628,5.6399993896484375,166.625,150.31799926757813,1.0455417772728675
2024-04-23,144.67999267578125,147.25999450683594,141.11000061035156,143.3300018310547,124545100,1.3499908447265625,1.8514534090260826,6.149993896484375,165.22749938964844,147.83199768066407,2.199811267709131
2024-04-24,162.1300048828125,167.97000122070312,157.50999450683594,162.83999633789062,181178000,-0.709991455078125,12.061109407252758,10.460006713867188,164.45049972534179,149.16799926757812,6.551290542109341
2024-04-25,170.17999267578125,170.8800048828125,158.36000061035156,158.9600067138672,126427500,11.219985961914062,4.965143743002587,12.520004272460938,163.96799926757814,153.21799926757814,6.1653415268153235
2024-04-26,168.2899932861328,172.1199951171875,166.3699951171875,168.85000610351562,109815700,-0.5600128173828125,-1.1105884774887609,5.75,163.59299926757814,157.46599731445312,6.022126731429925
2024-04-29,194.0500030517578,198.8699951171875,184.5399932861328,188.4199981689453,243869700,5.6300048828125,15.306917103399531,14.330001831054688,164.53449935913085,167.86599731445312,6.897601929993548
2024-04-30,183.27999877929688,190.9499969482422,182.83999633789065,186.97999572753903,127031800,-3.699996948242159,-5.550118063944742,8.110000610351534,165.36699905395508,175.58599853515625,8.727067984319474
2024-05-01,179.99000549316406,185.8600006103516,179.00999450683594,182.0,92829700,-2.0099945068359375,-1.7950640048260635,6.850006103515653,165.94749908447267,179.15799865722656,8.159180295517636
2024-05-02,180.00999450683594,184.6000061035156,176.02000427246094,182.8600006103516,89148000,-2.8500061035156534,0.01110562423569661,8.580001831054659,166.3924987792969,181.1239990234375,8.064477751481409
2024-05-03,181.19000244140625,184.77999877929688,178.4199981689453,182.1000061035156,75491500,-0.9100036621093466,0.6555235656792835,6.3600006103515625,167.20699920654297,183.7040008544922,7.9666159245514425
2024-05-06,184.75999450683597,187.55999755859372,182.1999969482422,183.8000030517578,84390300,0.9599914550781534,1.970303006416807,5.360000610351534,167.7959991455078,181.84599914550785,2.9113772664337576
2024-05-07,177.80999755859375,183.25999450683597,177.39999389648438,182.3999938964844,75045900,-4.589996337890653,-3.761635178001199,5.860000610351591,167.84249877929688,180.7519989013672,2.2348979037004253
2024-05-08,174.72000122070312,176.05999755859375,170.14999389648438,171.58999633789062,79969500,3.1300048828125,-1.7378079862311324,5.910003662109375,167.99049911499023,179.697998046875,2.227274703435812
2024-05-09,171.97000122070312,175.6199951171875,171.3699951171875,175.00999450683594,65950300,-3.0399932861328125,-1.573946875450305,4.25,167.8589988708496,178.08999938964843,2.2362259221028253
2024-05-10,168.47000122070312,173.05999755859375,167.75,173.0500030517578,72627200,-4.5800018310546875,-2.035238689978358,5.30999755859375,167.72999877929686,175.5459991455078,2.090474599952043
2024-05-13,171.88999938964844,175.39999389648438,169.0,170.0,67018900,1.8899993896484375,2.030033919489904,6.399993896484375,168.25049896240233,172.9720001220703,2.1147764608979815
2024-05-14,177.5500030517578,179.49000549316406,174.07000732421875,174.5,86407400,3.0500030517578125,3.292805679333921,5.4199981689453125,169.27249908447266,172.9200012207031,2.4800691604458893
2024-05-15,173.99000549316406,180.0,173.11000061035156,179.89999389648438,79663000,-5.9099884033203125,-2.005067585133169,6.8899993896484375,170.19949951171876,172.7740020751953,2.529151235957548
2024-05-16,174.83999633789062,175.7899932861328,171.42999267578125,174.10000610351562,59812200,0.739990234375,0.4885285464054867,4.3600006103515625,171.44499969482422,173.3480010986328,2.3841889403613727
2024-05-17,177.4600067138672,179.6300048828125,172.75,173.5500030517578,77445800,3.910003662109375,1.4985188920464187,6.8800048828125,172.9654998779297,175.14600219726563,1.9899685992241287
2024-05-20,174.9499969482422,177.75,173.52000427246094,177.55999755859375,61727400,-2.6100006103515625,-1.4144086952910362,4.2299957275390625,174.6104995727539,175.75800170898438,2.159596943598226
2024-05-21,186.6000061035156,186.8800048828125,174.7100067138672,175.50999450683594,115266500,11.090011596679659,6.65905079079252,12.169998168945312,176.7065002441406,177.56800231933593,3.4418203404563563
2024-05-22,180.11000061035156,183.8000030517578,178.1199951171875,182.8500061035156,88313500,-2.740005493164034,-3.478030697149992,5.6800079345703125,177.6055000305176,178.79200134277343,3.8113788515390903
2024-05-23,173.74000549316406,181.8999938964844,173.25999450683594,181.8000030517578,71975500,-8.05999755859375,-3.5367248323807887,8.639999389648466,177.78350067138672,178.57200317382814,4.277248987747237
2024-05-24,179.24000549316406,180.0800018310547,173.72999572753906,174.83999633789062,65584500,4.4000091552734375,3.165649721483632,6.350006103515625,178.33100128173828,178.9280029296875,4.488331073884118
2024-05-28,176.75,178.25,173.16000366210938,176.39999389648438,59736600,0.350006103515625,-1.389201861667555,5.089996337890625,177.46600112915038,179.28800354003906,4.485966876633819
2024-05-29,176.19000244140625,178.14999389648438,173.92999267578125,174.19000244140625,54782600,2.0,-0.3168303018918017,4.220001220703125,177.11150131225585,177.20600280761718,2.7606525453851747
2024-05-30,178.7899932861328,182.6699981689453,175.3800048828125,178.5800018310547,77618400,0.209991455078125,1.4756744473008343,7.2899932861328125,177.0515007019043,176.94200134277344,2.581922478361151
2024-05-31,178.0800018310547,180.32000732421875,173.82000732421875,178.5,67314600,-0.4199981689453125,-0.3971091681523098,6.5,176.95500106811522,177.81000061035155,1.8095881958854605
2024-06-03,176.2899932861328,182.63999938964844,174.49000549316406,178.1300048828125,68568900,-1.8400115966796875,-1.00517100545634,8.149993896484375,176.71000061035156,177.21999816894532,1.1003228472622109
2024-06-04,174.77000427246094,177.75999450683594,174.0,174.77999877929688,60056300,-0.0099945068359375,-0.8622094682395387,3.7599945068359375,176.21050109863282,176.8239990234375,0.9930981485504006
2024-06-05,175.0,176.14999389648438,172.1300048828125,175.35000610351562,57953800,-0.350006103515625,0.13159908560766986,4.019989013671875,176.07000122070312,176.58599853515625,1.0024989276480716
2024-06-06,177.94000244140625,179.72999572753906,172.72999572753906,174.60000610351562,69887000,3.339996337890625,1.6800013950892811,7.0,176.2310012817383,176.41600036621094,1.085146406843306
2024-06-07,177.47999572753906,179.35000610351562,175.5800018310547,176.1300048828125,56244900,1.3499908447265625,-0.25851787543875737,3.7700042724609375,176.5065010070801,176.2959991455078,1.0770993206370598
2024-06-10,173.7899932861328,178.57000732421875,173.1699981689453,176.05999755859375,50774600,-2.2700042724609375,-2.0791089307163446,5.4000091552734375,176.77250061035156,175.7959991455078,1.3772448845323235
2024-06-11,170.66000366210938,174.75,167.41000366210938,173.9199981689453,64761900,-3.2599945068359375,-1.8010183238054034,7.339996337890625,176.71100082397462,174.9739990234375,1.5321462142441065
2024-06-12,177.2899932861328,180.5500030517578,169.8000030517578,171.1199951171875,90389400,6.1699981689453125,3.8849112163094723,10.75,176.69800033569337,175.43199768066407,2.5070542724867444
2024-06-13,182.47000122070312,191.0800018310547,181.22999572753903,188.38999938964844,118984100,-5.9199981689453125,2.9217711832219218,9.850006103515653,177.12200012207032,176.33799743652344,2.7312446737585616
2024-06-14,178.00999450683594,186.0,176.9199981689453,185.8000030517578,82038200,-7.790008544921875,-2.4442410719736185,9.080001831054688,177.28050003051757,176.44399719238282,3.046450065202676
2024-06-17,187.44000244140625,188.80999755859372,177.0,177.9199981689453,109786100,9.520004272460938,5.2974598199923895,11.809997558593722,177.77949981689454,179.1739990234375,3.484176234179413
2024-06-18,184.8600006103516,187.1999969482422,182.3699951171875,186.55999755859372,68982300,-1.6999969482421307,-1.3764414198944364,4.8300018310546875,178.275,182.01399841308594,3.3851930129067958
2024-06-20,181.57000732421875,185.2100067138672,179.66000366210938,184.67999267578125,55893100,-3.1099853515625,-1.7797215597047944,5.5500030517578125,178.02350006103515,182.87000122070313,3.400900274244049
2024-06-21,183.00999450683597,183.9499969482422,180.69000244140625,182.3000030517578,61937300,0.7099914550781534,0.7930754665036233,3.2599945068359375,178.1684997558594,182.97799987792968,3.1496157600934502
2024-06-24,182.5800018310547,188.8000030517578,182.5500030517578,184.97000122070312,61992100,-2.3899993896484375,-0.23495584322593688,6.25,178.6104995727539,183.89200134277343,2.8439358050016468
2024-06-25,187.3500061035156,187.97000122070312,182.00999450683597,184.3999938964844,62905700,2.950012207031193,2.6125557150967094,5.960006713867159,179.0159996032715,183.8740020751953,1.7728210568954874
2024-06-26,196.3699951171875,197.75999450683597,186.3600006103516,186.5399932861328,95737100,9.830001831054688,4.81451226037759,11.399993896484375,179.99699935913085,186.1760009765625,2.557097753869175
2024-06-27,197.4199981689453,198.72000122070312,194.0500030517578,195.1699981689453,72746500,2.25,0.5347064612041263,4.6699981689453125,181.05849914550782,189.34599914550782,2.028382400752199
2024-06-28,197.8800048828125,203.1999969482422,195.25999450683597,199.5500030517578,95438100,-1.6699981689453125,0.2330091774560339,7.940002441406222,182.01299972534179,192.32000122070312,2.1052679500483777
2024-07-01,209.8600006103516,213.22999572753903,200.8500061035156,201.0200042724609,135691400,8.839996337890682,6.054171938510833,12.379989624023438,183.60199966430665,197.7760009765625,2.568639276885853
2024-07-02,231.25999450683597,231.3000030517578,218.05999755859372,218.88999938964844,205047900,12.369995117187528,10.197271435359356,13.240005493164091,186.3504997253418,206.55799865722656,4.147747428379809
2024-07-03,246.38999938964844,248.3500061035156,234.25,234.55999755859372,166561500,11.830001831054716,6.542422054051045,14.100006103515597,189.93149948120117,216.56199951171874,4.2647160727824645
2024-07-05,251.5200042724609,252.3699951171875,242.4600067138672,249.80999755859372,154501200,1.7100067138671875,2.082067005771493,9.909988403320312,193.75749969482422,227.3820007324219,3.928680931549004
2024-07-08,252.94000244140625,259.44000244140625,244.57000732421875,247.7100067138672,157219600,5.2299957275390625,0.5645666924397386,14.8699951171875,197.50749969482422,238.3940002441406,3.8291829523465846
2024-07-09,262.3299865722656,265.6099853515625,250.3000030517578,251.0,160210900,11.329986572265625,3.712336538398886,15.309982299804688,201.74999923706054,248.88799743652345,3.824694726878223
2024-07-10,263.260009765625,267.5899963378906,257.8599853515625,262.79998779296875,128519400,0.46002197265625,0.3545241645880992,9.730010986328125,206.22350006103517,255.28800048828126,2.560287612943461
2024-07-11,241.02999877929688,271.0,239.6499938964844,263.29998779296875,221707300,-22.269989013671875,-8.444127539962887,31.350006103515597,209.74199981689452,254.21600036621095,4.724011542727869
2024-07-12,248.22999572753903,251.83999633789065,233.08999633789065,235.8000030517578,155955800,12.429992675781222,2.9871787680814554,18.75,213.28899993896485,253.55799865722656,4.855823702083414
2024-07-15,252.63999938964844,265.6000061035156,251.72999572753903,255.97000122070312,146912900,-3.3300018310546875,1.776579679334911,13.870010375976591,216.7974998474121,253.497998046875,4.931024666975471
2024-07-16,256.5599975585937,258.6199951171875,245.8000030517578,255.30999755859372,126332500,1.2499999999999716,1.5516142251486453,12.819992065429688,220.725,252.34400024414063,4.617531197248808
2024-07-17,248.5,258.4700012207031,246.17999267578125,252.72999572753903,115584800,-4.229995727539034,-3.1415644041518753,12.290008544921875,223.7779998779297,249.39199829101562,4.746168002319505
2024-07-18,249.22999572753903,257.1400146484375,247.1999969482422,251.08999633789065,110869000,-1.8600006103516193,0.2937608561525362,9.940017700195312,226.99649963378906,251.031997680664,2.3472267824232205
2024-07-19,239.1999969482422,249.44000244140625,236.8300018310547,247.7899932861328,87403900,-8.589996337890625,-4.02439471622098,12.610000610351562,229.87799911499025,249.22599792480463,2.7020003635423384
2024-07-22,251.50999450683597,253.2100067138672,243.75,244.2100067138672,101225400,7.299987792968778,5.146320115237035,9.460006713867188,233.30299911499023,248.9999969482422,3.7093637940735853
2024-07-23,246.3800048828125,255.75999450683597,245.6300048828125,253.6000061035156,111928200,-7.220001220703097,-2.0396762498772314,10.129989624023466,236.4929992675781,246.96399841308593,3.672890044795788
2024-07-24,215.9900054931641,225.9900054931641,214.7100067138672,225.4199981689453,167942900,-9.429992675781222,-12.334604589403686,11.279998779296903,237.92499923706055,240.46199951171874,6.432036494439821
2024-07-25,220.25,226.0,216.22999572753903,216.8000030517578,100636500,3.4499969482421875,1.9723109396238891,9.770004272460966,239.11899948120117,234.66600036621094,6.6600533555851555
2024-07-26,219.8000030517578,222.27999877929688,215.3300018310547,221.19000244140625,94604100,-1.3899993896484375,-0.20431189477511102,6.9499969482421875,240.2379997253418,230.78600158691407,6.625498253936074
2024-07-29,232.1000061035156,234.2700042724609,224.6999969482422,224.8999938964844,129201800,7.200012207031193,5.595997671056185,9.570007324218722,241.94899978637696,226.90400390625,6.74019429635625
2024-07-30,222.6199951171875,232.41000366210935,220.0,232.25,100560300,-9.6300048828125,-4.084450985365362,12.410003662109347,242.58699951171874,222.152001953125,6.849695901437248
2024-07-31,232.07000732421875,234.67999267578125,226.7899932861328,227.8999938964844,67497000,4.170013427734347,4.244907202543402,7.8899993896484375,242.62750015258788,225.36800231933594,3.828362650957772
2024-08-01,216.8600006103516,231.8699951171875,214.3300018310547,227.69000244140625,83861900,-10.830001831054659,-6.554059651757438,17.539993286132812,241.15100021362304,224.69000244140625,5.215693635914179
2024-08-02,207.6699981689453,216.1300048828125,205.77999877929688,214.8800048828125,82880100,-7.2100067138671875,-4.237758192170549,10.350006103515625,238.95849990844727,222.26400146484374,5.519521748425461
2024-08-05,198.8800048828125,203.8800048828125,182.0,185.22000122070312,100308800,13.660003662109375,-4.232673647438423,21.8800048828125,236.25550003051757,215.62000122070313,4.163648841563635
2024-08-06,200.63999938964844,202.8999938964844,192.6699981689453,200.75,73783900,-0.1100006103515625,0.8849529684359148,10.229995727539091,233.1710006713867,211.2240020751953,4.4173366336825195
2024-08-07,191.75999450683597,203.4900054931641,191.47999572753903,200.7700042724609,71159800,-9.010009765624943,-4.425839767656326,12.010009765625057,229.59599990844725,203.16199951171876,2.750743709009271
2024-08-08,198.83999633789065,200.6999969482422,192.0399932861328,195.6999969482422,65033900,3.139999389648466,3.6921162045623124,8.660003662109375,227.48649978637695,199.5579986572266,3.7428336974099126
2024-08-09,200.0,200.8800048828125,195.1100006103516,197.0500030517578,58648300,2.9499969482421875,0.5833854775063152,5.770004272460909,225.075,198.0239990234375,3.528863247218681
2024-08-12,197.4900054931641,199.25999450683597,194.6699981689453,199.0200042724609,64044900,-1.5299987792968182,-1.2549972534179554,4.589996337890653,222.31750030517577,197.74599914550782,2.994332923725891
2024-08-13,207.8300018310547,208.4900054931641,197.05999755859372,198.47000122070312,76247400,9.360000610351562,5.2357061371637315,11.43000793457037,219.88100051879883,199.18399963378909,3.860485950721403
2024-08-14,201.3800048828125,208.44000244140625,198.75,207.38999938964844,70250000,-6.0099945068359375,-3.10349655555765,9.69000244140625,217.52500076293944,201.10800170898438,3.438069810236426
2024-08-15,214.13999938964844,215.8800048828125,204.82000732421875,205.0200042724609,89848500,9.119995117187528,6.336276788880446,11.05999755859375,215.77050094604493,204.16800231933593,4.091143458837145
2024-08-16,216.1199951171875,219.8000030517578,210.8000030517578,211.1499938964844,88765100,4.970001220703097,0.9246267550119258,9.0,214.6165008544922,207.39200134277343,4.073600370774181
2024-08-19,222.72000122070312,222.97999572753903,214.08999633789065,217.07000732421875,76435200,5.649993896484375,3.0538618603692225,8.88999938964838,213.17700119018554,212.43800048828126,3.754606597532422
2024-08-20,221.1000061035156,228.22000122070312,219.55999755859372,224.8800048828125,74001200,-3.7799987792969034,-0.7273684933138069,8.660003662109403,211.9130012512207,215.09200134277344,3.608392075263753
2024-08-21,223.2700042724609,224.66000366210935,218.8600006103516,222.6699981689453,70146000,0.6000061035155966,0.9814554993405888,5.800003051757756,212.27700119018556,219.47000122070312,2.714848154674894
2024-08-22,210.66000366210935,224.8000030517578,210.32000732421875,223.82000732421875,79514500,-13.160003662109403,-5.6478704568676985,14.479995727539062,211.79750137329103,218.7740020751953,3.2852380250088555
2024-08-23,220.32000732421875,221.47999572753903,214.2100067138672,214.4600067138672,81525200,5.8600006103515625,4.58558981020607,7.269989013671847,211.82350158691406,219.61400451660157,3.9602986484250478
2024-08-26,213.2100067138672,219.08999633789065,211.00999450683597,218.75,59301200,-5.5399932861328125,-3.2271243527550397,8.080001831054688,210.87900161743164,217.71200561523438,3.923517801471838
2024-08-27,209.2100067138672,215.66000366210935,206.94000244140625,213.25,62821400,-4.0399932861328125,-1.8760845523390857,8.720001220703097,210.20850219726563,215.3340057373047,3.9512185628790712
2024-08-28,205.75,211.83999633789065,202.58999633789065,209.72000122070312,64116400,-3.970001220703125,-1.653843794670573,9.25,208.8925018310547,211.8300048828125,3.7870471327063684
2024-08-29,206.27999877929688,214.88999938964844,205.97000122070312,209.8000030517578,62308800,-3.5200042724609375,0.2575935743848623,8.919998168945312,208.36350173950194,210.95400390625,3.04264002712931
2024-08-30,214.1100006103516,214.57000732421875,207.02999877929688,208.6300048828125,63370600,5.479995727539091,3.795812428442069,7.540008544921875,208.68550186157228,209.71200256347657,2.7240516460755457
2024-09-03,210.6000061035156,219.8999938964844,209.63999938964844,215.25999450683597,76714200,-4.659988403320369,-1.6393416920415849,10.259994506835966,209.27150192260743,209.19000244140625,2.4066496244766
2024-09-04,219.41000366210935,222.22000122070312,210.57000732421875,210.58999633789065,80651800,8.820007324218693,4.183284569452206,11.649993896484375,210.21000213623046,211.2300018310547,2.8508511099638083
2024-09-05,230.1699981689453,235.0,222.25,223.4900054931641,119355000,6.679992675781222,4.904058305110981,12.75,212.13050231933593,216.11400146484374,2.839681840675691
2024-09-06,210.72999572753903,233.6000061035156,210.50999450683597,232.6000061035156,112177000,-21.870010375976562,-8.445932396079382,23.09001159667963,212.72500228881836,217.00400085449218,5.665982637741418
2024-09-09,216.2700042724609,219.8699951171875,213.6699981689453,216.1999969482422,67443500,0.07000732421872158,2.6289605928169646,6.1999969482421875,213.53850250244142,217.43600158691407,5.521554475479193
2024-09-10,226.1699981689453,226.3999938964844,218.63999938964844,220.07000732421875,78891100,6.0999908447265625,4.577608406578748,7.759994506835966,214.97250213623047,220.55,5.666374675081273
2024-09-11,228.1300048828125,228.47000122070312,216.8000030517578,224.5500030517578,83548600,3.5800018310546875,0.8666077418469476,11.669998168945312,215.98750228881835,222.29400024414062,5.474805080050541
2024-09-12,229.80999755859372,231.4499969482422,223.8300018310547,224.66000366210935,71894900,5.149993896484375,0.7364189890953776,7.6199951171875,217.40900192260742,222.2220001220703,5.0116508822767365
2024-09-13,230.2899932861328,232.6699981689453,226.32000732421875,228.0,59515100,2.2899932861328125,0.20886633855723424,6.3499908447265625,218.21650161743165,226.13399963378907,1.798356747009349
2024-09-16,226.77999877929688,229.9600067138672,223.52999877929688,229.3000030517578,54323000,-2.5200042724609375,-1.5241628421408637,6.4300079345703125,218.7495018005371,228.23599853515626,2.2293616878984808
2024-09-17,227.8699951171875,234.57000732421875,226.5500030517578,229.4499969482422,66761600,-1.5800018310546875,0.4806404196833203,8.020004272460938,219.00700149536132,228.57599792480468,0.9712049146885604
2024-09-18,227.1999969482422,235.67999267578125,226.8800048828125,230.08999633789065,78010200,-2.889999389648466,-0.2940264990135111,8.79998779296875,219.31200103759767,228.38999633789064,0.8938264784053452
2024-09-19,243.9199981689453,244.2400054931641,232.1300048828125,234.0,102694600,9.919998168945312,7.359155565707187,12.110000610351591,220.34450073242186,231.21199645996094,3.5027694840767185
2024-09-20,238.25,243.9900054931641,235.9199981689453,241.5200042724609,99879100,-3.270004272460909,-2.324531900421767,8.070007324218778,221.7240005493164,232.8039978027344,3.855758227268861
2024-09-23,250.0,250.0,241.9199981689453,242.6100006103516,86927200,7.389999389648409,4.931794333683115,8.080001831054688,223.20800018310547,237.447998046875,3.9869747274413165
2024-09-24,254.2700042724609,257.19000244140625,249.0500030517578,254.0800018310547,88491000,0.19000244140622158,1.7080017089843746,8.139999389648438,225.26100006103516,242.72799987792968,3.9046211739459262
2024-09-25,257.0199890136719,257.04998779296875,252.27999877929688,252.5399932861328,65034300,4.4799957275390625,1.081521490936166,4.769989013671875,227.6514991760254,248.69199829101564,3.7224778691569735
2024-09-26,254.22000122070312,261.75,251.52999877929688,260.6000061035156,67142200,-6.3800048828125,-1.089404681602335,10.220001220703125,230.07499923706055,250.7519989013672,2.7968329815600708
2024-09-27,260.4599914550781,260.70001220703125,254.1199951171875,257.3800048828125,70988100,3.079986572265625,2.4545630573566513,6.58001708984375,232.78399887084962,255.19399719238282,2.185659362501848
2024-09-30,261.6300048828125,264.8599853515625,255.7700042724609,259.0400085449219,80705700,2.589996337890625,0.4492104223754234,9.089981079101591,235.15999908447264,257.51999816894534,1.3473368763709397
2024-10-01,258.0199890136719,263.9800109863281,248.52999877929688,262.6700134277344,87397600,-4.6500244140625,-1.3798172234708361,15.45001220703125,237.53099822998047,258.2699951171875,1.5833004424229564
2024-10-02,249.0200042724609,251.16000366210935,241.5,247.5500030517578,93983900,1.4700012207030966,-3.488095932262858,9.660003662109347,239.01149826049806,256.6699981689453,2.214687028707012
2024-10-03,240.66000366210935,249.7899932861328,237.80999755859372,244.47999572753903,80729200,-3.8199920654296875,-3.357160254966751,11.979995727539091,239.53599853515624,253.95799865722657,2.5448308880665276
2024-10-04,250.0800018310547,250.9600067138672,244.5800018310547,246.69000244140625,86573200,3.3899993896484375,3.914235030998836,6.3800048828125,241.50349884033204,251.8820007324219,3.077410663434947
2024-10-07,240.8300018310547,249.8300018310547,240.6999969482422,249.0,68113300,-8.169998168945312,-3.698816351676526,9.1300048828125,242.73149871826172,247.7220001220703,3.2215213129255567
2024-10-08,244.5,246.2100067138672,240.55999755859372,243.55999755859372,56303200,0.9400024414062784,1.5238957526229946,5.650009155273466,243.64799880981445,245.01800231933595,3.5195151127220825
2024-10-09,241.0500030517578,247.42999267578125,239.50999450683597,243.82000732421875,66289500,-2.7700042724609375,-1.4110416966225725,7.919998168945284,244.29399871826172,243.42400207519532,3.26923034795636
2024-10-10,238.7700042724609,242.7899932861328,232.33999633789065,241.80999755859372,83087100,-3.0399932861328125,-0.9458613360014523,10.449996948242159,244.74199905395508,243.04600219726564,2.921221736996479
2024-10-11,217.8000030517578,223.33999633789065,214.3800048828125,220.1300048828125,142628900,-2.3300018310546875,-8.782510719719294,8.959991455078153,244.11749954223632,236.59000244140626,3.8912526165320176
2024-10-14,219.16000366210935,221.91000366210935,213.7400054931641,220.1300048828125,86291900,-0.9700012207031534,0.6244263504570968,8.169998168945256,243.73649978637695,232.2560028076172,4.079289386690153
2024-10-15,219.57000732421875,224.25999450683597,217.1199951171875,220.00999450683597,62988800,-0.4399871826172159,0.18707960177877236,7.139999389648466,243.3215003967285,227.27000427246094,3.8441500366653587
2024-10-16,221.3300018310547,222.82000732421875,218.92999267578125,221.3999938964844,49632800,-0.06999206542971592,0.8015641700267029,3.8900146484375,243.02800064086915,223.3260040283203,4.059647006757678
2024-10-17,220.88999938964844,222.0800018310547,217.8999938964844,221.58999633789065,50791800,-0.6999969482422159,-0.1987992760882462,4.180007934570284,241.8765007019043,219.7500030517578,4.104303719589824
2024-10-18,220.6999969482422,222.27999877929688,219.22999572753903,220.7100067138672,49611900,-0.010009765625,-0.08601676940163117,3.050003051757841,240.9990005493164,220.3300018310547,0.4363142277981677
2024-10-21,218.8500061035156,220.47999572753903,215.72999572753903,218.8999938964844,47329000,-0.04998779296880684,-0.8382378207102748,4.75,239.44150085449218,220.26800231933595,0.5965428237431902
2024-10-22,217.97000122070312,218.22000122070312,215.25999450683597,217.30999755859372,43268700,0.6600036621094034,-0.4021041161845984,2.960006713867159,237.6265007019043,219.9480010986328,0.6018799545439585
2024-10-23,213.6499938964844,218.72000122070312,212.1100006103516,217.1300048828125,80938900,-3.4800109863280966,-1.9819274670942244,6.610000610351534,235.45800094604493,218.41199951171876,0.771258260238813
2024-10-24,260.4800109863281,262.1199951171875,242.6499938964844,244.67999267578125,204491900,15.800018310546875,21.919035070290406,19.470001220703097,235.77100143432617,226.3300018310547,10.19769421543043
2024-10-25,269.19000244140625,269.489990234375,255.32000732421875,256.010009765625,161611900,13.17999267578125,3.343823359841336,14.16998291015625,236.20750198364257,236.0280029296875,9.99074705664849
2024-10-28,262.510009765625,273.5400085449219,262.239990234375,270.0,107653600,-7.489990234375,-2.4815158866218545,11.300018310546875,236.2515022277832,244.76000366210937,10.230626074358803
2024-10-29,259.5199890136719,264.9800109863281,255.50999450683597,264.510009765625,80521800,-4.990020751953125,-1.139012091242797,9.470016479492159,236.3265022277832,253.07000122070312,10.316276824646321
2024-10-30,257.54998779296875,263.3500061035156,255.82000732421875,258.0400085449219,53993600,-0.490020751953125,-0.7590942139718337,7.529998779296875,236.75300140380858,261.85,10.154245855586609
2024-10-31,249.8500061035156,259.75,249.25,257.989990234375,66575300,-8.139984130859403,-2.9897037679701866,10.5,237.2125015258789,259.7239990234375,2.495498082087506
2024-11-01,248.97999572753903,254.0,246.6300048828125,252.0399932861328,57544800,-3.0599975585937784,-0.3482130697311736,7.3699951171875,237.15750122070312,255.68199768066407,1.1378700379325193
2024-11-04,242.83999633789065,248.8999938964844,238.8800048828125,244.55999755859372,68802400,-1.7200012207030682,-2.4660613282231014,10.019989013671903,237.25800094604492,251.74799499511718,1.1347016090447137
2024-11-05,251.44000244140625,255.27999877929688,246.2100067138672,247.33999633789065,69282500,4.100006103515597,3.541429020427689,9.069992065429688,237.60500106811523,250.13199768066406,2.5706476446001436
2024-11-06,288.5299987792969,289.5899963378906,275.6199951171875,284.6700134277344,165228700,3.8599853515625,14.751032444224466,13.970001220703125,239.9790008544922,256.3279998779297,7.315792405704841
2024-11-07,296.9100036621094,299.75,285.5199890136719,288.8900146484375,117309200,8.019989013671875,2.904379065700735,14.230010986328125,242.8860008239746,265.73999938964846,6.65561903072619
2024-11-08,321.2200012207031,328.7099914550781,297.6600036621094,299.1400146484375,204782800,22.079986572265625,8.187665372925302,31.04998779296875,248.05700073242187,280.18800048828126,6.4569514188211565
2024-11-11,350.0,358.6400146484375,336.0,346.29998779296875,210521600,3.70001220703125,8.959591143118995,22.6400146484375,254.5990005493164,301.6200012207031,4.791353605316628
2024-11-12,328.489990234375,345.8399963378906,323.3099975585937,342.739990234375,155726000,-14.25,-6.145717075892854,22.529998779296932,260.04499969482424,317.0299987792969,7.855987914715143
2024-11-13,330.239990234375,344.6000061035156,322.5,335.8500061035156,125405600,-5.610015869140625,0.5327407385385952,22.100006103515625,265.49049911499026,325.3719970703125,6.166567732224117
2024-11-14,311.17999267578125,329.9800109863281,310.3699951171875,327.69000244140625,120726100,-16.510009765625,-5.771559508909463,19.610015869140625,270.0049987792969,328.2259948730469,7.280709066491673
2024-11-15,320.7200012207031,324.67999267578125,309.2200012207031,310.57000732421875,114440300,10.149993896484375,3.0657525449785616,15.459991455078125,275.0059989929199,328.12599487304686,6.343412634717428
2024-11-18,338.739990234375,348.54998779296875,330.010009765625,340.7300109863281,126085600,-1.990020751953125,5.618604684798378,18.53997802734375,281.00049819946287,325.8739929199219,5.264834152069687
2024-11-19,346.0,347.3800048828125,332.75,335.760009765625,88852500,10.239990234375,2.1432396454288627,14.6300048828125,287.40199813842776,329.37599487304686,4.2693341742941735
2024-11-20,342.0299987792969,346.6000061035156,334.29998779296875,345.0,66340700,-2.970001220703125,-1.1473991967350106,12.300018310546875,293.82099838256835,331.73399658203124,4.391268810442492
2024-11-21,339.6400146484375,347.989990234375,335.2799987792969,343.8099975585937,58011700,-4.169982910156193,-0.6987644766217049,12.709991455078125,297.7789985656738,337.4260009765625,2.794306787354431
2024-11-22,352.5599975585937,361.5299987792969,337.70001220703125,341.0899963378906,89140700,11.470001220703068,3.8040225983177356,23.829986572265625,301.9474983215332,343.79400024414065,2.895818241316331
2024-11-25,338.5899963378906,361.9299926757813,338.20001220703125,360.1400146484375,95890900,-21.550018310546875,-3.9624464821427563,23.729980468750057,305.75149765014646,343.7640014648438,3.0234912791439137
2024-11-26,338.2300109863281,346.9599914550781,335.6600036621094,341.0,62295900,-2.769989013671875,-0.1063189566898104,11.29998779296875,309.6869987487793,342.2100036621094,2.7882111299767436
2024-11-27,332.8900146484375,342.54998779296875,326.5899963378906,341.79998779296875,57896400,-8.90997314453125,-1.5788061864523528,15.959991455078125,313.45400009155276,340.3820068359375,2.8227248781528376
2024-11-29,345.1600036621094,345.45001220703125,334.6499938964844,336.0799865722656,37167600,9.08001708984375,3.685898787510977,10.800018310546875,318.2194999694824,341.4860046386719,3.37574073689869
2024-12-02,357.0899963378906,360.0,351.1499938964844,352.3800048828125,77986500,4.709991455078125,3.4563659025395044,8.850006103515625,323.625,342.3920043945312,3.2897723504529326
2024-12-03,351.4200134277344,355.69000244140625,348.20001220703125,351.79998779296875,58267200,-0.379974365234375,-1.5878302299992542,7.489990234375,329.0540008544922,344.9580078125,2.625030558882136
2024-12-04,357.92999267578125,358.1000061035156,348.6000061035156,353.0,50810900,4.92999267578125,1.8524782309774723,9.5,334.3785003662109,348.89800415039065,2.6069359144501854
2024-12-05,369.489990234375,375.4299926757813,359.5,359.8699951171875,81403600,9.6199951171875,3.2296811653515167,15.929992675781307,338.42649993896487,356.21799926757814,2.1959400160447795
2024-12-06,389.2200012207031,389.489990234375,370.7999877929688,377.4200134277344,81455800,11.79998779296875,5.3397958017247005,18.690002441406193,343.04199981689453,365.0299987792969,2.5803280873609524
2024-12-09,389.7900085449219,404.7999877929688,378.010009765625,397.6099853515625,96359200,-7.819976806640625,0.14644862094215227,26.789978027343807,346.47050018310546,371.57000122070315,2.6827433193741914
2024-12-10,400.989990234375,409.7300109863281,390.8500061035156,392.6799926757813,97563600,8.309997558593693,2.873337295448497,18.8800048828125,349.0199996948242,381.48399658203124,1.90508325307788
2024-12-11,424.7699890136719,424.8800048828125,402.3800048828125,409.7000122070313,104287600,15.069976806640568,5.930322291934931,22.5,353.83399963378906,394.85199584960935,2.2914691569233017
2024-12-12,418.1000061035156,429.2999877929688,415.0,424.8399963378906,87752200,-6.739990234375,-1.5702575706076027,14.299987792968807,358.2270004272461,404.5739990234375,3.2429725496638726
2024-12-13,436.2300109863281,436.2999877929688,415.7099914550781,420.0,89000200,16.230010986328125,4.336284290396253,20.589996337890682,364.47950134277346,413.9760009765625,3.0521199047810974
2024-12-16,463.0199890136719,463.1900024414063,436.1499938964844,441.0899963378906,114083800,21.92999267578125,6.141250567967771,27.040008544921932,371.59450073242186,428.6219970703125,3.149339673818565
2024-12-17,479.8599853515625,483.989990234375,457.510009765625,475.8999938964844,131223000,3.959991455078125,3.6369912179738284,26.47998046875,378.65050048828124,444.39599609375,3.1272334179493493
2024-12-18,440.1300048828125,488.5400085449219,427.010009765625,466.5,149340800,-26.3699951171875,-8.27949436951747,61.529998779296875,383.35700073242185,447.46799926757814,5.8550000271490354
2024-12-19,436.1700134277344,456.3599853515625,420.0199890136719,451.8800048828125,118566100,-15.709991455078125,-0.8997322180141931,36.339996337890625,388.0640014648437,451.0820007324219,5.792972768265938
2024-12-20,421.05999755859375,447.0799865722656,417.6400146484375,425.510009765625,132216200,-4.45001220703125,-3.4642491239586515,29.439971923828125,392.13500061035154,448.047998046875,5.71535907971697
2024-12-23,430.6000061035156,434.510009765625,415.4100036621094,431.0,72698100,-0.399993896484375,2.2657123925894362,19.100006103515625,396.03700103759763,441.5640014648437,4.760097770373983
2024-12-24,462.2799987792969,462.7799987792969,435.1400146484375,435.8999938964844,59551800,26.3800048828125,7.357174228224572,27.639984130859375,402.221501159668,438.0480041503906,5.890612036352745
2024-12-26,454.1300048828125,465.3299865722656,451.0199890136719,465.1600036621094,76366400,-11.029998779296875,-1.7629994630971146,14.30999755859375,408.01650085449216,440.84800415039064,4.264267256508922
2024-12-27,431.6600036621094,450.0,426.5,449.5199890136719,82666800,-17.8599853515625,-4.947922616674816,23.5,412.95500030517576,439.9460021972656,4.969697901749438
2024-12-30,417.4100036621094,427.0,415.75,419.3999938964844,64941000,-1.989990234375,-3.301209257078741,11.25,416.56750030517577,439.21600341796875,4.942652396919545
2024-12-31,403.8399963378906,427.9299926757813,402.5400085449219,423.7900085449219,76825100,-19.95001220703125,-3.2510019417751113,25.389984130859432,418.9050003051758,433.86400146484374,4.904310442747777
2025-01-02,379.2799987792969,392.7300109863281,373.0400085449219,390.1000061035156,109710700,-10.82000732421875,-6.081615932376483,19.69000244140625,420.2979995727539,417.2640014648438,1.6732669731360699
2025-01-03,410.4400024414063,411.8800048828125,379.4500122070313,381.4800109863281,95423300,28.959991455078182,8.215567328200034,32.42999267578119,422.92350006103516,408.5260009765625,5.76379776393861
2025-01-06,411.0499877929688,426.4299926757813,401.7000122070313,423.2000122070313,85516500,-12.1500244140625,0.14861742226248698,24.72998046875,425.00149993896486,404.40399780273435,5.530025157805379
2025-01-07,394.3599853515625,414.3299865722656,390.0,405.8299865722656,75699500,-11.470001220703125,-4.060334007311162,24.329986572265625,425.2584991455078,399.793994140625,5.623640104863371
2025-01-08,394.9400024414063,402.5,387.3999938964844,392.9500122070313,73038800,1.989990234375,0.14707807875760093,15.100006103515625,425.51599884033203,398.0139953613281,5.488164586932799
2025-01-10,394.739990234375,399.2799987792969,377.2900085449219,391.3999938964844,62287300,3.339996337890625,-0.050643694180096954,21.989990234375,425.20349884033203,401.1059936523437,4.476484134263865
2025-01-13,403.30999755859375,403.7900085449219,380.0700073242188,383.2099914550781,67580500,20.100006103515625,2.1710512074366584,23.720001220703068,424.1304992675781,399.67999267578125,2.27515715763549
2025-01-14,396.3599853515625,422.6400146484375,394.5400085449219,414.3399963378906,84565000,-17.980010986328125,-1.7232432245921525,28.100006103515625,423.04349822998046,396.7419921875,2.3302875073869203
2025-01-15,428.2200012207031,429.7999877929688,405.6600036621094,409.8999938964844,81375500,18.32000732421875,8.038151439752795,24.139984130859432,422.6429977416992,403.5139953613281,3.7943250116964107
2025-01-16,413.8200073242188,424.0,409.1300048828125,423.489990234375,68335200,-9.669982910156193,-3.362756026209668,14.8699951171875,420.18299865722656,407.28999633789067,4.428866379049293
2025-01-17,426.5,439.739990234375,419.75,421.5,94991400,5.0,3.0641323404759113,19.989990234375,417.51499938964844,413.6419982910156,4.460533906466533
2025-01-21,424.0700073242188,433.2000122070313,406.30999755859375,432.6400146484375,87320900,-8.570007324218693,-0.5697520927974709,26.890014648437557,416.7119995117188,417.79400024414065,4.546156486579036
2025-01-22,415.1099853515625,428.0,414.5899963378906,416.80999755859375,60963300,-1.70001220703125,-2.112863871036752,13.410003662109375,415.6589981079102,421.54400024414065,4.609318102338931
2025-01-23,412.3800048828125,420.7300109863281,408.9500122070313,416.05999755859375,50690600,-3.67999267578125,-0.6576523247056931,11.779998779296818,415.2249984741211,418.3760009765625,2.4119517976445772
2025-01-24,406.5799865722656,418.8800048828125,405.7799987792969,414.4500122070313,56427100,-7.870025634765682,-1.406474184458839,13.100006103515625,414.0239974975586,416.92799682617186,2.0013844598712365
2025-01-27,397.1499938964844,406.6900024414063,389.0,394.7999877929688,58125500,2.350006103515568,-2.3193450212053546,17.690002441406307,410.76749725341796,411.05799560546876,0.8051289071881804
2025-01-28,398.0899963378906,400.5899963378906,386.5,396.9100036621094,48910700,1.17999267578125,0.23668700890153715,14.089996337890625,407.9654968261719,405.86199340820315,1.0575457930140661
2025-01-29,389.1000061035156,398.5899963378906,384.4800109863281,395.2099914550781,68033600,-6.1099853515625,-2.258280870425211,14.1099853515625,405.8374969482422,400.6599975585938,1.088682487476819
2025-01-30,400.2799987792969,412.5,384.4100036621094,410.7799987792969,98092900,-10.5,2.873295425445699,28.089996337890625,404.9809967041016,398.2399963378906,2.186155320821411
2025-01-31,404.6000061035156,419.989990234375,401.3399963378906,401.5299987792969,83283600,3.07000732421875,1.0792463618949588,18.649993896484375,405.0189971923828,397.8440002441406,2.231907447012024
2025-02-03,383.6799926757813,389.1700134277344,374.3599853515625,386.6799926757813,93732100,-3.0,-5.1705420445253285,14.810028076171875,405.238996887207,395.15,3.1309728346343206
2025-02-04,392.2099914550781,394.0,381.3999938964844,382.6300048828125,57072200,9.579986572265625,2.223206563315605,12.600006103515625,404.32749633789064,393.9739990234375,3.3868696862263836
2025-02-05,378.1700134277344,388.3900146484375,375.5299987792969,387.510009765625,57223300,-9.339996337890625,-3.5797094243459227,12.860015869140625,402.6834976196289,391.7880004882812,3.6258260462457343
2025-02-06,374.3200073242188,375.3999938964844,363.1799926757813,373.0299987792969,77918200,1.2900085449219318,-1.0180622383618165,12.220001220703068,401.6814987182617,386.59600219726565,3.0956107765862364
2025-02-07,361.6199951171875,380.5499877929688,360.3399963378906,370.1900024414063,70298300,-8.570007324218807,-3.392822173149601,20.209991455078182,400.01549835205077,378.0,2.8771298845762816
2025-02-10,350.7300109863281,362.7000122070313,350.510009765625,356.2099914550781,77514900,-5.47998046875,-3.0114441341470455,12.190002441406307,397.81499938964845,371.4100036621094,2.4474415011083606
2025-02-11,328.5,349.3699951171875,325.1000061035156,345.79998779296875,118543400,-17.29998779296875,-6.338211812502892,24.269989013671875,394.0744995117187,358.6680053710937,1.9017679164290826
2025-02-12,336.510009765625,346.3999938964844,329.1199951171875,329.94000244140625,105382700,6.57000732421875,2.43835913717656,17.279998779296875,391.0820007324219,350.33600463867185,3.244096774709491
2025-02-13,355.94000244140625,358.69000244140625,342.8500061035156,345.0,89441500,10.94000244140625,5.773971683431944,15.839996337890625,387.468000793457,346.6600036621094,4.897266186973819
2025-02-14,355.8399963378906,362.0,347.5,360.6199951171875,68277300,-4.779998779296875,-0.02809633725618932,14.5,384.5690002441406,345.50400390625,4.69721239148579
2025-02-18,354.1099853515625,359.1000061035156,350.0199890136719,355.010009765625,51631700,-0.9000244140625,-0.48617665358937634,9.08001708984375,380.9494995117187,346.17999877929685,4.4532177739138445
2025-02-19,360.55999755859375,367.3399963378906,353.6700134277344,354.0,67094400,6.55999755859375,1.8214714280444966,13.66998291015625,377.7739990234375,352.5919982910156,2.48570775287046
2025-02-20,354.3999938964844,362.2999877929688,348.0,361.510009765625,45965400,-7.110015869140625,-1.708454543992588,14.299987792968807,374.7384994506836,356.1699951171875,2.9171590075927356
2025-02-21,337.79998779296875,354.9800109863281,334.4200134277344,353.44000244140625,74058600,-15.6400146484375,-4.683974714842765,20.55999755859375,371.0094985961914,352.5419921875,2.410468671345691
2025-02-24,330.5299987792969,342.3999938964844,324.70001220703125,338.1400146484375,76052300,-7.610015869140625,-2.1521578674915554,17.699981689453125,367.20699920654295,347.47999267578126,2.3795780194977647
2025-02-25,302.79998779296875,328.8900146484375,297.25,327.0199890136719,134228800,-24.220001220703125,-8.38955952220366,31.6400146484375,362.4894989013672,337.2179931640625,3.7919024321764585
2025-02-26,290.79998779296875,309.0,288.0400085449219,303.7099914550781,100118300,-12.910003662109375,-3.9630120487999076,20.959991455078125,357.12499847412107,323.2659912109375,2.6571669450765376
2025-02-27,281.95001220703125,297.2300109863281,280.8800048828125,291.1600036621094,101748200,-9.209991455078125,-3.0433204805490277,16.350006103515625,351.7674987792969,308.7759948730469,2.401603202779436
2025-02-28,292.9800109863281,293.8800048828125,273.6000061035156,279.5,115697000,13.480010986328125,3.912040539724382,20.279998779296875,346.4024993896484,299.81199951171874,4.418700808363644
2025-03-03,284.6499938964844,303.94000244140625,277.29998779296875,300.3399963378906,115551400,-15.69000244140625,-2.843203214376444,26.6400146484375,340.4049987792969,290.63599853515626,4.407009737339354
2025-03-04,272.0400085449219,284.3500061035156,261.8399963378906,270.92999267578125,126706600,1.110015869140625,-4.429996705409467,22.510009765625,334.82299957275393,284.4840026855469,3.4089229552950644
2025-03-05,279.1000061035156,279.54998779296875,267.7099914550781,272.9200134277344,94042900,6.17999267578125,2.5952056083059283,11.839996337890625,329.1675003051758,282.1440063476563,3.7452474598978096
2025-03-06,263.45001220703125,272.6499938964844,260.0199890136719,272.0599975585937,98451600,-8.609985351562443,-5.60730689868919,12.6300048828125,323.43150024414064,278.4440063476562,4.2739334635499615
2025-03-07,262.6700134277344,266.25,250.72999572753903,259.32000732421875,102369600,3.350006103515625,-0.29607088371812473,15.520004272460966,317.84900054931643,272.3820068359375,3.300766161968141
2025-03-10,222.1499938964844,253.3699951171875,220.0,252.5399932861328,189076900,-30.38999938964841,-15.426206822195109,33.3699951171875,310.87550048828126,259.88200683593755,6.865488114015931
2025-03-11,230.5800018310547,237.05999755859372,217.0200042724609,225.30999755859372,174896400,5.270004272460966,3.7947369642955975,20.039993286132812,304.8680000305176,251.59000549316406,7.842097065105104
2025-03-12,248.08999633789065,251.83999633789065,241.1000061035156,247.22000122070312,142215700,0.8699951171875284,7.593891216839133,10.739990234375057,300.8474998474121,245.38800354003905,8.969393723437125
2025-03-13,240.67999267578125,248.2899932861328,232.6000061035156,248.1300048828125,114813500,-7.45001220703125,-2.986820819658209,15.689987182617216,296.0559989929199,240.83399963378906,8.779606607455298
2025-03-14,249.97999572753903,251.5800018310547,240.72999572753903,247.30999755859372,100242300,2.6699981689453125,3.8640532386444715,10.850006103515653,290.75799865722655,238.29599609375,9.108917577759499
2025-03-17,238.00999450683597,245.3999938964844,232.8000030517578,245.05999755859372,111900600,-7.050003051757756,-4.7883836408052165,12.599990844726591,284.86649856567385,241.4679962158203,5.188094641516096
2025-03-18,225.30999755859372,230.1000061035156,222.27999877929688,228.16000366210935,111477600,-2.850006103515625,-5.335909096824709,7.820007324218722,278.4264991760254,240.41399536132812,5.752676334070185
2025-03-19,235.8600006103516,241.41000366210935,229.1999969482422,231.6100006103516,111993800,4.25,4.682438935722,12.210006713867159,272.1914993286133,237.9679962158203,4.822100956372924
2025-03-20,236.25999450683597,238.0,230.0500030517578,233.3500061035156,99028300,2.9099884033203693,0.16958954271570903,7.9499969482421875,266.28449935913085,237.08399658203126,4.687452254590765
2025-03-21,248.7100067138672,249.5200042724609,234.5500030517578,234.9900054931641,132728700,13.720001220703097,5.269623506518362,14.970001220703097,261.83000030517576,236.8299987792969,5.028008285758083
2025-03-24,278.3900146484375,278.6400146484375,256.3299865722656,258.0799865722656,169079900,20.310028076171875,11.933580126800525,22.310028076171875,259.22300109863284,244.9060028076172,6.416736612504716
2025-03-25,288.1400146484375,288.20001220703125,271.2799987792969,283.6000061035156,150361500,4.540008544921875,3.5022807884516727,16.920013427734375,258.49000244140626,257.4720062255859,4.294238556929471
2025-03-26,272.0599975585937,284.8999938964844,266.510009765625,282.6600036621094,153629800,-10.600006103515682,-5.580626179068949,18.389984130859375,257.5530029296875,264.7120056152344,6.458199435905377
2025-03-27,273.1300048828125,291.8500061035156,271.82000732421875,272.4800109863281,162572100,0.649993896484375,0.39329829222261026,20.029998779296875,257.11200256347655,272.0860076904297,6.433907695037868
2025-03-28,263.54998779296875,276.1000061035156,260.57000732421875,275.5799865722656,123809400,-12.029998779296875,-3.507493471452938,15.529998779296875,255.6405014038086,275.05400390625,6.877291709890338
2025-03-31,259.1600036621094,260.5599975585937,243.3600006103516,249.30999755859372,134008900,9.850006103515653,-1.6657121359109794,17.199996948242102,254.36600189208986,271.2080017089844,3.508348049835204
2025-04-01,268.4599914550781,277.45001220703125,259.25,263.79998779296875,146486900,4.660003662109375,3.5885119854736525,18.20001220703125,254.18700103759767,267.2719970703125,3.538380373705993
2025-04-02,282.760009765625,284.989990234375,251.2700042724609,254.6000061035156,212787800,28.160003662109403,5.326685079977622,33.71998596191409,254.37000122070313,269.41199951171876,3.6422060233467066
2025-04-03,267.2799987792969,276.29998779296875,261.510009765625,265.2900085449219,136174300,1.989990234375,-5.474611137253548,14.78997802734375,254.5615005493164,268.24199829101565,4.628689676808232
2025-04-04,239.42999267578125,261.0,236.0,255.3800048828125,181229400,-15.95001220703125,-10.419786826814681,25.0,253.39949951171874,263.4179992675781,6.4734459423933695
2025-04-07,233.2899932861328,252.0,214.25,223.77999877929688,183453800,9.509994506835938,-2.5644236634809525,37.75,253.95649948120118,258.24399719238284,6.483718678368749
2025-04-08,221.8600006103516,250.44000244140625,217.8000030517578,245.0,171603500,-23.13999938964841,-4.899478333715845,32.63999938964844,253.520499420166,248.9239990234375,5.754785577773873
2025-04-09,272.20001220703125,274.69000244140625,223.8800048828125,224.69000244140625,219433400,47.510009765625,22.689989839624513,50.80999755859375,254.72600021362305,246.81199951171874,13.075461679490518
2025-04-10,252.3999938964844,262.489990234375,239.3300018310547,260.0,181722600,-7.600006103515597,-7.2740695894926155,23.159988403320312,255.3120002746582,243.8359985351563,13.282346038565933
2025-04-11,252.30999755859372,257.739990234375,241.3600006103516,251.83999633789065,128948100,0.47000122070306816,-0.03565623615965352,16.37998962402341,255.42850036621093,246.41199951171876,12.101615572253829
2025-04-14,252.3500061035156,261.79998779296875,245.92999267578125,258.3599853515625,100135200,-6.009979248046903,0.015856900364230597,15.8699951171875,256.14550094604493,250.2240020751953,11.934385582980413
2025-04-15,254.1100006103516,258.75,247.5399932861328,249.91000366210935,79594300,4.199996948242244,0.6974418324816822,11.210006713867188,257.5855010986328,256.6740020751953,11.36260448638485
2025-04-16,241.5500030517578,251.97000122070312,233.88999938964844,247.6100006103516,112378700,-6.059997558593778,-4.94274035985427,18.080001831054688,257.8700012207031,250.54400024414062,3.5777172008058127
2025-04-17,241.3699951171875,244.33999633789065,237.67999267578125,243.47000122070312,83404800,-2.100006103515625,-0.07452201709629014,6.660003662109403,258.1255012512207,248.33800048828124,2.2998762778185187
2025-04-21,227.5,232.2100067138672,222.7899932861328,230.25999450683597,97768000,-2.759994506835966,-5.746362595919797,9.420013427734375,257.0650009155273,243.3760009765625,3.0717171063002655
2025-04-22,237.97000122070312,242.7899932861328,229.8500061035156,230.9600067138672,120858500,7.0099945068359375,4.602198338770602,12.939987182617216,255.04400024414062,240.5,4.276463128461608
2025-04-23,250.7400054931641,259.45001220703125,244.42999267578125,254.8600006103516,150381900,-4.1199951171875,5.366224400956132,15.02001953125,253.17399978637695,239.8260009765625,5.17945565267798
2025-04-24,259.510009765625,259.5400085449219,249.1999969482422,250.5,94464200,9.010009765625,3.49764859229853,10.340011596679688,252.5465003967285,243.41800231933593,4.5701914666434815
2025-04-25,284.95001220703125,286.8500061035156,259.6300048828125,261.69000244140625,167560700,23.260009765625,9.803091011549903,27.220001220703125,253.13750076293945,252.13400573730468,5.6991603287510415
2025-04-28,285.8800048828125,294.8599853515625,272.4200134277344,288.9800109863281,151731800,-3.100006103515625,0.32637046356942534,22.439971923828125,254.25400161743164,263.8100067138672,3.430284861189447
2025-04-29,292.0299987792969,293.32000732421875,279.4700012207031,285.5,108906600,6.529998779296875,2.1512501019458785,13.850006103515625,255.89750137329102,274.62200622558595,3.620987666634851
2025-04-30,282.1600036621094,284.45001220703125,270.7799987792969,279.8999938964844,128961100,2.260009765625,-3.3797880897321053,13.670013427734375,256.5825019836426,280.906005859375,4.841140964310024
2025-05-01,280.5199890136719,290.8699951171875,279.8099975585937,280.010009765625,99659000,0.509979248046875,-0.5812356915055328,11.059997558593807,256.4705009460449,285.1080017089844,4.968710836774216
2025-05-02,287.2099914550781,294.7799987792969,279.8099975585937,284.8999938964844,114454700,2.30999755859375,2.3848576584252656,14.970001220703182,257.467000579834,285.55999755859375,2.3462853177780776
2025-05-05,280.260009765625,284.8500061035156,274.3999938964844,284.57000732421875,94618900,-4.30999755859375,-2.4198258752220814,10.45001220703125,259.50850143432615,284.4359985351563,2.6101325754836933
2025-05-06,275.3500061035156,277.7300109863281,271.3500061035156,273.1099853515625,76715800,2.240020751953125,-1.7519458684867262,6.3800048828125,261.6115020751953,281.1,2.2229182486401386
2025-05-07,276.2200012207031,277.9200134277344,271.0,276.8800048828125,71592600,-0.660003662109375,0.3159597232260225,6.920013427734375,264.3295021057129,279.91199951171876,1.8846608657822528
2025-05-08,284.82000732421875,289.79998779296875,279.4100036621094,279.6300048828125,97539400,5.19000244140625,3.1134624811778533,10.389984130859375,264.96050186157225,280.7720031738281,2.4426589112880706
2025-05-09,298.260009765625,307.0400085449219,290.0,290.2099914550781,132387800,8.050018310546875,4.718770485146129,17.040008544921875,267.2535026550293,282.9820068359375,3.0750106074893067
2025-05-12,318.3800048828125,322.2099914550781,311.5,321.989990234375,112826700,-3.6099853515625,6.745790403815088,10.709991455078125,270.55700302124023,290.606005859375,3.3945783270600667
2025-05-13,334.07000732421875,337.5899963378906,316.79998779296875,320.0,136992600,14.07000732421875,4.928074062685361,20.790008544921875,274.6430030822754,302.3500061035156,2.4119020616444886
2025-05-14,347.67999267578125,350.0,337.0,342.5,136997300,5.17999267578125,4.073991993646375,13.0,279.3215026855469,316.6420043945312,1.3365377795752345
2025-05-15,342.82000732421875,346.1400146484375,334.7200012207031,340.3399963378906,97882600,2.480010986328125,-1.3978329078298546,11.420013427734375,284.38500289916993,328.24200439453125,3.07757873274072
2025-05-16,349.9800109863281,351.6199951171875,342.3299865722656,346.239990234375,95895700,3.740020751953125,2.08856061756566,9.290008544921875,289.815503692627,338.58600463867185,3.108843245212212
2025-05-19,342.0899963378906,343.0,333.3699951171875,336.29998779296875,88869900,5.790008544921875,-2.2544186527114873,9.6300048828125,295.5450035095215,343.3280029296875,3.2099791907176094
2025-05-20,343.82000732421875,354.989990234375,341.6300048828125,347.8699951171875,131715500,-4.04998779296875,0.5057180873010214,13.3599853515625,300.83750381469724,345.2780029296875,2.570618262847875
2025-05-21,334.6199951171875,347.3500061035156,332.20001220703125,344.42999267578125,102354800,-9.80999755859375,-2.6758222357769146,15.149993896484375,305.03150329589846,342.66600341796874,2.0016215936999817
2025-05-22,341.0400085449219,347.2699890136719,331.3900146484375,331.8999938964844,97113400,9.1400146484375,1.9185982671137136,15.879974365234375,309.1080032348633,342.31000366210935,2.264202128733923
2025-05-23,339.3399963378906,343.17999267578125,333.2099914550781,337.9200134277344,84654800,1.41998291015625,-0.49847881903489766,9.970001220703125,311.82750244140624,340.1820007324219,1.9119617821075594
2025-05-27,362.8900146484375,363.7900085449219,347.32000732421875,347.3500061035156,120146400,15.540008544921875,6.939947711644767,16.470001220703125,315.6780029296875,344.3420043945313,3.6001743599838587
2025-05-28,356.8999938964844,365.0,355.9100036621094,364.8399963378906,91404300,-7.94000244140625,-1.6506435862546853,9.089996337890625,318.9215026855469,346.9580017089844,3.831547847149957
2025-05-29,358.42999267578125,367.7099914550781,356.0,365.2900085449219,88087800,-6.860015869140625,0.42869117552875036,11.709991455078125,322.7350021362305,351.7200012207031,3.3470225060047962
2025-05-30,346.4599914550781,363.6799926757813,345.2900085449219,355.5199890136719,123474900,-9.05999755859375,-3.3395646193957407,18.389984130859432,326.0320022583008,352.8039978027344,3.9295548027822296
2025-06-02,342.69000244140625,348.0199890136719,333.3299865722656,343.5,81873800,-0.80999755859375,-1.088145559849063,14.69000244140625,328.8060028076172,353.4739990234375,3.9709904331501553
2025-06-03,344.2699890136719,355.3999938964844,343.0400085449219,346.6000061035156,99324500,-2.33001708984375,0.46105417753929956,12.3599853515625,332.00650177001955,349.7499938964844,1.5869304082469264
2025-06-04,332.04998779296875,345.6000061035156,327.3299865722656,345.1000061035156,98912100,-13.050018310546875,-3.5495400733921767,18.27001953125,334.8415008544922,344.7799926757813,1.9548522500099828
2025-06-05,284.70001220703125,324.54998779296875,273.2099914550781,322.489990234375,287499800,-37.78997802734375,-14.259893789082124,51.339996337890625,335.26550140380857,330.03399658203125,5.780430589824578
2025-06-06,295.1400146484375,305.5,291.1400146484375,298.8299865722656,164747700,-3.689971923828125,3.6670186138995975,14.3599853515625,335.78150177001953,319.77000122070314,6.840317931450701
2025-06-09,308.5799865722656,309.8299865722656,281.8500061035156,285.9599914550781,140908900,22.6199951171875,4.553761352840424,27.97998046875,336.29750061035156,312.947998046875,7.643257309768808
2025-06-10,326.0899963378906,327.8299865722656,310.6700134277344,314.94000244140625,151256500,11.149993896484375,5.674382827003055,17.15997314453125,336.6830001831055,309.31199951171874,8.355565367605525
2025-06-11,326.42999267578125,335.5,322.5,334.3999938964844,122611400,-7.970001220703125,0.10426457165473302,13.0,336.3009994506836,308.18800048828126,8.211642068824126
2025-06-12,319.1099853515625,332.5599975585937,316.8599853515625,323.0799865722656,105127500,-3.970001220703125,-2.242443246166159,15.700012207031193,334.8724990844727,315.0699951171875,3.308189691428772
2025-06-13,325.3099975585937,332.989990234375,313.29998779296875,313.9700012207031,128964300,11.339996337890568,1.9429076154419578,19.69000244140625,333.9969985961914,321.10399169921874,3.2255994454450527
2025-06-16,329.1300048828125,332.04998779296875,326.4100036621094,331.2900085449219,83925900,-2.160003662109375,1.1742668079331775,5.639984130859375,332.9544982910156,325.2139953613281,2.8956150695561034
2025-06-17,316.3500061035156,327.260009765625,314.739990234375,326.0899963378906,88282700,-9.739990234375,-3.8829637497946212,12.52001953125,331.66749877929686,323.2659973144531,2.428168898762394
2025-06-18,322.04998779296875,329.32000732421875,315.45001220703125,317.3099975585937,95137700,4.739990234375057,1.80179597897272,13.8699951171875,330.57899780273436,322.38999633789064,2.655895453129335
2025-06-20,322.1600036621094,332.3599853515625,317.7799987792969,327.95001220703125,108688000,-5.790008544921875,0.03416111576173275,14.579986572265625,329.9559982299805,323.0,2.410901488125334
2025-06-23,348.67999267578125,357.5400085449219,327.4800109863281,327.5400085449219,190716800,21.139984130859375,8.231930938729072,30.05999755859375,330.33799743652344,327.6739990234375,4.3771307390106395
2025-06-24,340.4700012207031,356.260009765625,340.44000244140625,356.1700134277344,114736200,-15.70001220703125,-2.3545920693855638,15.82000732421875,330.3944976806641,329.94199829101564,4.70902179419343
2025-06-25,327.54998779296875,343.0,320.3999938964844,342.70001220703125,119845100,-15.1500244140625,-3.7947582404945,22.600006103515625,328.62749633789065,332.18199462890624,4.687366772785726
2025-06-26,325.7799987792969,331.04998779296875,323.6099853515625,324.6099853515625,80440900,1.170013427734375,-0.5403721812350049,7.44000244140625,327.0714965820313,332.92799682617186,4.677209685620127
2025-06-27,323.6300048828125,329.3399963378906,317.5,324.510009765625,89067000,-0.8800048828125,-0.6599526995335614,11.839996337890625,325.3314971923828,333.2219970703125,4.697894355876092
2025-06-30,317.6600036621094,325.5799865722656,316.6000061035156,319.8999938964844,76695100,-2.239990234375,-1.8446995428822777,8.97998046875,323.89149780273436,327.01799926757815,1.338604182747909
2025-07-01,300.7099914550781,305.8900146484375,293.2099914550781,298.4599914550781,145085700,2.25,-5.335897504131726,12.680023193359375,321.792497253418,319.0659973144531,2.0828472597474454
2025-07-02,315.6499938964844,316.8299865722656,303.82000732421875,312.6300048828125,119483700,3.019989013671875,4.968242780731846,13.009979248046875,320.3614974975586,316.6859985351563,3.7066298295802054
2025-07-03,315.3500061035156,318.45001220703125,312.760009765625,317.989990234375,58042300,-2.639984130859375,-0.09503811144286889,5.69000244140625,319.52649841308596,314.6,3.7162379281050444
2025-07-07,293.94000244140625,296.1499938964844,288.7699890136719,291.3699951171875,131177900,2.57000732421875,-6.789282780315342,7.3800048828125,319.9884979248047,308.66199951171876,4.639818100797031
2025-07-08,297.8099975585937,304.04998779296875,294.3500061035156,297.0,103246700,0.8099975585936932,1.3165935514200422,9.699981689453125,320.1219970703125,304.69199829101564,4.846294923643703
2025-07-09,295.8800048828125,300.1499938964844,293.54998779296875,297.54998779296875,75586800,-1.66998291015625,-0.6480617479611261,6.600006103515625,319.4869979858398,303.7260009765625,4.261131231636553
2025-07-10,309.8699951171875,310.4800109863281,300.0,300.04998779296875,104365300,9.82000732421875,4.72826483827995,10.480010986328125,318.6759979248047,302.57000122070315,4.188398805765758
2025-07-11,313.510009765625,314.0899963378906,305.6499938964844,307.8900146484375,79236400,5.6199951171875,1.174690904506881,8.44000244140625,318.0299987792969,302.202001953125,4.24189413555864
2025-07-14,316.8999938964844,322.6000061035156,312.6700134277344,317.7300109863281,78043400,-0.83001708984375,1.0813001260769006,9.92999267578125,317.919499206543,306.79400024414065,1.9586964952475823
2025-07-15,310.7799987792969,321.20001220703125,310.5,319.67999267578125,77556300,-8.899993896484375,-1.9312070795389769,10.70001220703125,317.1929992675781,309.38800048828125,2.5087028376740665
2025-07-16,321.6700134277344,323.5,312.6199951171875,312.79998779296875,97284800,8.870025634765625,3.5040912192586537,10.8800048828125,316.8199996948242,314.54600219726564,2.562658975378277
2025-07-17,319.4100036621094,324.3399963378906,317.0599975585937,323.1499938964844,73922900,-3.739990234375,-0.7025863995037018,7.279998779296932,316.9729995727539,316.45400390625,2.067378538984482
2025-07-18,329.6499938964844,330.8999938964844,321.4200134277344,321.6600036621094,94255000,7.989990234375,3.205907804067243,9.47998046875,317.3529998779297,319.6820007324219,2.378493513160635
2025-07-21,328.489990234375,338.0,326.8800048828125,334.3999938964844,75768800,-5.910003662109375,-0.35188948387289143,11.1199951171875,317.669499206543,322.0,2.45608472671387
2025-07-22,332.1099853515625,335.4100036621094,321.54998779296875,329.739990234375,77370400,2.3699951171875,1.10201078413521,13.860015869140625,316.840998840332,326.2659973144531,1.9529163320539926
2025-07-23,332.5599975585937,336.20001220703125,328.6700134277344,330.8999938964844,92553800,1.6600036621093182,0.13550095657461902,7.529998779296875,316.44549865722655,328.44399414062497,1.567729182237897
2025-07-24,305.29998779296875,310.1499938964844,300.4100036621094,310.0,156966000,-4.70001220703125,-8.197020076301275,9.739990234375,315.33299865722654,325.6219909667969,4.3432300138435
2025-07-25,316.0599975585937,323.6300048828125,308.010009765625,308.739990234375,148227000,7.320007324218693,3.52440556693423,15.6199951171875,314.8469985961914,322.90399169921875,4.4187363904690615
2025-07-28,325.5899963378906,330.489990234375,315.69000244140625,318.45001220703125,112673800,7.139984130859375,3.0152499060024818,14.79998779296875,314.9449981689453,322.32399291992186,4.740828981293741
2025-07-29,321.20001220703125,326.25,318.25,325.54998779296875,87358900,-4.3499755859375,-1.3483166498468035,8.0,315.1219985961914,320.1419982910156,4.71415517451478
2025-07-30,319.0400085449219,324.45001220703125,311.6199951171875,322.17999267578125,83931900,-3.139984130859375,-0.6724793213012448,12.83001708984375,316.0384994506836,317.43800048828126,4.697571657532848
2025-07-31,308.2699890136719,321.3699951171875,306.1000061035156,319.6099853515625,85270900,-11.339996337890625,-3.3757582882378623,15.269989013671875,315.669499206543,318.03200073242186,2.9545626057607772
2025-08-01,302.6300048828125,309.3099975585937,297.82000732421875,306.2099914550781,89121400,-3.579986572265625,-1.829559909125389,11.489990234374943,315.0334991455078,315.34600219726565,2.3747987354569133
2025-08-04,309.260009765625,312.1199951171875,303.0,309.0799865722656,78683900,0.180023193359375,2.190795617037322,9.1199951171875,315.79949951171875,312.0800048828125,2.045844480904168
2025-08-05,308.7200012207031,312.45001220703125,305.5,308.95001220703125,57961300,-0.230010986328125,-0.17461311772288823,6.95001220703125,316.3449996948242,309.58400268554686,2.0641537602756594
2025-08-06,319.9100036621094,320.4700012207031,306.92999267578125,307.8900146484375,78523600,12.019989013671875,3.624644466558724,13.540008544921875,317.54649963378904,309.75800170898435,2.8580247807560113
2025-08-07,322.2699890136719,322.3999938964844,316.1600036621094,319.7900085449219,66658700,2.47998046875,0.7377028928595486,6.239990234375,318.16649932861327,312.55800170898436,2.10481544227708
2025-08-08,329.6499938964844,335.1499938964844,320.9800109863281,321.42999267578125,91200300,8.220001220703125,2.290006868278205,14.16998291015625,318.97349853515624,317.9619995117188,1.4771386108667477
2025-08-11,339.0299987792969,346.6400146484375,334.1499938964844,335.0,105320200,4.029998779296875,2.845443669493286,12.490020751953125,320.0799987792969,323.91599731445314,1.5547563357785126
2025-08-12,340.8399963378906,345.260009765625,332.94000244140625,345.0,80522100,-4.160003662109375,0.5338753399730889,12.32000732421875,321.58299865722654,330.3399963378906,1.3398753198804414
2025-08-13,339.3800048828125,348.9800109863281,338.20001220703125,341.5,67838900,-2.1199951171875,-0.42835097722239146,10.779998779296875,322.46849822998047,334.23399658203124,1.34205779477433
2025-08-14,335.5799865722656,340.4700012207031,330.3999938964844,335.760009765625,75000700,-0.180023193359375,-1.1196942235471519,10.07000732421875,323.2769973754883,336.89599609375,1.7077699524455332
2025-08-15,330.5599975585937,339.29998779296875,327.0199890136719,337.6600036621094,74319800,-7.100006103515682,-1.49591430196655,12.279998779296875,323.32249755859374,337.0779968261719,1.7345055972740955
2025-08-18,335.1600036621094,336.2699890136719,329.5899963378906,329.6199951171875,56956600,5.540008544921875,1.3915797850586165,6.67999267578125,323.65599822998047,336.3039978027344,1.1880936496113352
2025-08-19,329.3099975585937,340.54998779296875,327.8500061035156,335.7900085449219,75956000,-6.480010986328182,-1.7454368181154867,12.699981689453125,323.51599884033203,333.997998046875,1.2598583109615948
2025-08-20,323.8999938964844,331.3699951171875,314.6000061035156,329.2200012207031,77481800,-5.32000732421875,-1.6428300696053832,16.769989013671875,323.08299865722654,330.90199584960936,1.3151763363282953
2025-08-21,320.1099853515625,324.8999938964844,318.67999267578125,322.0799865722656,55744400,-1.970001220703125,-1.170116892973183,6.220001220703125,323.82349853515626,327.80799560546876,1.3172584578688191
2025-08-22,340.010009765625,340.25,319.69000244140625,321.6600036621094,94016300,18.350006103515625,6.2166209505171155,20.55999755859375,325.0209991455078,329.697998046875,3.3851590625770367
2025-08-25,346.6000061035156,349.5299987792969,335.0299987792969,338.8999938964844,86670000,7.70001220703125,1.9381771561470362,14.5,326.0714996337891,331.9859985351562,3.4252985781192984
2025-08-26,351.6700134277344,351.8999938964844,343.7200012207031,344.92999267578125,76651600,6.740020751953125,1.462783391499567,8.17999267578125,327.5949996948242,336.4580017089844,3.136482740655175
2025-08-27,349.6000061035156,355.3900146484375,349.1600036621094,351.94000244140625,65519000,-2.339996337890625,-0.5886220733017145,6.230010986328125,329.1229995727539,341.59800415039064,2.9114433826566275
2025-08-28,345.9800109863281,353.54998779296875,340.260009765625,350.9100036621094,67903200,-4.92999267578125,-1.0354676927882056,13.28997802734375,331.00850067138674,346.7720092773437,2.88019657555286
2025-08-29,333.8699951171875,348.75,331.70001220703125,347.2300109863281,81145700,-13.360015869140625,-3.5002067994093333,17.04998779296875,332.5705001831055,345.54400634765625,2.1778662412777696
2025-09-02,329.3599853515625,333.3299865722656,325.6000061035156,328.2300109863281,58392000,1.129974365234375,-1.350828116207925,7.72998046875,333.5754989624023,342.09600219726565,1.7755193419601696
2025-09-03,334.0899963378906,343.3299865722656,328.510009765625,335.20001220703125,88733300,-1.110015869140625,1.436121932444001,14.819976806640625,334.84399871826173,338.5799987792969,1.7662806960946253
2025-09-04,338.5299987792969,338.8900146484375,331.4800109863281,336.1499938964844,60711000,2.3800048828125,1.328983953448204,7.410003662109375,335.7749984741211,336.3659973144531,2.063274014429733
2025-09-05,350.8399963378906,355.8699951171875,344.67999267578125,348.0,108989800,2.839996337890625,3.6363092201525005,11.19000244140625,337.20349884033203,337.33799438476564,2.7679793075965744
2025-09-08,346.3999938964844,358.44000244140625,344.8399963378906,354.6400146484375,75208300,-8.240020751953125,-1.265534855703887,13.600006103515625,338.040998840332,339.843994140625,2.0983553343544177
2025-09-09,346.9700012207031,350.7699890136719,343.82000732421875,348.44000244140625,53816000,-1.470001220703125,0.1645517708609212,6.949981689453125,338.43799896240233,343.3659973144531,1.8070092094366053
2025-09-10,347.7900085449219,356.3299865722656,346.07000732421875,350.54998779296875,72121700,-2.759979248046875,0.23633378140295314,10.259979248046875,338.7854995727539,346.1059997558594,1.8241708031074835
2025-09-11,368.80999755859375,368.989990234375,347.6000061035156,350.1700134277344,103756000,18.639984130859375,6.043873744853956,21.389984130859375,340.25699920654296,352.16199951171876,2.995535730599222
2025-09-12,395.9400024414063,396.6900024414063,370.239990234375,370.9400024414063,168156400,25.0,7.356092584909479,26.450012207031307,343.275,361.1820007324219,3.901864387185184
2025-09-15,410.0400085449219,425.7000122070313,402.4299926757813,423.1300048828125,163823700,-13.089996337890625,3.561147147692445,23.27001953125,347.2490005493164,373.9100036621094,3.283192267022352
2025-09-16,421.6199951171875,423.25,411.4299926757813,414.5,104285700,7.1199951171875,2.8241113869250656,11.820007324218693,351.57200012207034,388.8400024414062,2.792005266367391
2025-09-17,425.8599853515625,428.30999755859375,409.6700134277344,415.75,106133500,10.1099853515625,1.005642588937583,18.639984130859375,356.3994995117188,404.45399780273436,2.542497060920952
2025-09-18,416.8500061035156,432.2200012207031,416.55999755859375,428.8699951171875,90454500,-12.019989013671875,-2.1157139806429193,15.660003662109375,361.0470001220703,414.06199951171874,3.476607160836406
2025-09-19,426.0700073242188,429.4700012207031,421.7200012207031,421.8200073242188,93131000,4.25,2.2118270566640286,7.75,366.3450012207031,420.08800048828124,2.226322045522122
2025-09-22,434.2099914550781,444.9800109863281,429.1300048828125,431.1099853515625,97108800,3.100006103515625,1.910480435358397,15.850006103515625,371.0550003051758,424.9219970703125,1.948890185108179
2025-09-23,425.8500061035156,440.9700012207031,423.7200012207031,439.8800048828125,83422700,-14.029998779296875,-1.9253323313789705,17.25,375.01750030517576,425.76799926757815,2.091668575128389
2025-09-24,442.7900085449219,444.2099914550781,429.0299987792969,429.8299865722656,93133600,12.96002197265625,3.977927016229388,15.17999267578125,379.57350006103513,429.15400390625,2.704337545526861
2025-09-25,423.3900146484375,435.3500061035156,419.0799865722656,435.239990234375,96746400,-11.8499755859375,-4.381307961359793,16.27001953125,383.26300048828125,430.4620056152344,3.4141391947850437
2025-09-26,440.3999938964844,440.4700012207031,421.0199890136719,428.2999877929688,101628200,12.100006103515568,4.01756741055197,19.45001220703125,387.98399963378904,433.3280029296875,3.7391980727388408
2025-09-29,443.2099914550781,450.9800109863281,439.5,444.3500061035156,79491500,-1.1400146484375,0.638055766924972,11.480010986328125,393.4509994506836,435.1280029296875,3.6807515709283907
2025-09-30,444.7200012207031,445.0,433.1199951171875,441.5199890136719,74358000,3.20001220703125,0.34069849388267404,11.8800048828125,399.2190002441406,438.902001953125,3.4447344026630415
2025-10-01,459.4599914550781,462.2900085449219,440.75,443.7999877929688,98122300,15.660003662109318,3.3144428390707636,21.540008544921875,405.4875,442.2359985351562,3.3074651757541322
2025-10-02,436.0,470.75,435.5700073242188,470.5400085449219,137009000,-34.540008544921875,-5.105992228133283,35.17999267578119,410.36100006103516,444.75799560546875,3.593974590015865
2025-10-03,429.8299865722656,446.7699890136719,416.5799865722656,443.2900085449219,133188200,-13.46002197265625,-1.4151406944344913,30.19000244140625,414.3104995727539,442.643994140625,3.1060329268902445
2025-10-06,453.25,453.5499877929688,436.6900024414063,440.75,85324900,12.5,5.4486690457546505,16.8599853515625,419.6529998779297,444.65199584960936,4.108811763079371
2025-10-07,433.0899963378906,452.6799926757813,432.4500122070313,447.8200073242188,102296100,-14.730010986328182,-4.447877255843213,20.22998046875,423.95899963378906,442.32599487304685,4.678614115022561
2025-10-08,438.6900024414063,441.3299865722656,425.2300109863281,437.5700073242188,71192100,1.1199951171875,1.2930352007361146,16.0999755859375,428.5039993286133,438.1719970703125,4.348657931303282
2025-10-09,435.5400085449219,436.3500061035156,426.1799926757813,431.80999755859375,69339900,3.730010986328125,-0.7180455170972766,10.170013427734318,431.8404998779297,438.0799987792969,3.662533206035147
2025-10-10,413.489990234375,443.1300048828125,411.4500122070313,436.5400085449219,112107900,-23.050018310546875,-5.062684914805626,31.679992675781193,432.71799926757814,434.81199951171874,4.326032110174737
2025-10-13,435.8999938964844,436.8900146484375,419.7000122070313,423.5299987792969,79552800,12.3699951171875,5.419720958518703,17.190002441406193,434.01099853515626,431.3419982910156,4.315757549340044
2025-10-14,429.239990234375,434.2000122070313,417.8599853515625,426.7900085449219,72669400,2.449981689453125,-1.5278742269702716,16.340026855468807,434.3919982910156,430.5719970703125,3.8553558777470345
2025-10-15,435.1499938964844,440.510009765625,426.3299865722656,434.8999938964844,71558200,0.25,1.3768529951932784,14.180023193359375,434.8564987182617,429.86399536132814,3.8632056609323286
2025-10-16,428.75,439.3500061035156,421.30999755859375,434.7300109863281,77189900,-5.980010986328125,-1.470755828163206,18.040008544921875,435.4514984130859,428.50599365234376,3.9076043292876723
2025-10-17,439.30999755859375,441.4599914550781,423.6000061035156,425.5,89331600,13.80999755859375,2.462973191508744,17.8599853515625,436.1134979248047,433.6699951171875,2.9151776180190763
2025-10-20,447.4299926757813,449.7999877929688,440.6099853515625,443.8699951171875,63719000,3.559997558593807,1.8483519979771268,9.190002441406307,436.77449798583984,435.9759948730469,1.8992863628332501
2025-10-21,442.6000061035156,449.2999877929688,442.0499877929688,445.760009765625,54412200,-3.160003662109375,-1.0794954856246375,7.25,437.6119979858398,438.647998046875,1.7844804860965542
2025-10-22,438.9700012207031,445.5400085449219,429.0,443.4500122070313,84023500,-4.480010986328182,-0.8201547294971134,16.540008544921875,437.4209976196289,439.41199951171876,1.823914970088806
2025-10-23,448.9800109863281,449.3999938964844,413.8999938964844,420.0,126709800,28.980010986328125,2.280340282431337,35.5,438.70049743652345,443.4580017089844,1.740514055099558
2025-10-24,433.7200012207031,451.6799926757813,430.1700134277344,446.8299865722656,94727800,-13.1099853515625,-3.398817183887881,21.509979248046932,438.3664978027344,442.3400024414062,2.33091208970747
2025-10-27,452.4200134277344,460.1600036621094,438.6900024414063,439.9800109863281,105867500,12.44000244140625,4.311540199760255,21.470001220703068,438.8269989013672,443.3380065917969,3.034990516886786
2025-10-28,460.5499877929688,467.0,451.6000061035156,454.7799987792969,80185700,5.769989013671932,1.7969970655449474,15.399993896484375,439.61849822998045,446.9280029296875,2.9902139798572094
2025-10-29,461.510009765625,465.7000122070313,452.6499938964844,462.5,67983500,-0.989990234375,0.20845119924044475,13.050018310546932,439.7209991455078,451.4360046386719,2.881364035012211
2025-10-30,440.1000061035156,455.05999755859375,439.6099853515625,451.0499877929688,72447900,-10.949981689453182,-4.639120107705208,15.45001220703125,439.9259994506836,449.6600036621094,3.6858882884704385
2025-10-31,456.55999755859375,458.0,443.6900024414063,446.75,83135800,9.80999755859375,3.740057084027071,14.309997558593693,441.2625,454.2280029296875,3.5881997017699216
2025-11-03,468.3699951171875,474.0700073242188,453.7999877929688,455.989990234375,84595200,12.3800048828125,2.586735066967427,20.27001953125,442.01849975585935,457.4179992675781,3.2690015106387773
2025-11-04,444.260009765625,460.2200012207031,443.6000061035156,454.4599914550781,87756600,-10.199981689453125,-5.147636612701911,16.6199951171875,442.5770004272461,454.1600036621094,4.081292914989914
2025-11-05,462.0700073242188,466.3299865722656,440.7099914550781,452.0499877929688,85573000,10.02001953125,4.008913061517672,25.6199951171875,443.7460006713867,454.2720031738281,4.601900107944938
2025-11-06,445.9100036621094,467.4500122070313,435.0899963378906,461.9599914550781,109622900,-16.04998779296875,-3.497306340156048,32.36001586914068,444.2645004272461,455.4340026855469,4.327475827860224
2025-11-07,429.5199890136719,439.3599853515625,421.8800048828125,437.9200134277344,103471500,-8.4000244140625,-3.675632866235745,17.47998046875,445.0660003662109,450.0260009765625,4.136641576497298
2025-11-10,445.2300109863281,449.6700134277344,433.3599853515625,439.6000061035156,76515900,5.6300048828125,3.6575764515015763,16.310028076171875,445.5325012207031,445.39800415039065,4.397633933866755
2025-11-11,439.6199951171875,442.489990234375,432.3599853515625,439.3999938964844,60533200,0.220001220703125,-1.260026442672324,10.1300048828125,446.05150146484374,444.4700012207031,3.763670002153568
2025-11-12,430.6000061035156,442.3299865722656,426.55999755859375,442.1499938964844,58513500,-11.54998779296875,-2.051769508633805,15.769989013671875,445.8240020751953,438.1760009765625,2.9830646848376285
2025-11-13,401.989990234375,424.5,396.3399963378906,423.1300048828125,118948000,-21.1400146484375,-6.644220962287406,28.160003662109375,444.4860015869141,429.3919982910156,3.77275799855531
2025-11-14,404.3500061035156,412.1900024414063,382.7799987792969,386.2999877929688,105506700,18.050018310546818,0.5870832424868633,29.410003662109432,442.73800201416014,424.3580017089844,3.779606756088963
2025-11-17,408.9200134277344,423.9599914550781,398.739990234375,398.739990234375,102214300,10.180023193359375,1.1302107716671506,25.220001220703125,440.8125030517578,417.09600219726565,3.0817944881085166
2025-11-18,401.25,408.8999938964844,393.7099914550781,405.3800048828125,80688600,-4.1300048828125,-1.8756757252943457,15.19000244140625,438.74500274658203,409.4220031738281,3.0747215936172947
2025-11-19,403.989990234375,411.7799987792969,398.5,406.1799926757813,72047700,-2.190002441406307,0.6828636098130891,13.279998779296875,436.9960021972656,404.1,3.250459052673188
2025-11-20,395.2300109863281,428.9400024414063,394.739990234375,414.6300048828125,113548800,-19.399993896484375,-2.168365419886953,34.20001220703131,434.3085021972656,402.7480041503906,1.5626774496009057
2025-11-21,391.0899963378906,402.7999877929688,383.760009765625,402.3200073242188,100460600,-11.230010986328182,-1.0474950113494086,19.039978027343807,432.177001953125,400.09600219726565,1.4925842183381373
2025-11-24,417.7799987792969,421.7200012207031,401.0899963378906,402.1700134277344,96806400,15.6099853515625,6.82451678419993,20.6300048828125,430.44500122070315,401.8679992675781,3.714508217479822
2025-11-25,419.3999938964844,420.4800109863281,405.9500122070313,414.4200134277344,71915600,4.97998046875,0.38776272725380423,14.529998779296818,428.3875015258789,405.497998046875,3.4860654423863338
2025-11-26,426.5799865722656,426.9400024414063,416.8900146484375,423.9500122070313,63463000,2.629974365234318,1.7119677587676296,10.049987792968807,426.64100036621096,410.0159973144531,3.497754322769043
2025-11-28,430.1700134277344,432.9299926757813,426.2000122070313,426.5899963378906,36252900,3.58001708984375,0.8415835173881447,6.72998046875,426.1445007324219,417.0039978027344,3.0107663373114852
2025-12-01,430.1400146484375,433.6600036621094,425.2900085449219,425.3200073242188,57463600,4.820007324218693,-0.006973703038437584,8.3699951171875,424.82350158691406,424.8140014648437,2.7980562899712633
2025-12-02,429.239990234375,436.7999877929688,422.1199951171875,430.80999755859375,69336600,-1.57000732421875,-0.20923987153301793,14.679992675781307,422.86700134277345,427.1059997558594,0.7661677106498028
2025-12-03,446.739990234375,447.9200134277344,431.1099853515625,432.1000061035156,87483000,14.639984130859375,4.076973347810542,16.810028076171875,422.9910003662109,432.5739990234375,1.7375241589149621
2025-12-04,454.5299987792969,454.6300048828125,445.3900146484375,449.9400024414063,71906500,4.589996337890568,1.7437455153354264,9.239990234375,422.61399993896487,438.16400146484375,1.739543093404955
2025-12-05,455.0,458.8699951171875,451.6600036621094,453.0299987792969,56427500,1.970001220703125,0.10340378456106247,7.209991455078125,423.06849975585936,443.1299987792969,1.8166478196535782
2025-12-08,439.5799865722656,449.75,435.25,447.4500122070313,69165800,-7.870025634765682,-3.3890139401614006,14.5,423.5714996337891,445.0179931640625,2.7440989452665687
2025-12-09,445.1700134277344,452.3900146484375,435.7000122070313,437.5400085449219,62367400,7.6300048828125,1.271674558948499,16.690002441406193,423.56849975585936,448.20399780273436,2.733006784959794
2025-12-10,451.4500122070313,456.8800048828125,443.6099853515625,446.0700073242188,63257500,5.3800048828125,1.410696720325344,13.27001953125,424.1600006103516,449.1460021972656,2.1144636786553885
2025-12-11,446.8900146484375,449.2699890136719,440.3299865722656,448.9500122070313,55979500,-2.059997558593807,-1.0100780674035303,8.94000244140625,424.97450103759763,447.6180053710938,1.9750334579411657
2025-12-12,458.9599914550781,463.010009765625,441.6700134277344,448.0899963378906,95656700,10.8699951171875,2.7008830833098685,21.339996337890625,427.8230010986328,448.4100036621094,2.4090428042572265
2025-12-15,475.30999755859375,481.7699890136719,467.6600036621094,469.4400024414063,114542200,5.869995117187443,3.5624033484225714,14.1099853515625,431.3710006713867,455.556005859375,1.7333696456204093
2025-12-16,489.8800048828125,491.5,465.8299865722656,472.2099914550781,107608100,17.670013427734375,3.0653694218629735,25.670013427734375,435.41900024414065,464.4980041503906,1.8344306469179918
2025-12-17,467.260009765625,495.2799987792969,466.2000122070313,488.2200012207031,106490400,-20.959991455078125,-4.617456293730249,29.079986572265568,438.71950073242186,467.6600036621094,3.4994098432957648
2025-12-18,483.3699951171875,490.8599853515625,473.1199951171875,478.1600036621094,95168400,5.209991455078125,3.4477560704677446,17.739990234375,442.6885009765625,474.95599975585935,3.5098500640861703
2025-12-19,481.2000122070313,490.489990234375,474.7200012207031,488.1199951171875,103305400,-6.919982910156193,-0.4489279293453219,15.769989013671875,446.9870010375977,479.40400390625,3.552406303510548
2025-12-22,488.7300109863281,498.8299865722656,485.3299865722656,489.8800048828125,86916100,-1.149993896484375,1.5648376118613028,13.5,451.8690017700195,482.0880065917969,3.2954796996891798
2025-12-23,485.55999755859375,491.9700012207031,482.8399963378906,489.3999938964844,58223600,-3.839996337890625,-0.648622625268469,9.1300048828125,455.25800170898435,481.2240051269531,3.0074994614318156
2025-12-24,485.3999938964844,490.8999938964844,476.7999877929688,488.4800109863281,41285400,-3.08001708984375,-0.032952397832164415,14.100006103515568,458.55800170898436,484.852001953125,1.7280730917856058
2025-12-26,475.1900024414063,489.0899963378906,473.8200073242188,485.2300109863281,58780700,-10.040008544921818,-2.1034181259704465,15.269989013671818,460.9885025024414,483.21600341796875,1.3171228204661674
2025-12-29,459.6400146484375,469.3999938964844,459.0,469.0,66263000,-9.3599853515625,-3.2723726747357684,10.399993896484375,462.4620025634766,478.90400390625,1.8686052760028158
2025-12-30,454.4299926757813,463.1199951171875,453.8299865722656,461.0899963378906,59238500,-6.660003662109318,-1.133500523587172,9.290008544921875,463.67650146484374,472.04400024414065,1.2745292834324564
2025-12-31,449.7200012207031,456.5499877929688,449.2999877929688,456.1000061035156,49078000,-6.3800048828125,-1.0364613980130888,7.25,464.7005020141602,464.8760009765625,1.2253160819235709
2026-01-02,438.0700073242188,458.3399963378906,435.2999877929688,457.7999877929688,85535400,-19.72998046875,-2.590499391813128,23.040008544921818,464.26700286865236,455.4100036621095,0.955749982519973
2026-01-05,451.6700134277344,457.5499877929688,444.5700073242188,447.989990234375,67940800,3.680023193359375,3.1045280151877908,12.97998046875,464.1240036010742,450.706005859375,2.477833727893482
2026-01-06,432.9599914550781,448.25,428.7799987792969,446.3800048828125,89093800,-13.420013427734375,-4.142409594709518,19.470001220703125,463.0220031738281,445.3700012207031,2.6992248031678137
2026-01-07,431.4100036621094,438.3699951171875,431.2900085449219,435.8999938964844,59828800,-4.489990234375,-0.35799792672750463,7.079986572265625,462.61350402832034,440.76600341796876,2.7232778210985225
2026-01-08,435.7999877929688,436.8900146484375,424.3699951171875,427.8900146484375,57041100,7.909973144531307,1.017589785492734,12.52001953125,462.145002746582,437.98200073242185,2.8683291423104604
2026-01-09,445.010009765625,449.0499877929688,430.3900146484375,435.9500122070313,67331500,9.059997558593693,2.113359850994656,18.659973144531307,461.82300262451173,439.3700012207031,2.8207046603169603
2026-01-12,448.9599914550781,454.2999877929688,438.0,441.2300109863281,61649600,7.72998046875,0.887616368794375,16.299987792968807,461.92650146484374,438.8279968261719,2.4254343511024943
2026-01-13,447.2000122070313,451.80999755859375,443.9500122070313,450.2000122070313,53719200,-3.0,-0.3920124914344236,7.859985351562443,461.33850250244143,441.6760009765625,1.0529466787604644
2026-01-14,439.2000122070313,443.9100036621094,434.2200012207031,442.80999755859375,57259500,-3.609985351562443,-1.7889087168218576,9.69000244140625,459.53300323486326,443.2340026855469,1.4973411568545671
2026-01-15,438.5700073242188,445.3599853515625,437.6499938964844,441.1300048828125,49465800,-2.559997558593693,-0.14344373071545347,7.709991455078125,456.9675033569336,443.78800659179694,1.4609103674871564
2026-01-16,437.5,447.25,435.260009765625,439.5,60220600,-2.0,-0.24397640202235005,11.989990234375,455.47950286865233,442.28600463867195,0.9561464729454564
2026-01-20,419.25,430.7300109863281,417.4400024414063,429.3599853515625,63187300,-10.1099853515625,-4.171428571428571,13.290008544921818,452.273503112793,436.3440063476563,1.7139052928355343
2026-01-21,431.4400024414063,438.2000122070313,419.6199951171875,421.6600036621094,68124000,9.779998779296932,2.907573629435012,18.580017089843807,449.7855026245117,433.19200439453124,2.5868959593946923
2026-01-22,449.3599853515625,449.5,432.6300048828125,435.1600036621094,71546700,14.199981689453125,4.1535283721378935,16.8699951171875,447.81700134277344,435.2239990234375,3.237840520741422
2026-01-23,449.05999755859375,452.4299926757813,444.0400085449219,447.4299926757813,56771400,1.6300048828124432,-0.06675890216037983,8.389984130859432,445.99200134277345,437.3219970703125,3.2342076131382287
2026-01-26,435.2000122070313,445.0400085449219,434.2799987792969,445.0,49397400,-9.799987792968693,-3.0864440001146964,10.760009765625,443.4820022583008,436.86199951171875,3.6270960297322126
2026-01-27,430.8999938964844,437.5199890136719,430.6900024414063,437.4100036621094,37733100,-6.510009765625,-0.9880556502607218,6.829986572265568,441.2675018310547,439.19199829101564,2.937155617269775
2026-01-28,431.4599914550781,438.260009765625,430.1000061035156,431.9100036621094,54857400,-0.45001220703125,0.12995998294869082,8.160003662109375,439.8585006713867,439.19599609375,2.6349330616189266
2026-01-29,416.55999755859375,440.2300109863281,414.6199951171875,437.7999877929688,81686100,-21.239990234375057,-3.453389466363932,25.610015869140625,437.96500091552736,432.63599853515626,1.6811693990807006
2026-01-30,430.4100036621094,439.8800048828125,422.7000122070313,425.3500061035156,82626100,5.05999755859375,3.3248526466028494,17.179992675781193,436.99950103759767,428.9059997558594,2.7468997817969014
2026-02-02,421.80999755859375,427.1499938964844,414.5,421.2900085449219,58739500,0.519989013671875,-1.9980962408733927,12.649993896484375,436.1865005493164,426.2279968261719,2.5585325366849663
2026-02-03,421.9599914550781,428.55999755859375,413.6900024414063,424.2699890136719,56886500,-2.30999755859375,0.03555958781265023,14.869995117187443,434.7009994506836,424.43999633789065,2.5603658612212565
2026-02-04,406.010009765625,423.8999938964844,399.1799926757813,420.4599914550781,74606900,-14.449981689453125,-3.779974882085746,24.720001220703068,433.35350036621094,419.35,2.931235462742633
2026-02-05,397.2099914550781,402.1000061035156,387.5299987792969,397.0199890136719,72819800,0.19000244140625,-2.167438757390938,14.57000732421875,431.64349975585935,415.47999877929686,2.7308274838127686
2026-02-06,411.1099853515625,414.5499877929688,397.75,400.8699951171875,62677100,10.239990234375,3.4994069120882987,16.799987792968807,430.40899963378905,411.6199951171875,2.798880316417814
2026-02-09,417.3200073242188,421.25,407.2900085449219,409.9100036621094,54484300,7.410003662109432,1.5105500216312517,13.959991455078125,429.0244995117188,410.7219970703125,2.8875678252846093
2026-02-10,425.2099914550781,427.25,417.0,418.0799865722656,64450200,7.1300048828125,1.8906316477488083,10.25,427.8369995117188,411.3719970703125,3.0375315024672034
2026-02-11,428.2699890136719,436.3500061035156,420.0299987792969,427.9599914550781,57362000,0.30999755859375,0.719643851293883,16.32000732421875,426.89049835205077,415.82399291992186,2.0839376429132264
2026-02-12,417.0700073242188,436.2300109863281,414.0,430.2999877929688,61933400,-13.22998046875,-2.615168463063966,22.230010986328125,425.7839981079102,419.79599609375,2.261026228643002
2026-02-13,417.4400024414063,424.05999755859375,410.8800048828125,414.30999755859375,51434100,3.130004882812557,0.08871295242764976,13.17999267578125,424.72749786376954,421.06199951171874,1.7827443451303067
2026-02-17,410.6300048828125,413.7200012207031,400.510009765625,412.3599853515625,59678800,-1.72998046875,-1.6313715788533467,13.209991455078125,423.38399810791014,419.7239990234375,1.8111972160410297
2026-02-18,411.3200073242188,416.8999938964844,409.5799865722656,411.1099853515625,45921400,0.21002197265630684,0.16803507615164026,7.32000732421875,422.9874984741211,416.9460021972656,1.4067425640110802
2026-02-19,411.7099914550781,415.25,404.1099853515625,407.25,51019600,4.459991455078125,0.09481282794783219,11.1400146484375,422.00099792480466,413.6340026855469,1.2758724460795259
2026-02-20,411.8200073242188,414.7000122070313,405.5,408.2999877929688,57912200,3.52001953125,0.02672169037041261,9.200012207031307,420.1239990234375,412.58400268554686,0.7734882189979849
2026-02-23,399.8299865722656,407.7000122070313,394.0400085449219,407.2900085449219,69680000,-7.46002197265625,-2.911471161845147,13.660003662109432,417.6624984741211,409.0619995117188,1.3745826976902755
2026-02-24,409.3800048828125,410.8200073242188,397.6400146484375,399.5,58579500,9.8800048828125,2.3885197787236967,13.179992675781307,416.37149810791016,408.81199951171874,1.8847239158330849
2026-02-25,417.3999938964844,420.3399963378906,412.1499938964844,412.1499938964844,54809700,5.25,1.9590573349979934,8.19000244140625,415.69649810791014,410.0279968261719,2.0942809897207
2026-02-26,408.5799865722656,416.80999755859375,403.6600036621094,414.4200134277344,53602500,-5.84002685546875,-2.1130827631028026,13.149993896484375,414.55249786376953,409.40199584960936,2.3664775072583426
2026-02-27,402.510009765625,407.1199951171875,398.1099853515625,402.9400024414063,56890100,-0.42999267578130684,-1.4856275407819197,9.010009765625,413.8499984741211,407.5399963378906,2.4370285768947717
2026-03-02,403.3200073242188,404.5400085449219,388.25,390.6000061035156,55088300,12.720001220703182,0.20123662491411398,16.290008544921875,412.49549865722656,408.2380004882813,2.0046880805176217
2026-03-03,392.4299926757813,396.3399963378906,385.3900146484375,395.0899963378906,62617300,-2.660003662109318,-2.7000928420799375,10.949981689453125,411.02649841308596,404.847998046875,1.8983979742082269
2026-03-04,405.9400024414063,408.3299865722656,394.5799865722656,397.8500061035156,68305500,8.089996337890682,3.442654745501761,13.75,410.22549896240236,402.55599975585943,2.4721127542168615
2026-03-05,405.5499877929688,408.6199951171875,399.4200134277344,401.5700073242188,51925900,3.97998046875,-0.09607691927178141,9.199981689453125,410.2024978637695,401.95000000000005,2.3085603956029974
2026-03-06,396.7300109863281,402.3500061035156,394.2099914550781,398.0899963378906,64054600,-1.3599853515625,-2.1748186591348695,8.1400146484375,410.17849884033205,400.79400024414065,2.4274317132651224
2026-03-09,398.6799926757813,401.5899963378906,381.3999938964844,390.0499877929688,67018900,8.6300048828125,0.49151353198746417,20.19000244140625,409.55699920654297,399.8659973144532,2.4447917282182354
2026-03-10,399.239990234375,406.5899963378906,398.1900024414063,402.2200012207031,59258700,-2.980010986328125,0.14046291985589932,8.399993896484318,408.65299835205076,401.2279968261719,2.0125581742299965
2026-03-11,407.8200073242188,416.3800048828125,402.1499938964844,402.2799987792969,62559900,5.540008544921932,2.149087591352483,14.230010986328125,407.7834991455078,401.6039978027344,1.5465207290343481
2026-03-12,395.010009765625,406.5,394.6499938964844,405.1799926757813,60973800,-10.169982910156307,-3.1410910030242323,11.850006103515625,406.1205001831055,399.4960021972656,2.1325508954238566
2026-03-13,391.2000122070313,400.2000122070313,389.9500122070313,399.1700134277344,58504100,-7.970001220703068,-0.9645319015723963,10.25,404.82700042724616,398.3900024414063,1.957407475607367
2026-03-16,395.55999755859375,403.7300109863281,394.4200134277344,396.2200012207031,58068300,-0.660003662109375,1.1145156481373153,9.30999755859375,403.7330001831055,397.7660034179688,2.035853048612069
2026-03-17,399.2699890136719,400.1199951171875,393.0,395.6900024414063,46890500,3.579986572265568,0.9379086555709071,7.1199951171875,403.1649993896485,397.7720031738282,2.0937604202830595
2026-03-18,392.7799987792969,403.0700073242188,392.30999755859375,399.0,50853100,-6.220001220703125,-1.6254640751756533,10.760009765625057,402.2379989624024,394.7640014648438,1.7926386904087839
2026-03-19,380.2999877929688,387.2699890136719,378.7300109863281,387.2699890136719,67078300,-6.970001220703068,-3.177353995904608,8.53997802734375,400.6674987792969,391.8219970703125,1.8048349574898939
2026-03-20,367.9599914550781,379.8900146484375,364.4599914550781,379.8500061035156,78628600,-11.8900146484375,-3.2448058727281515,15.430023193359375,398.4744979858399,387.1739929199219,2.1330618285621363
2026-03-23,380.8500061035156,385.3299865722656,372.7300109863281,373.0899963378906,74606000,7.760009765625,3.5031022251806876,12.5999755859375,397.52549896240237,384.23199462890625,2.907591069752047
2026-03-24,383.0299987792969,387.4800109863281,376.30999755859375,376.55999755859375,60004900,6.470001220703125,0.5724019012326664,11.170013427734375,396.2079986572266,380.98399658203124,2.8596459131560876
2026-03-25,385.9500122070313,396.2300109863281,385.010009765625,389.989990234375,55157300,-4.039978027343693,0.7623458833617258,11.220001220703125,394.63549957275393,379.6179992675781,2.8854322208157552
2026-03-26,372.1099853515625,384.4400024414063,371.8699951171875,381.6000061035156,55522900,-9.490020751953125,-3.585963575004303,12.570007324218807,392.8119995117188,377.97999877929686,2.9905724668610976
2026-03-27,361.8299865722656,369.8599853515625,359.4700012207031,369.6900024414063,62065700,-7.860015869140682,-2.7626237359861583,10.389984130859375,390.7779983520508,376.7539978027344,2.8816358033118386
2026-03-30,355.2799987792969,367.2900085449219,352.1400146484375,365.8599853515625,67954400,-10.579986572265625,-1.8102390725044493,15.149993896484375,388.3759979248047,371.63999633789064,1.9598083838179703
2026-03-31,371.75,373.3299865722656,361.0,361.510009765625,75534900,10.239990234375,4.635780589195071,12.329986572265625,387.34199829101567,369.3839965820313,3.328495541716239
2026-04-01,381.260009765625,383.1400146484375,374.0799865722656,378.6300048828125,58683800,2.6300048828125,2.5581734406523227,9.060028076171875,386.10799865722663,368.44599609375,3.5922384198214066
2026-04-02,360.5899963378906,370.2799987792969,359.0299987792969,364.2000122070313,83031200,-3.610015869140682,-5.421500524128142,11.25,383.8599990844727,366.1419982910156,4.08558373768012
2026-04-06,352.82000732421875,367.7200012207031,346.6400146484375,362.5899963378906,77697600,-9.769989013671875,-2.1547988276388597,21.079986572265625,381.6644989013672,364.3400024414062,4.012044964186593
2026-04-07,346.6499938964844,348.0199890136719,337.239990234375,346.44000244140625,74515400,0.209991455078125,-1.7487708462248674,10.779998779296875,379.0629989624024,362.61400146484374,4.006881804861273
2026-04-08,343.25,364.5,339.6700134277344,363.7900085449219,78838600,-20.540008544921875,-0.9808146419583275,24.829986572265625,376.26349945068364,356.91400146484375,2.8545957560703163
2026-04-09,345.6199951171875,348.8800048828125,337.25,343.1499938964844,62164000,2.470001220703125,0.6904574267115882,11.6300048828125,373.153498840332,349.78599853515624,2.2383847605723877
2026-04-10,348.95001220703125,350.3599853515625,342.739990234375,346.2900085449219,51336000,2.660003662109375,0.9634908676839249,7.6199951171875,370.85049896240236,347.4580017089844,1.4125559771727207
2026-04-13,352.4200134277344,356.3500061035156,348.57000732421875,350.07000732421875,53617500,2.350006103515625,0.9944121218842028,7.779998779296875,368.9114990234375,347.3780029296875,1.2661732612864294
2026-04-14,364.2000122070313,367.6300048828125,354.7699890136719,357.6700134277344,59979600,6.529998779296932,3.3426021027357145,12.860015869140625,367.3434997558594,350.88800659179685,1.541798576943437
2026-04-15,391.9500122070313,394.6499938964844,362.5,366.8299865722656,113810400,25.120025634765682,7.619439612820589,32.149993896484375,366.97750091552734,360.62800903320317,2.939988995342399
2026-04-16,388.8999938964844,394.05999755859375,381.7999877929688,393.80999755859375,63515100,-4.910003662109375,-0.7781651270713286,12.260009765624943,366.7835006713867,369.28400878906257,3.2506536900859726
2026-04-17,400.6199951171875,409.2799987792969,391.6499938964844,395.9200134277344,90640000,4.699981689453125,3.013628543234881,17.6300048828125,367.7995010375977,379.6180053710938,3.147344086437978
2026-04-20,392.5,406.7999877929688,388.3299865722656,402.5799865722656,64603900,-10.079986572265625,-2.026857175416885,18.470001220703182,369.02650146484376,387.63400268554693,3.810112257172709
2026-04-21,386.4200134277344,393.9500122070313,385.2200012207031,393.0,50530600,-6.579986572265625,-1.549041164908438,8.730010986328182,369.3050018310547,392.0780029296875,4.073262099935683
2026-04-22,387.510009765625,393.010009765625,385.2999877929688,387.5700073242188,62362800,-0.05999755859380684,0.28207553957204645,7.710021972656193,369.5290023803711,391.19000244140625,2.00316737907402
2026-04-23,373.7200012207031,386.0,368.3900146484375,375.2799987792969,93969500,-1.55999755859375,-3.5586199575237787,17.6099853515625,368.91750183105466,388.15400390625,2.519210155649463
2026-04-24,376.2999877929688,382.760009765625,370.7300109863281,373.5,62893300,2.799987792968807,0.6903528213203725,12.029998779296875,369.127001953125,383.2900024414063,1.7416470431683322
2026-04-27,378.6700134277344,380.7799987792969,364.0199890136719,372.0899963378906,66735800,6.58001708984375,0.6298234684157134,16.760009765625,369.96900329589846,380.5240051269531,1.841097288270007
2026-04-28,376.0199890136719,382.2900085449219,372.5400085449219,374.6799926757813,50864400,1.3399963378905682,-0.6998242057971282,9.75,371.00600280761716,378.4440002441406,1.7815224954620892
2026-04-29,372.7999877929688,376.3999938964844,370.0400085449219,375.3999938964844,45384800,-2.600006103515568,-0.8563377785179349,6.3599853515625,371.0585021972656,375.5019958496094,1.7233907363321337
2026-04-30,381.6300048828125,384.75,368.1700134277344,372.75,51076000,8.8800048828125,2.3685668935019777,16.579986572265625,371.077001953125,377.08399658203126,1.30353956060056
2026-05-01,390.8200073242188,397.8200073242188,378.7999877929688,382.489990234375,65338300,8.330017089843807,2.4080922159745555,19.02001953125,372.58850250244143,379.9880004882813,1.586172234206465
2026-05-04,392.510009765625,394.6400146484375,384.7999877929688,390.2300109863281,48765100,2.279998779296875,0.4324247504565948,9.840026855468693,374.57300262451173,382.75599975585936,1.5929774855990178
2026-05-05,389.3699951171875,402.1199951171875,389.0,395.1900024414063,47780600,-5.820007324218807,-0.7999833304410453,13.1199951171875,376.70900268554686,385.4260009765625,1.6159263211388508
2026-05-06,398.7300109863281,401.6799926757813,384.0199890136719,386.25,53465400,12.480010986328125,2.4038873016714035,17.660003662109432,379.4830032348633,390.61200561523435,1.477438261404084
2026-05-07,411.7900085449219,415.8299865722656,402.1199951171875,407.4800109863281,64294200,4.30999755859375,3.275398690529352,13.709991455078125,382.79150390625,396.6440063476563,1.6743401937126494
2026-05-08,428.3500061035156,431.2000122070313,416.3900146484375,416.4800109863281,65050000,11.8699951171875,4.021466576401211,14.809997558593807,386.7615036010742,404.15000610351564,2.005265983238173
2026-05-11,445.0,449.1600036621094,416.7999877929688,422.1600036621094,78376100,22.839996337890625,3.8870068073398656,32.36001586914057,391.3905029296875,414.64800415039065,1.9825776263165666
2026-05-12,433.4500122070313,447.7999877929688,422.260009765625,441.4100036621094,60569300,-7.959991455078068,-2.595502874824429,25.539978027343807,394.8530029296875,423.46400756835936,2.754932878602836
2026-05-13,445.2699890136719,453.3999938964844,430.2099914550781,436.6700134277344,68283200,8.5999755859375,2.7269526989873283,23.19000244140625,397.51900177001954,432.7720031738281,2.7647267582006854
2026-05-14,443.2999877929688,451.9800109863281,441.1600036621094,446.489990234375,46070400,-3.190002441406193,-0.44242847470292723,10.82000732421875,400.23900146484374,439.0739990234375,2.9199862693247147
2026-05-15,422.239990234375,434.6600036621094,422.0,433.9800109863281,52688700,-11.740020751953125,-4.750732717915007,12.660003662109375,401.32000122070315,437.85199584960935,3.59760150194397
2026-05-18,409.989990234375,421.1300048828125,405.3299865722656,419.2699890136719,52474200,-9.279998779296875,-2.9011937010514632,15.800018310546875,402.1945007324219,430.84999389648436,2.858035337861428
2026-05-19,404.1099853515625,405.6300048828125,393.6300048828125,403.1600036621094,46500600,0.949981689453125,-1.4341825466156255,12.0,403.0789993286133,424.98198852539065,2.8028096976176196
2026-05-20,417.260009765625,417.4599914550781,406.3900146484375,407.6000061035156,45294700,9.660003662109375,3.2540706467875102,11.069976806640625,404.5664993286133,419.37999267578124,2.998090969520331
2026-05-21,417.8500061035156,426.9500122070313,412.8999938964844,422.1799926757813,42636900,-4.329986572265682,0.14139776735901943,14.050018310546932,406.7729995727539,414.2899963378906,3.0485880728164805
2026-05-22,426.010009765625,431.510009765625,420.510009765625,422.6700134277344,46104700,3.339996337890625,1.9528547428303344,11.0,409.25850067138674,415.04400024414065,2.48451217190191
2026-05-26,433.5899963378906,435.2000122070313,426.1199951171875,430.260009765625,45658900,3.329986572265625,1.7792977626126305,9.080017089843807,412.0044998168945,419.7640014648438,1.8139971577415999
2026-05-27,440.3599853515625,445.6000061035156,435.5199890136719,442.8900146484375,44656500,-2.530029296875,1.5613803526030035,10.08001708984375,415.22149963378905,427.0140014648438,1.1098053051542327
2026-05-28,442.1000061035156,443.9599914550781,436.2999877929688,437.6199951171875,32435000,4.480010986328125,0.3951359818862743,7.660003662109318,418.6865005493164,431.98200073242185,0.836008556151355
2026-05-29,435.7900085449219,441.0700073242188,428.1400146484375,439.8500061035156,45176800,-4.05999755859375,-1.4272783242432974,12.929992675781307,421.3945007324219,435.57000122070315,1.4123399744505143
2026-06-01,415.8800048828125,429.6000061035156,415.4299926757813,427.489990234375,44937900,-11.6099853515625,-4.568715039747639,14.170013427734318,422.6475006103516,433.54400024414065,2.629093952452563
2026-06-02,423.739990234375,424.4200134277344,413.6499938964844,418.2200012207031,37596000,5.519989013671875,1.8899647156100485,10.77001953125,424.20899963378906,431.5739990234375,2.652932696455184
2026-06-03,423.7000122070313,433.6000061035156,416.0,418.7000122070313,44500700,5.0,-0.009434565598021027,17.600006103515625,425.9255004882813,428.24200439453125,2.442862136304542
2026-06-04,418.4500122070313,426.3500061035156,417.1600036621094,419.8399963378906,35323300,-1.3899841308593182,-1.2390842220308285,9.19000244140625,426.91150054931643,423.5120056152344,2.360266416474017
2026-06-05,391.0,424.6799926757813,388.5899963378906,420.5,63420200,-29.5,-6.5599262531387375,36.08999633789068,425.8720001220703,414.55400390625,3.428444311318999
2026-06-08,408.9500122070313,412.9400024414063,394.7200012207031,396.3299865722656,50328800,12.620025634765682,4.5907959608775695,18.220001220703182,424.9020004272461,413.1680053710937,4.149182937439702
2026-06-09,396.6799926757813,418.5,384.239990234375,411.0299987792969,59940200,-14.350006103515568,-3.000371479396924,34.260009765625,422.48600006103516,407.756005859375,4.090016253041612
2026-06-10,381.5899963378906,397.0899963378906,380.1499938964844,391.5400085449219,49695600,-9.95001220703125,-3.8040729596927725,16.94000244140625,419.89299926757815,399.3340026855469,4.155294873532202
2026-06-11,399.1499938964844,399.5400085449219,380.6600036621094,388.2799987792969,45324300,10.8699951171875,4.601797145395992,18.8800048828125,417.5869995117188,395.4739990234375,5.130229805284379
2026-06-12,406.4299926757813,406.6799926757813,386.760009765625,399.489990234375,63514500,6.940002441406307,1.8238754580026217,19.919982910156307,415.7434997558594,398.55999755859375,4.046709677593104
2026-06-15,411.1499938964844,416.0,407.1000061035156,412.3699951171875,45620500,-1.220001220703125,1.1613319158924273,8.899993896484375,415.18899993896486,398.9999938964844,3.5072236353620565
2026-06-16,404.6600036621094,412.4200134277344,400.5400085449219,404.1099853515625,40255500,0.550018310546875,-1.5784969793794956,11.8800048828125,414.92250061035156,400.59599609375,3.2342877077276517
2026-06-17,396.3800048828125,405.9400024414063,393.760009765625,401.5299987792969,43534300,-5.149993896484375,-2.046161890071707,12.179992675781307,414.53600158691404,403.5539978027344,2.7106339229542216
2026-06-18,400.489990234375,402.5199890136719,384.7000122070313,398.1000061035156,58384700,2.389984130859375,1.0368800900483421,17.819976806640568,413.69750061035154,403.8219970703125,1.7604811219565561
2026-06-22,405.0499877929688,414.75,394.3999938964844,394.8500061035156,47819500,10.199981689453182,1.1386046267786165,20.350006103515625,413.05749969482423,403.54599609375,1.6110627858477231
2026-06-23,381.6099853515625,392.8699951171875,379.05999755859375,392.6099853515625,50420200,-11.0,-5.786940661108497,13.80999755859375,410.8374984741211,397.63799438476565,2.8313593337493845
2026-06-24,375.5299987792969,384.5799865722656,373.0499877929688,380.0799865722656,37081400,-4.54998779296875,-1.5932461952389398,11.529998779296818,407.9344985961914,391.81199340820314,2.8315379706243533
2026-06-25,375.1199951171875,379.1199951171875,371.2200012207031,375.2699890136719,30138800,-0.149993896484375,-0.109180002514353,7.899993896484375,404.67249908447263,387.55999145507815,2.8619533565449915
2026-06-26,379.7099914550781,387.7999877929688,368.6000061035156,370.1499938964844,53434100,9.55999755859375,1.223607484974698,19.199981689453182,401.5529983520508,383.40399169921875,2.8972024670374674
2026-06-29,411.8399963378906,413.2699890136719,379.2999877929688,381.7900085449219,57645800,30.04998779296875,8.461722263269355,33.97000122070307,400.3554977416992,384.7619934082031,5.200301536028203
2026-06-30,420.6000061035156,424.5400085449219,406.0,406.0,43385600,14.600006103515625,2.127042017171621,18.540008544921875,400.59149780273435,392.55999755859375,3.864272910787403
2026-07-01,425.2999877929688,432.8599853515625,418.0899963378906,421.4599914550781,40127900,3.839996337890682,1.1174468904540324,14.769989013671875,400.6694976806641,402.51399536132817,3.3915011208446035
2026-07-02,393.4500122070313,432.3500061035156,389.2999877929688,428.010009765625,73717700,-34.55999755859369,-7.488825887632455,43.05001831054682,399.1569976806641,406.17999877929685,5.679625580710969
2026-07-06,419.7699890136719,420.0,390.5,397.5,54727900,22.269989013671875,6.689535135353131,29.5,399.22299652099616,414.19199829101564,6.213170484046419
2026-07-07,402.8999938964844,419.55999755859375,401.8800048828125,416.9599914550781,38149900,-14.05999755859375,-4.018866417017264,17.67999267578125,399.81799621582036,412.40399780273435,5.528593621267266
2026-07-08,394.05999755859375,399.6300048828125,390.510009765625,399.3800048828125,33844900,-5.32000732421875,-2.1940919513048773,9.1199951171875,399.07349548339846,407.09599609375,5.387408216329155
2026-07-09,406.5499877929688,407.8599853515625,390.8599853515625,393.989990234375,37835000,12.559997558593807,3.169565627507742,17.0,399.56699523925784,403.34599609375,5.676500313848048
2026-07-10,407.760009765625,413.1600036621094,402.80999755859375,410.489990234375,33410000,-2.72998046875,0.2976317818197405,10.350006103515625,400.8754959106446,406.20799560546874,4.264365928527351
2026-07-13,394.760009765625,405.5700073242188,391.3699951171875,404.6099853515625,32809200,-9.8499755859375,-3.188149815738972,14.200012207031307,400.6559967041016,401.20599975585935,2.924982800989372
2026-07-14,396.1799926757813,402.2200012207031,394.760009765625,399.0499877929688,23385000,-2.8699951171875,0.35970789214423426,7.459991455078125,400.1434967041016,399.86199951171875,2.487902989791227
2026-07-15,394.4599914550781,406.5899963378906,390.6600036621094,399.3999938964844,31549800,-4.94000244140625,-0.43414641135368637,15.92999267578125,399.3089965820313,399.94199829101564,2.269830945892391
2026-07-16,391.05999755859375,395.30999755859375,385.3200073242188,392.3500061035156,29269100,-1.290008544921875,-0.861936310433542,9.989990234374943,398.6289962768555,396.8440002441406,1.4478146639604086
2026-07-17,380.8399963378906,385.6900024414063,377.2200012207031,381.7799987792969,31394600,-0.94000244140625,-2.613410035418373,8.470001220703182,397.8519958496094,391.4599975585937,1.4979206909647895
2026-07-20,369.5700073242188,386.6099853515625,369.4299926757813,386.0499877929688,33901500,-16.47998046875,-2.9592451218471316,17.179992675781193,396.30599670410163,386.42199707031256,1.4295415792932467
2026-07-21,378.9299926757813,384.0700073242188,369.9800109863281,371.1700134277344,32735300,7.759979248046932,2.5326690927467865,14.089996337890682,394.9999969482422,382.9719970703125,2.189324966946226
2026-07-22,374.010009765625,380.1700134277344,372.8999938964844,375.5299987792969,30646100,-1.519989013671875,-1.2983883580748756,7.27001953125,394.6199981689453,378.8820007324219,2.1806854785466743
2026-07-23,319.69000244140625,342.1099853515625,315.739990234375,341.0,115606400,-21.30999755859375,-14.523677416617442,26.3699951171875,391.82799835205077,364.6080017089844,6.392751257304783
2026-07-24,313.0299987792969,322.9599914550781,306.510009765625,320.7200012207031,62760000,-7.69000244140625,-2.0832692956452514,16.449981689453125,388.72349853515624,351.04600219726564,6.421113231004385
2026-07-27,309.2200012207031,317.0,304.2799987792969,313.239990234375,44919400,-4.019989013671875,-1.2171349626078465,12.720001220703125,385.1989990234375,338.9760009765625,6.515645789022001
2026-07-28,307.44000244140625,311.1600036621094,300.69000244140625,305.92999267578125,39802400,1.510009765625,-0.5756415407379811,10.470001220703125,379.97899932861327,324.6780029296875,5.9408057066212825
2026-07-29,298.32000732421875,309.0599975585937,297.3800048828125,307.1400146484375,39478000,-8.82000732421875,-2.9664308628561287,11.679992675781193,373.86499938964846,309.5400024414063,5.800586207529689
2026-07-30,308.8500061035156,310.8699951171875,301.3299865722656,302.70001220703125,38005400,6.149993896484375,3.5297661976297467,9.540008544921875,368.0425003051758,307.37200317382815,2.510823719862263
2026-07-31,311.2099914550781,315.5,301.9700012207031,309.69000244140625,36630600,1.519989013671875,0.7641202217659959,13.529998779296875,363.9304992675781,307.00800170898435,2.4296253400095043
2026-08-03,322.0799865722656,324.6499938964844,310.42999267578125,310.9599914550781,38281400,11.1199951171875,3.4928168810918647,14.220001220703125,359.04599914550784,309.5799987792969,2.773562503597037
2026-08-04,327.3500061035156,329.57000732421875,320.7900085449219,324.0,33318300,3.350006103515625,1.6362455759316719,8.779998779296875,355.26849975585935,313.56199951171874,2.663765453500464
2026-08-05,321.54998779296875,327.1400146484375,320.2799987792969,323.4200134277344,27820800,-1.870025634765625,-1.771809440172356,6.860015869140625,351.64299926757815,318.20799560546874,2.199518142147455
2026-08-06,319.5299987792969,323.0,315.5199890136719,317.04998779296875,26033800,2.480010986328125,-0.6282037289245479,7.480010986328125,347.29199981689453,320.343994140625,2.034358070469505
2026-08-07,328.5799865722656,333.7300109863281,321.25,322.3399963378906,39492300,6.239990234375,2.832281108985857,12.480010986328125,343.33299865722654,323.8179931640625,2.2498419439212145
2026-08-10,330.8800048828125,332.04998779296875,326.1499938964844,326.6000061035156,25003800,4.279998779296875,0.6999873408422008,5.899993896484375,340.1389984130859,325.5779968261719,1.815910746778582
2026-08-11,332.8099975585937,336.20001220703125,329.5299987792969,332.79998779296875,23345200,0.010009765624943157,0.5832908145854132,6.670013427734375,336.9704986572266,326.6699951171875,1.7173639442707613
2026-08-12,327.510009765625,335.5,323.6400146484375,335.0,28698900,-7.489990234375,-1.5924965691680004,11.8599853515625,333.6229995727539,327.86199951171875,1.663175718274734
2026-08-13,339.9599914550781,341.6400146484375,325.239990234375,327.20001220703125,34708300,12.759979248046875,3.80140493976433,16.4000244140625,331.0679992675781,331.947998046875,2.111810443532796
2026-08-14,342.2699890136719,351.260009765625,335.3299865722656,342.3299865722656,45437100,-0.05999755859375,0.6794910038403712,15.930023193359375,329.1394989013672,334.6859985351563,1.9234126333330617
2026-08-17,339.29998779296875,345.45001220703125,337.4800109863281,340.69000244140625,26037100,-1.3900146484375,-0.8677363823985429,7.970001220703125,327.62599792480466,336.3699951171875,2.072770632600768
2026-08-18,336.8699951171875,340.5299987792969,331.1199951171875,333.2200012207031,27994500,3.649993896484375,-0.716178238492593,9.410003662109375,325.522998046875,337.18199462890624,2.143243713822503
2026-08-19,351.1199951171875,351.6199951171875,335.70001220703125,338.8900146484375,36735400,12.22998046875,4.230118504630487,15.91998291015625,324.3784973144531,341.90399169921875,2.4450489469755596
2026-08-20,345.1300048828125,347.5,338.9599914550781,346.20001220703125,30766400,-1.07000732421875,-1.7059667115727262,8.540008544921875,325.65049743652344,342.9379943847656,2.345586644866807
2026-08-21,362.8599853515625,366.5,346.8999938964844,349.8800048828125,59224000,12.97998046875,5.137188948486271,19.600006103515625,328.1419967651367,347.0559936523438,3.204441890754573
2026-08-24,348.95001220703125,363.239990234375,348.260009765625,361.4100036621094,39190500,-12.459991455078125,-3.833427136104406,14.97998046875,330.1284973144531,348.9859985351562,3.8880081904167683
2026-08-25,350.25,357.0,349.20001220703125,349.5799865722656,29816700,0.670013427734375,0.3725426988085312,7.79998779296875,332.2689971923828,351.66199951171876,3.824268567783219
2026-08-26,345.82000732421875,351.92999267578125,342.5299987792969,345.2699890136719,28573000,0.550018310546875,-1.2648087582530332,9.399993896484375,334.6439971923828,350.602001953125,3.368961062631353
2026-08-27,354.8099975585937,355.739990234375,345.45001220703125,346.1600036621094,30136200,8.649993896484318,2.5996154195747634,10.28997802734375,336.9419967651367,352.5380004882812,3.4557577095590024
2026-08-28,348.75,358.79998779296875,345.20001220703125,357.1000061035156,32972200,-8.350006103515625,-1.7079556946793528,13.5999755859375,338.8189971923828,349.71600341796875,2.406701234006377
2026-08-31,367.9500122070313,368.9200134277344,347.1499938964844,347.2099914550781,61732300,20.740020751953182,5.505379844310054,21.77001953125,341.1124984741211,353.51600341796876,2.9858978211523803
2026-09-01,356.0899963378906,362.7000122070313,352.9599914550781,360.8999938964844,36193900,-4.80999755859375,-3.2232682363569243,9.740020751953182,342.5494979858398,354.6840026855469,3.579269894511798
2026-09-02,357.010009765625,360.6199951171875,349.9200134277344,360.4100036621094,33951900,-3.399993896484375,0.2583654236838928,10.699981689453125,344.32249908447267,356.9220031738281,3.467153677275095
2026-09-03,376.3699951171875,384.0400085449219,365.8200073242188,365.8200073242188,63601000,10.549987792968693,5.422813036607077,18.220001220703068,347.1644989013672,361.2340026855469,4.039294192856028
2026-09-04,354.0799865722656,364.6900024414063,351.32000732421875,362.0700073242188,65018200,-7.990020751953182,-5.922365978717725,13.369995117187557,348.4394989013672,362.3,5.109150218818819
2026-09-08,368.1600036621094,370.0,355.75,357.1000061035156,51078800,11.05999755859375,3.9765074626634034,14.25,350.30349884033205,362.3419982910156,4.761767083810409
2026-09-09,367.80999755859375,375.4400024414063,366.0,368.25,32564300,-0.44000244140625,-0.09506901891408459,9.440002441406307,352.05349884033205,364.6859985351563,4.407931404500787
2026-09-10,363.55999755859375,369.2099914550781,357.67999267578125,360.6000061035156,29667200,2.959991455078125,-1.155487895437901,11.529998779296875,353.85599822998046,365.99599609375,4.490176854845707
2026-09-11,365.4400024414063,368.6600036621094,361.6000061035156,364.2000122070313,30153000,1.239990234375,0.5171099393325163,7.05999755859375,355.1299987792969,363.80999755859375,3.572915052439982
2026-09-14,358.9700012207031,367.7300109863281,357.0400085449219,359.7799987792969,32477200,-0.80999755859375,-1.770468798565794,10.69000244140625,355.9649993896484,364.7880004882812,2.24304810442074
2026-09-15,356.5799865722656,362.3900146484375,354.04998779296875,358.75,30317700,-2.170013427734375,-0.6657978773463191,8.34002685546875,356.8289993286133,362.4719970703125,0.8916309127956202
2026-09-16,358.0799865722656,365.1000061035156,354.8900146484375,357.92999267578125,32177400,0.149993896484375,0.42066298067349184,10.209991455078125,357.8894989013672,360.5259948730469,0.9935586505346701
2026-09-17,366.2000122070313,374.1199951171875,363.2200012207031,367.4800109863281,38924100,-1.2799987792968182,2.2676569312054973,10.899993896484375,358.64349975585935,361.0539978027344,1.5038410963626394
2026-09-18,364.2699890136719,370.8999938964844,360.75,369.0,51819200,-4.730010986328125,-0.5270407233815999,10.149993896484375,359.60049896240236,360.8199951171875,1.5132514812138178
