Date,Close,High,Low,Open,Volume
2021-09-20,137.41192626953125,137.68978457112166,135.03703359355418,136.85918731338376,46518000
2021-09-21,137.72247314453125,138.69175012045008,136.97458497311416,138.4322111594274,25332000
2021-09-22,138.961181640625,139.55899341584305,137.24551278316375,137.99092214087034,25056000
2021-09-23,139.8848876953125,140.36085773026602,139.07806633946038,139.65854119567996,20952000
2021-09-24,140.87448120117188,140.9889014490048,138.91908904507557,139.21378542182566,22984000
2021-09-27,139.74229431152344,140.60062773052937,138.74726116473667,139.47731389050114,21882000
2021-09-28,134.54966735839844,137.7853721088004,134.08409637223073,137.34803586719997,45772000
2021-09-29,133.08706665039062,135.85819765307792,132.6031763940865,135.68880432196028,30848000
2021-09-30,132.41598510742188,134.26489260637973,132.2971210461104,132.995976429986,37996000
2021-10-01,135.25595092773438,135.61999474858516,132.80923183052033,133.18019830322703,35360000
2021-10-04,132.3996124267578,134.67891789407685,129.8147127344606,134.67891789407685,51202000
2021-10-05,134.7408447265625,135.9310269065087,132.7775323428591,132.7775323428591,32404000
2021-10-06,136.268310546875,136.45156431285815,133.28173063311934,133.47984240404816,24364000
2021-10-07,137.9126739501953,138.72197425447405,137.34407938421361,137.58280506274824,25110000
2021-10-08,138.4678955078125,139.00824022807984,137.90524110595646,138.26134957359187,26526000
2021-10-11,137.60459899902344,139.3856551740966,137.55010956888324,137.9790418985693,17954000
2021-10-12,135.16282653808594,138.19200026988304,134.48031058391572,138.16524679321643,36332000
2021-10-13,136.28514099121094,136.6992001618353,135.23215741372877,136.1073286205011,19654000
2021-10-14,139.8205108642578,140.00524590088978,137.51643176271415,138.1593163407756,31894000
2021-10-15,140.0354461669922,140.3821530750547,139.42823295670377,140.2796283145094,30274000
2021-10-18,141.43214416503906,141.4499798136856,139.7397527178746,139.74669048289897,20396000
2021-10-19,141.88687133789062,142.30836717520583,141.25588212378463,142.0359502105665,20164000
2021-10-20,140.4326934814453,142.1929515962264,140.04389134259256,141.9869044494379,23288000
2021-10-21,140.548583984375,140.81604319627527,139.1756468498999,140.4326824733916,26292000
2021-10-22,136.26980590820312,139.25786739704128,134.77354570706362,137.8383760818884,50588000
2021-10-25,136.15145874023438,136.6992401079651,134.14751696893288,136.25348473930126,34412000
2021-10-26,137.99537658691406,138.7625665768636,137.0008424939082,137.95080257189426,49236000
2021-10-27,144.83926391601562,147.24883052188773,138.09097801545303,138.09097801545303,85782000
2021-10-28,144.47422790527344,145.77089496837942,143.26374634339527,145.74761793016637,36206000
2021-10-29,146.65052795410156,146.84467961742357,143.28604362604932,143.71050193740845,43320000
2021-11-01,142.14439392089844,146.650526252916,141.87545343779883,146.650526252916,46924000
2021-11-02,144.06166076660156,145.22706960553992,142.97500087453776,143.2167042160869,33482000
2021-11-03,145.2161865234375,145.28651643687795,143.22810059076318,144.5252514271149,27494000
2021-11-04,146.8699188232422,148.32210355915961,144.92888610521643,145.73768752512296,38412000
2021-11-05,147.44891357421875,148.91049982568654,146.80008886811825,147.76341051453076,38354000
2021-11-08,147.6262664794922,149.19533561844582,147.0314171315212,148.4127735515712,23052000
2021-11-09,147.5147705078125,148.42213649161667,145.85703759858688,147.8263048865866,19530000
2021-11-10,144.51828002929688,146.67427756177884,143.17507421941508,146.10964321080158,29970000
2021-11-11,144.3925018310547,146.144839595857,144.22806618195017,145.10869397753137,16518000
2021-11-12,147.2765350341797,147.44692595196187,144.04033190788914,145.23347643622148,22360000
2021-11-15,147.05270385742188,148.13986257214947,146.1839714501009,147.49697791828982,23508000
2021-11-16,146.48211669921875,147.36025044711448,145.92392127932118,146.75303721658253,18904000
2021-11-17,146.65151977539062,147.15918597482235,145.8521348261738,146.63220285506807,19594000
2021-11-18,148.42611694335938,149.16112717315613,146.49054062936167,146.8441702118311,35608000
2021-11-19,147.52272033691406,149.5434998037264,147.49548317893243,148.56182849438522,33682000
2021-11-22,144.92295837402344,148.4172045095236,144.76991940785044,147.92489515967466,30594000
2021-11-23,144.40786743164062,145.2775973941184,142.75658818830502,144.7753725898354,27218000
2021-11-24,144.74267578125,144.87095645122443,143.0121488357991,144.10227001877251,18040000
2021-11-26,140.84278869628906,143.19490326925998,140.5054983534825,142.9878736557524,30470000
2021-11-29,144.15870666503906,144.91847509766967,142.5371287245244,142.64263112494936,32596000
2021-11-30,140.5599822998047,144.62380552713375,140.26676719316237,143.64165054932508,42068000
2021-12-01,139.72193908691406,144.57476289409172,139.5837581329981,142.64264793268592,34020000
2021-12-02,141.61837768554688,142.50840679638145,138.89280334696554,139.91854965408746,29194000
2021-12-03,140.66297912597656,143.0388692426679,138.9785076767276,142.32665239215453,41230000
2021-12-06,141.8056182861328,142.49653820256228,138.8289386103009,141.69219562959748,30618000
2021-12-07,145.88133239746094,146.14037256639585,143.8585729968473,144.22409805259204,32240000
2021-12-08,146.7897186279297,146.99428453676097,145.0260140588528,146.2052834697451,24270000
2021-12-09,146.2468719482422,147.6945979886129,145.72830788028466,146.19981907592228,23270000
2021-12-10,146.60646057128906,147.5732589197193,145.3211899623109,147.29837821111352,24458000
2021-12-13,144.4519500732422,146.57523920094434,144.14585701731025,146.3885089845114,27070000
2021-12-14,142.550537109375,143.1181341036915,139.8839104442627,142.61096672120067,38446000
2021-12-15,145.0606231689453,145.33798264479324,140.342519317884,142.05720547693662,36370000
2021-12-16,143.08348083496094,146.28501095434962,142.25336717682623,145.78328493890672,33650000
2021-12-17,140.3891143798828,142.47872745262327,139.9681173823491,141.1568032286509,50416000
2021-12-20,140.272216796875,140.43814883611964,138.0077689503243,138.68036958927007,27192000
2021-12-21,142.12013244628906,142.5128946761984,139.17812644459522,140.71450164649497,28756000
2021-12-22,145.03488159179688,145.1190870300756,141.71894670487805,141.71894670487805,26322000
2021-12-23,145.5316619873047,146.84614951123285,145.07153240558975,145.1190840665869,26384000
2021-12-27,146.51235961914062,146.945735839068,145.7823069049075,145.86799363031096,15976000
2021-12-28,145.3043212890625,146.90112605445645,144.67779110911528,146.83871638730724,18200000
2021-12-29,145.27261352539062,146.02743941952565,144.27461818483408,145.26221443419607,17788000
2021-12-30,144.82240295410156,145.9115415190522,144.61835101429233,145.31125094205046,15688000
2021-12-31,143.48663330078125,145.31572484803414,143.48663330078125,144.6733390453183,18136000
2022-01-03,143.62481689453125,144.47621238059426,142.35836459751644,143.6877102445083,28646000
2022-01-04,143.0384063720703,145.1042436429634,142.36184561053787,144.02550400377285,28400000
2022-01-05,136.476318359375,143.13743534952337,136.39014797936144,143.05868641427153,54618000
2022-01-06,136.44908142089844,138.62091962175828,135.27129360084805,135.7071485529665,37348000
2022-01-07,135.7254638671875,137.14347368557924,134.48674768484292,136.84332084249846,29760000
2022-01-10,137.36236572265625,137.51096085890853,131.9092673317077,133.80472820765564,44408000
2022-01-11,138.41883850097656,138.89432489527653,135.4040389194939,136.70614733101905,28730000
2022-01-12,140.09738159179688,141.26378799505596,139.36832657676754,139.81952326901038,26108000
2022-01-13,137.2806854248047,141.50350289892143,137.10435430356105,140.20583825361632,31436000
2022-01-14,138.165771484375,139.41538580331004,135.70717186275306,135.7869032841477,29662000
2022-01-18,134.71609497070312,135.8389098452004,134.1618746973883,134.89142851777413,34872000
2022-01-19,133.8428955078125,136.659099745999,133.74284958736126,135.2366308573954,28648000
2022-01-20,132.05093383789062,136.3287393505402,131.71116467084525,134.96570256305773,29908000
2022-01-21,129.122802734375,133.59424596274727,128.86030124010927,131.34367390126937,55652000
2022-01-24,129.57101440429688,129.9662554007094,123.32643640831691,124.79050132072317,76622000
2022-01-25,125.73851013183594,128.17928897797395,125.30811164753264,127.52650408806734,46960000
2022-01-26,128.01486206054688,131.7463529353979,125.94356826887143,129.8830863515717,49130000
2022-01-27,127.78900146484375,131.40211160207753,127.71717517752967,130.06632706054074,31950000
2022-01-28,132.09400939941406,132.09946589896228,127.27387977912171,128.43680947092184,34362000
2022-01-31,134.02813720703125,134.19604930787796,130.96330681145255,132.8974020956584,39986000
2022-02-01,136.34658813476562,136.49418574157943,133.1019649835654,136.29755519707962,68644000
2022-02-02,146.60496520996094,150.11802980876558,144.15082455441086,149.82433100004454,123200000
2022-02-03,141.7412567138672,148.26419438233108,141.32075845539106,144.33211244662755,71518000
2022-02-04,141.9423065185547,143.50939516923387,139.19049231830002,142.09238293990342,57998000
2022-02-07,137.88888549804688,142.89028927583428,137.59071270904863,142.89028927583428,54974000
2022-02-08,138.0850372314453,138.68037019357018,135.72252350917645,137.71605080771687,54284000
2022-02-09,140.25735473632812,141.18107530667282,138.8655994195183,139.6347846354997,40144000
2022-02-10,137.31336975097656,140.15087104730347,136.65662471919973,138.38666797793726,39330000
2022-02-11,133.01673889160156,137.84478899265827,132.14255018310712,137.2935464759076,39958000
2022-02-14,134.24850463867188,135.0152108089526,132.00039669326958,132.00039669326958,34302000
2022-02-15,135.32081604003906,136.8066768485593,134.54123186318918,136.2737385525834,26680000
2022-02-16,136.439697265625,136.78440905997775,133.65221132320895,135.3584787799004,25022000
2022-02-17,131.28970336914062,135.82107810404372,131.22977254722994,134.95878467171522,38950000
2022-02-18,129.17381286621094,132.80625486592996,128.96926212956205,132.20892681142413,45620000
2022-02-22,128.58987426757812,130.934551968721,127.01485025120279,128.61413377590594,44990000
2022-02-23,126.38536071777344,130.80629021138148,126.32542989882369,130.40758777953872,32786000
2022-02-24,131.4402618408203,131.746354920063,123.77569929866215,123.77569929866215,54456000
2022-02-25,133.1920928955078,133.9964355070235,130.50961066397696,132.29314574757424,36406000
2022-02-28,133.78396606445312,134.47190837481307,131.34268834077528,131.79588020023658,38864000
2022-03-01,132.79782104492188,134.97114050786368,131.96278003223856,133.60712128280522,26496000
2022-03-02,133.30303955078125,133.98752054186207,131.81717846328633,133.35901024990838,23520000
2022-03-03,132.6373748779297,135.15342630121359,131.7716050611301,134.7279703958508,24604000
2022-03-04,130.66314697265625,132.58982070864644,129.1089360838298,131.67453429885822,30430000
2022-03-07,125.18724822998047,130.4932561715778,125.10453161947382,130.24859033799694,45112000
2022-03-08,125.90641784667969,130.0128427096033,124.48989666762061,125.05997251114222,40428000
2022-03-09,132.16236877441406,132.47490076693822,128.6760431854183,130.01282521138089,37026000
2022-03-10,131.18124389648438,132.01580140959095,129.67854460213823,130.02871292731191,27102000
2022-03-11,128.64633178710938,132.53433753192874,128.4095861869589,132.23022456027405,31526000
2022-03-14,124.76378631591797,129.17976553119664,124.09416334902737,129.02226764588673,38812000
2022-03-15,127.98018646240234,128.63050764865514,124.53546423512067,125.77913076308056,30920000
2022-03-16,132.02420043945312,132.07619590093205,127.52104583130303,129.50071256727477,35576000
2022-03-17,132.57742309570312,132.81664753613904,130.93900699221336,131.89392469445764,28264000
2022-03-18,134.8424072265625,134.95979002346903,131.01185257108665,132.1668624121389,44566000
2022-03-21,134.81861877441406,135.75817985549534,132.82855279964977,134.88003086032697,26832000
2022-03-22,138.54962158203125,139.72048699983432,134.81862924241636,134.81862924241636,35496000
2022-03-23,136.9720916748047,138.27271864480082,136.53575308435217,137.39506864290857,25154000
2022-03-24,140.237548828125,140.28410290416335,136.45206761789734,137.88789810464644,26396000
2022-03-25,140.33761596679688,140.69620332619124,138.42035860706088,140.5783217372553,24126000
2022-03-28,140.1221466064453,140.66398768557863,138.49363060700367,139.5723701734137,35050000
2022-03-29,141.16224670410156,142.4381156620189,140.6996533281546,141.30292164446877,34318000
2022-03-30,140.6005859375,141.3752124596819,140.2652756920692,141.1171698835011,19884000
2022-03-31,137.75665283203125,140.7684898968639,137.71405887609035,140.71400046777697,37524000
2022-04-01,138.82945251464844,139.1469271597936,137.00382215545176,138.18508660352754,25942000
2022-04-04,141.6238555908203,142.35738462904985,138.98794249570614,139.03549416177395,25942000
2022-04-05,139.26580810546875,141.64268113011158,139.05927727293317,141.5223358074646,21418000
2022-04-06,135.26089477539062,138.0468839879228,134.23960723680352,137.44213448492033,32468000
2022-04-07,134.60760498046875,135.87157824028196,132.96225109677235,134.72795027720932,26234000
2022-04-08,132.03115844726562,134.39119350670921,131.71218740313546,134.3055067868507,25142000
2022-04-11,127.60920715332031,130.84739067393326,127.45566939745935,130.58092905766304,36884000
2022-04-12,126.51065826416016,130.35953900322713,125.59388309325452,130.35953900322713,32710000
2022-04-13,128.6696014404297,129.10545636823446,126.53689598688813,126.79345728334249,27928000
2022-04-14,125.53545379638672,129.24961528064816,125.40766436187617,129.24961528064816,31598000
2022-04-18,126.4730224609375,127.00396566233613,124.99261037205467,125.80290070747127,20808000
2022-04-19,128.78355407714844,129.1044900573134,125.80241508106144,126.48789370567695,26490000
2022-04-20,126.83309173583984,130.16043859794559,126.2981884119716,129.65821381786787,31696000
2022-04-21,123.63798522949219,128.87217434303523,123.35269795048035,128.0316768610351,36446000
2022-04-22,118.50780487060547,124.21995176709888,117.80400705459354,123.82174062602672,56884000
2022-04-25,121.91390228271484,122.11548294345009,117.39391716093655,117.97835219471519,46128000
2022-04-26,117.53160095214844,121.35521701263318,117.39391123323827,121.14174844683173,73054000
2022-04-27,113.21715545654297,116.13686670418976,111.67384258767316,113.39050136160769,91820000
2022-04-28,117.40530395507812,118.52167974527936,113.03934791722725,115.31767110037897,48884000
2022-04-29,113.03390502929688,116.80848848076448,112.74168750254856,115.63416187311658,42676000
2022-05-02,115.48408508300781,115.64505184129835,111.53862727592032,112.33603962239242,35534000
2022-05-03,116.22801208496094,117.32556979563245,114.94076162538525,115.33302506917498,24968000
2022-05-04,121.10857391357422,121.69647785121755,114.03091818678884,115.92836716829281,49916000
2022-05-05,115.40733337402344,119.89810179071496,113.92147220109969,119.07097331135176,45840000
2022-05-06,114.65547180175781,116.46327388916288,112.94079298131821,114.09877271953016,39710000
2022-05-09,111.45047760009766,113.99229246586657,110.94479148642294,112.18251024510543,40802000
2022-05-10,113.31671905517578,115.1542373069567,111.83630687207636,114.4187357470195,39900000
2022-05-11,112.53170013427734,115.26766694864014,112.16915265769833,112.16915265769833,37534000
2022-05-12,111.78033447265625,113.21765378291165,108.7892955470922,110.32765836329241,53836000
2022-05-13,114.95661163330078,116.76391499760273,112.53416717091297,113.45341371338583,35038000
2022-05-16,113.36624145507812,115.07498009851662,112.8159813449991,113.87192754882359,25990000
2022-05-17,115.37512969970703,115.79810674936266,113.78724265802168,115.73916596158637,23054000
2022-05-18,110.84473419189453,114.31224201290831,110.50397497987214,113.91601089828785,35126000
2022-05-19,109.34351348876953,111.94476004054836,108.96313044588939,110.38114026738668,34144000
2022-05-20,107.88143157958984,111.12606177172583,104.79926453382097,110.89574757041693,48962000
2022-05-23,110.43712615966797,111.09040991093484,107.7160174270797,108.55454258908792,37184000
2022-05-24,104.97112274169922,105.4550205953626,100.92413026723496,104.77499103421867,76780000
2022-05-25,104.80768585205078,105.49613450260898,102.87755077701198,103.99590668358864,40258000
2022-05-26,106.77645874023438,107.62537539755519,104.23315497933007,104.68089790507406,37948000
2022-05-27,111.25779724121094,111.25928606467275,108.1097518272752,108.45100981416809,37914000
2022-05-31,112.6896743774414,114.64407635149765,111.02204096124585,111.68374363227105,50012000
2022-06-01,112.8184585571289,115.99770912994168,112.18251170681881,113.77238639007433,36606000
2022-06-02,116.51378631591797,116.78817573341432,111.88186743338352,112.92543446799303,37992000
2022-06-03,113.46134185791016,115.2250612395035,112.4484808055199,114.96849990205233,26136000
2022-06-06,115.71935272216797,118.22203484000119,115.06903914035705,115.60444124136708,33542000
2022-06-07,116.04524230957031,116.58164197916135,113.96751735517762,114.39197563745488,31590000
2022-06-08,116.08932495117188,117.45285297012651,115.50092226538834,115.6608989926276,26108000
2022-06-09,113.75305938720703,117.18391328926909,113.69411860375493,115.23099254159975,25798000
2022-06-10,110.11369323730469,112.21123403229579,109.3256899095123,111.38509566027086,41452000
2022-06-13,105.3896484375,107.76603001416353,105.11872789354983,105.77993182097117,47252000
2022-06-14,105.7096176147461,106.90722142235045,104.80275010690661,105.5308227257459,33706000
2022-06-15,108.7298583984375,110.37321720506895,106.6546047522059,107.52184819954677,39698000
2022-06-16,105.03402709960938,107.62437594926033,104.14696791638478,106.21033370451282,51684000
2022-06-17,106.13357543945312,107.67490846942401,104.05584267457326,105.03403760367898,51376000
2022-06-21,110.49258422851562,111.42917514346335,107.57633415067775,107.90272658856365,47416000
2022-06-22,110.43663024902344,112.27810104636315,109.34204257046585,109.51440602670822,30774000
2022-06-23,111.18400573730469,111.6797915400438,109.45892779579324,111.17360664482932,28362000
2022-06-24,116.86295318603516,116.96597674004626,111.88779672935264,111.92989944497734,41164000
2022-06-27,114.74165344238281,117.46176417834405,114.0938111747087,117.15815754971578,36420000
2022-06-28,110.95170593261719,116.20373069131708,110.79370927446145,114.71093207374939,35792000
2022-06-29,110.64860534667969,112.0938524988512,109.82741711494367,110.50051652384064,24716000
2022-06-30,107.93592071533203,109.84277883835993,105.74378282016283,108.9631485734699,43170000
2022-07-01,107.7125473022461,108.22021347289117,105.72446146275112,106.91562613688178,35476000
2022-07-05,112.19538116455078,112.30830502629904,104.73487148190064,106.09097052516007,39342000
2022-07-06,113.4920425415039,114.49995339678294,110.42522478314434,112.2340168911837,37432000
2022-07-07,117.6633529663086,118.06602306558507,113.75108733780583,113.99526196361097,40936000
2022-07-08,118.22847747802734,118.55684998677997,115.7995865179468,116.14480464976064,38238000
2022-07-11,114.58614349365234,116.88576393078758,114.24340418943484,116.88576393078758,31196000
2022-07-12,112.94575500488281,115.87141447744821,112.6183724999501,115.11956607095853,29960000
2022-07-13,110.30387878417969,113.11958408095617,110.15331111772146,110.64809930840663,43722000
2022-07-14,109.32717895507812,110.04584240505243,107.35147984912258,109.17166113070019,37004000
2022-07-15,110.72388458251953,112.0740435098507,109.85466101364264,110.9447897246164,46770000
2022-07-18,108.00228881835938,112.60845972018963,107.34851386704042,111.57826178835704,43164600
2022-07-19,112.73722839355469,112.94524803380152,108.52728874896475,109.80513015974967,36530900
2022-07-20,112.82637786865234,114.31223883911534,111.41976463040918,112.10325553773596,35600400
2022-07-21,113.26222229003906,113.47024947099275,110.06267265031975,113.20279027118345,32676200
2022-07-22,106.88292694091797,111.28106998447005,105.49612194841016,109.95370456594861,48901200
2022-07-25,106.49662780761719,108.8343833804232,105.29803400623899,107.38814604427726,34690900
2022-07-26,104.03007507324219,106.18952663157644,103.08903282410867,105.5951837606774,47991000
2022-07-27,111.9942855834961,112.83627946604071,106.99189179488495,108.23010920159255,59858500
2022-07-28,113.14335632324219,113.2622203589268,110.40937014030533,111.31079605080369,32816600
2022-07-29,115.22357177734375,115.60989504749655,111.99429829794433,112.01411401088968,37223400
2022-08-01,113.77732849121094,115.61979670741562,113.26222578696031,114.21318346288767,26034300
2022-08-02,114.04479217529297,115.25329377338157,112.64808663933259,112.92544617512725,20236000
2022-08-03,116.96698760986328,117.50189851277953,114.39149654793644,114.6193243510887,28499000
2022-08-04,117.07594299316406,117.66037802315151,115.7881937755093,116.37263636297655,21602900
2022-08-05,116.36272430419922,116.99669103407605,114.90657937362977,115.1344147097478,19159500
2022-08-08,116.19432830810547,119.01746257719415,115.77828150201907,117.27405029484413,19138300
2022-08-09,115.53063201904297,116.21413043306707,114.61930583866359,116.03582682755987,19086500
2022-08-10,118.57171630859375,119.78021791532227,117.29388237490143,117.66038995375868,30930400
2022-08-11,117.7198257446289,120.34484869534069,117.44246619798419,120.13682903535714,24293700
2022-08-12,120.53304290771484,120.53304290771484,118.33396744979994,119.1264296615191,19096300
2022-08-15,120.92927551269531,121.14720300149365,119.47313052616087,119.98822567992796,19494800
2022-08-16,120.5528564453125,121.27597881260755,119.50285039175542,120.37455281758771,19041200
2022-08-17,118.4231185913086,120.14671514597028,118.25471527634345,118.98774543977429,22847000
2022-08-18,119.03726959228516,119.6811441703863,117.60094038977294,118.30424698639806,17987700
2022-08-19,116.10517883300781,118.02689483126161,115.65942355139303,117.9377392404507,21809500
2022-08-22,113.16317749023438,114.54007481677039,112.77685421487422,114.11412767246556,21456600
2022-08-23,112.78675842285156,113.92592005634819,112.36081129232605,112.4103430162746,15870400
2022-08-24,112.61837005615234,113.69809218038822,111.80609960937106,112.43015856175212,17734600
2022-08-25,115.55045318603516,115.61979306048023,113.03439443727451,113.16316633053552,16956800
2022-08-26,109.29993438720703,114.03488457916195,109.15135432931017,113.63865345731685,37245700
2022-08-29,108.38859558105469,109.90417245643232,107.77444459271976,108.9532224083028,21191200
2022-08-30,107.91313934326172,109.45843244169193,106.7838855317196,109.13154119164547,27513300
2022-08-31,107.19992065429688,109.80512758191875,107.11076506343836,109.60701580275753,28627000
2022-09-01,108.70558166503906,109.4088882529894,106.34801841708669,107.25934462478465,28360900
2022-09-02,106.83340454101562,109.69616280050401,106.24896950777163,109.54757518879592,24160700
2022-09-06,105.8031997680664,107.01170118012315,104.78290982238947,106.28858643846911,25068300
2022-09-07,108.41832733154297,108.94333792914485,105.8923680249707,106.05085594393181,23167000
2022-09-08,107.35841369628906,108.56691525636909,106.14991969368934,107.02162214412529,24238300
2022-09-09,109.60700225830078,109.94379375275255,107.9923619834908,108.04189370090029,23197700
2022-09-12,109.8150405883789,110.56787898796314,108.89380641286198,109.94381249512503,22966800
2022-09-13,103.3366928100586,107.27918116781935,103.10885743515198,106.7838941034388,38172900
2022-09-14,104.0102767944336,104.28763632335523,102.68291117531426,103.58432964430956,26395100
2022-09-15,101.93997955322266,104.27772736843421,101.38525294374102,103.04941765722538,34188300
2022-09-16,101.83102416992188,102.15790789100767,99.98855567297623,101.10790172559079,42797200
2022-09-19,102.09846496582031,102.3560163297047,100.59279576557026,100.79090754857049,23036800
2022-09-20,100.1866455078125,101.40505475280146,99.57248695767865,101.11778740955236,26517100
2022-09-21,98.34417724609375,101.91024183491061,98.33426939083203,100.71164830253635,31487300
2022-09-22,99.19607543945312,100.28570528054816,97.85880210913288,97.88851811864318,34298600
2022-09-23,97.80928802490234,98.72062197326392,96.55126219808672,98.69089840091443,31625400
2022-09-26,97.24463653564453,98.93851697312458,96.87812903475876,97.17529666595163,27072700
2022-09-27,96.58097076416016,99.05740591195914,95.95691182760773,98.49277900056019,30072800
2022-09-28,99.10692596435547,99.7507929809595,96.19463615518136,96.72954699099779,32466300
2022-09-29,96.50172424316406,97.71022581973406,95.05548700550042,97.71022581973406,31047200
2022-09-30,94.74840545654297,97.96777098525601,94.65924986585827,96.13521058040764,32941500
2022-10-03,97.71022033691406,98.35409495883162,95.61020070223094,95.84794390746448,27982000
2022-10-04,100.68193817138672,100.88004994331021,99.43381284732565,99.49325242488644,28850800
2022-10-05,100.47393035888672,100.96921740441856,97.86872322008227,98.88901332468096,22176900
2022-10-06,100.46400451660156,101.95977324242655,99.64182635441148,99.73098193653627,22324000
2022-10-07,97.74984741210938,99.58240789041014,97.37343199435752,98.90881723510454,27502800
2022-10-10,96.93757629394531,98.1658859891608,96.09558987026921,98.06683009651893,18225100
2022-10-11,96.26399230957031,98.31448041491721,95.40219011319991,96.5116358370638,26507100
2022-10-12,96.6404037475586,97.81918930799294,95.82813331332561,96.38285993101962,21876400
2022-10-13,98.12625122070312,98.83946566046866,93.49036491970648,94.25311107903103,34574500
2022-10-14,95.64982604980469,99.74090163611203,95.4616221229326,99.04749527967141,25410700
2022-10-17,99.0276870727539,99.97863723546732,97.89843328218922,97.92814929391774,28419200
2022-10-18,99.82013702392578,102.49469131471892,99.0276823713602,102.15789223033175,24060700
2022-10-19,98.69088745117188,100.06778474217612,97.98758079988396,99.06731041769221,23811100
2022-10-20,99.0276870727539,101.35553453374322,98.45315232106869,99.05740308448243,25323200
2022-10-21,100.17675018310547,100.35505381302936,96.79889662854987,96.92766853336371,32458700
2022-10-24,101.55364227294922,101.78147761626212,99.0375909853776,100.84043534742486,27176400
2022-10-25,103.49517059326172,103.83196211183454,101.75175830879428,101.930061923768,40611400
2022-10-26,94.03518676757812,97.38332404744001,93.79745113215374,95.52104771456979,88114100
2022-10-27,91.35073852539062,94.53048026417704,90.93469924535803,93.62905426662633,60710900
2022-10-28,95.38237762451172,95.63992899750288,91.26158588657455,91.40026565107432,43697300
2022-10-31,93.61914825439453,95.12481736726046,93.09414525818127,94.52056663945436,31675000
2022-11-01,89.61723327636719,95.12482243853582,89.5181773853351,94.55028769007764,47161400
2022-11-02,86.15022277832031,90.32053844962222,86.06106718761413,90.08280280353895,57038300
2022-11-03,82.64360046386719,85.70447091633443,82.55444486174243,85.50635911213857,61288000
2022-11-04,85.7638931274414,85.8233251451628,82.92094321259124,84.5950155815513,51124900
2022-11-07,87.6558837890625,88.06202272257539,86.03134316996938,86.45729025652912,34078900
2022-11-08,88.06204223632812,89.46865569620269,86.76438497857373,88.06204223632812,30429000
2022-11-09,86.49691772460938,88.59693723661037,86.45729385938526,87.61626357664242,31769100
2022-11-10,93.05451965332031,93.50027490961016,90.74648052680031,91.38044725273583,51620100
2022-11-11,95.50125885009766,96.01635409047036,93.03472373851064,93.79747007754925,33090500
2022-11-14,94.79792022705078,95.877649719558,93.6191424124527,94.19366953695061,30179500
2022-11-15,97.5121078491211,99.19608064116606,95.79841148852762,97.33380422522976,41640800
2022-11-16,97.91825103759766,98.70080550558573,96.71965724966073,96.97720863902562,29105200
2022-11-17,97.43287658691406,98.3442030153281,95.8776754323992,96.0559790864351,26052600
2022-11-18,96.51162719726562,97.96777221776902,95.46162115308442,97.8389927582132,28342300
2022-11-21,94.69888305664062,97.47249357744444,94.46114738720851,96.37295571478498,21647400
2022-11-22,96.13520812988281,96.30360389329707,93.16348617912884,95.0455707019559,23438500
2022-11-23,97.53192138671875,97.82909662876517,96.17483219901126,96.17483219901126,18868100
2022-11-25,96.54134368896484,97.71022134220922,96.48191166578498,97.31399022022332,9701400
2022-11-28,95.1446304321289,96.66020735865297,94.70877547797265,96.12529652150104,26237500
2022-11-29,94.292724609375,95.21395856686495,93.22290306697147,94.82763538057675,20061700
2022-11-30,100.0380630493164,100.08759477077614,93.52999237293703,93.92622347217593,43647500
2022-12-01,100.0380630493164,101.28618836680111,99.30504042808617,100.06777905920039,28687100
2022-12-02,99.49324798583984,99.82013163918121,97.96776322615591,98.11635082720889,21480700
2022-12-05,98.54232025146484,100.4244050997274,98.06684133183701,98.46307250528004,24405100
2022-12-06,96.06586456298828,98.83946707599033,95.51113801440432,98.36399581432345,24910700
2022-12-07,94.04510498046875,95.96681354446217,93.8271774750463,95.501250078082,31045400
2022-12-08,92.8266830444336,94.67905903360328,92.56913170384522,94.48093971104322,32213300
2022-12-09,91.95498657226562,93.37150769977879,91.87573883817876,92.88612099660666,28225400
2022-12-12,92.43045043945312,92.67809392047832,90.74647779147345,91.83610759648849,29420000
2022-12-13,94.72858428955078,98.59182421305074,94.13424142996912,96.83851164366295,40593700
2022-12-14,94.17385864257812,95.95689465285044,92.71771382710223,94.30263052652263,28733600
2022-12-15,90.0035629272461,92.75735770370802,89.1615764575156,92.25216279887749,40107000
2022-12-16,89.40921020507812,90.46912406913405,88.67618001312934,89.904497198702,58011800
2022-12-19,87.60636138916016,89.70637329839354,87.37852605840477,89.40920565184058,29493000
2022-12-20,88.180908203125,88.33940369596581,86.61580677746778,87.27948964940632,23453800
2022-12-21,88.73563385009766,89.36960069920796,87.4875083095138,88.24034677688766,24745600
2022-12-22,86.93277740478516,87.705423924909,85.50634840918426,87.32900852106096,27658300
2022-12-23,88.38890838623047,88.70589171745705,86.249265232342,86.28888909343017,23003000
2022-12-27,86.5662612915039,88.10165401513619,86.18984589203967,87.96297425967674,20097300
2022-12-28,85.20917510986328,87.21013889144778,85.12993493079983,86.16013283342589,19523200
2022-12-29,87.61626434326172,88.01249544149027,85.79361187188182,85.80351972764441,23333500
2022-12-30,87.39834594726562,87.46768582385727,85.75398950597845,86.16012846707217,23986300
2023-01-03,88.27996063232422,90.19176882027702,87.68561016592967,88.7455240800291,28131200
2023-01-04,87.24976348876953,89.79553847603304,86.44739337515158,89.49836324025155,34854800
2023-01-05,85.3874740600586,86.74456313346334,85.09030640052188,86.64550724695111,27194400
2023-01-06,86.51673889160156,86.86344587509146,84.06011933803855,85.97192766715298,41381500
2023-01-09,87.19031524658203,89.20118670166892,87.03182734539318,87.52711431751243,29003900
2023-01-10,87.58654022216797,87.8341836909419,85.02095751325994,85.16954510602008,30467800
2023-01-11,90.6573257446289,90.73657347544317,88.17099053953802,88.33938629940864,26862000
2023-01-12,90.27099609375,91.00402621551116,88.90400684293,90.61770300207336,30258100
2023-01-13,91.25167083740234,91.32101070844415,89.28042332532422,89.99363774602796,26329200
2023-01-17,90.42950439453125,91.38045455947204,89.20119470950107,91.19224307477705,32602400
2023-01-18,90.2611083984375,91.92527307231936,89.78562953840836,91.27149058446429,29116700
2023-01-19,92.17291259765625,92.72763161249016,89.77571780323882,89.86487339203985,37000400
2023-01-20,97.09605407714844,97.3734211280702,94.12433226315825,94.20357999199304,63191100
2023-01-23,98.8493881225586,99.09703164198855,96.58097257768254,97.02672788966429,40005100
2023-01-24,96.77908325195312,98.67108334612655,96.28379621881625,97.17531438995869,33078500
2023-01-25,94.32247161865234,95.25361373653048,92.87623426890434,94.66917105909177,42330000
2023-01-26,96.60076904296875,96.65030076385241,94.48094137779603,95.59038693126605,30114000
2023-01-27,98.433349609375,99.37439196772775,96.39276185389814,96.39276185389814,33879800
2023-01-30,96.02623748779297,97.36351075805584,95.49132666819197,96.56114830739395,27226200
2023-01-31,97.9083251953125,97.94794906005014,95.90736914967809,95.95690086997,29870700
2023-02-01,99.48335266113281,100.23619105914219,96.66021811544799,97.77956407707593,35531100
2023-02-02,106.72444152832031,106.83340527382167,104.61452161152837,104.80273309148161,69883800
2023-02-03,103.7923355102539,106.7937733186172,101.61307588023179,101.95977524535176,65309300
2023-02-06,101.93006896972656,103.37630614338306,100.91967922920541,101.43478195583818,31999600
2023-02-07,106.62537384033203,107.16028465247165,102.14798314396651,102.24703902233036,49010200
2023-02-08,98.433349609375,102.16781058689459,97.11588426169673,101.08808846115261,94743500
2023-02-09,94.11444091796875,99.08711923445635,92.7474439167084,99.05740322268637,119455000
2023-02-10,93.67858123779297,95.83803282228948,93.36159786564117,94.55028362184048,54980700
2023-02-13,93.71821594238281,94.30265103215068,92.9554696553359,93.84698785432812,50076100
2023-02-14,93.78755187988281,93.95594765552765,91.3903644792954,93.5399083660003,54726100
2023-02-15,96.02623748779297,96.20454109432663,93.26253536526079,93.59932686789149,50169000
2023-02-16,94.6097183227539,96.7592619405205,93.84697216323715,94.47103857692892,42462600
2023-02-17,93.46066284179688,94.65925657048464,92.33140899633962,93.95594988129498,34284100
2023-02-21,90.92478942871094,92.22243896547124,90.85544955020039,92.12338307581045,33629300
2023-02-22,90.78611755371094,91.24178073169509,89.75591958534133,90.83564172410104,30884000
2023-02-23,90.03326416015625,91.07336981273312,88.91391833662863,91.05355410188592,41206400
2023-02-24,88.28984832763672,89.04268660211446,87.74503722118865,88.59693137343157,36585100
2023-02-27,89.02288818359375,89.31015555075885,88.49787761482176,89.02288818359375,27502300
2023-02-28,89.21109771728516,90.37007511496472,88.47807502657972,88.48798288330664,30142000
2023-03-01,89.50826263427734,90.17194536629773,88.82476419108889,89.13184725435819,31111200
2023-03-02,91.13279724121094,91.41015671927016,88.74551055545453,88.8148579824483,32204400
2023-03-03,92.76725769042969,92.84650542514655,91.57856434211662,91.6082879107454,35160100
2023-03-06,94.23329162597656,95.06537762515192,93.1139458487006,93.13375400124997,32639300
2023-03-07,92.97526550292969,94.76820181739365,92.64837430690109,94.08471097544538,27835500
2023-03-08,93.36161804199219,95.05549901150617,93.11397449280919,93.23284611711031,34103300
2023-03-09,91.44977569580078,94.62951678363798,91.03373650093877,93.16347174722559,28813500
2023-03-10,89.77571868896484,91.91536215154204,89.54789090168737,91.30120355228826,35941000
2023-03-13,90.25120544433594,91.69744270082337,88.57713282311968,89.2408156459463,37335600
2023-03-14,93.08424377441406,93.47056704552529,91.56866670198077,91.6875307500272,36050200
2023-03-15,95.20405578613281,96.01632606180534,91.76676322869018,92.34129789031874,50622100
2023-03-16,99.37438201904297,100.23618410795306,94.59981570662057,95.29321447414841,65492000
2023-03-17,100.66212463378906,101.87061846985974,99.15644804076712,99.31494349581332,61028500
2023-03-20,100.26588439941406,100.79088732073335,98.92861123884107,99.17625469663157,32960400
2023-03-21,103.93101501464844,104.10931862450688,100.26589449336605,100.2956105020959,42110300
2023-03-22,102.3956298828125,105.58527158969119,102.35600601870802,103.28714037398593,43427400
2023-03-23,104.60460662841797,105.29801292140883,103.47535294059679,104.06969579353225,40797800
2023-03-24,104.44612121582031,104.49564537954834,102.86119682693183,104.00035839739058,30393300
2023-03-27,101.49420928955078,103.77253247115901,100.96920628828376,103.6338527182764,31120900
2023-03-28,100.07768249511719,101.48429565568745,98.7998412241836,101.47439535781645,32057900
2023-03-29,100.43431091308594,101.52394094976466,99.70128816949929,101.31592128837443,28779600
2023-03-30,99.93901824951172,100.20647748309447,98.83948041696144,99.9588339632855,33086200
2023-03-31,102.75224304199219,102.91073095009241,100.08759659739673,100.34514795022433,36863400
2023-04-03,103.37630462646484,103.54470039492068,100.96920947198919,101.42487261118261,25035400
2023-04-04,103.73291015625,104.5848043981141,103.05931953611281,103.34658690208836,24420100
2023-04-05,103.4852523803711,105.09988505174357,102.6828899720327,104.78290171879074,28290500
2023-04-06,107.39802551269531,108.14095597289517,103.34658169732893,104.26781577027593,48711500
2023-04-10,105.43669128417969,106.57584525506634,104.12913400189751,105.97160211204229,27067400
2023-04-11,104.35696411132812,105.72396099898825,103.69328137868473,105.5456573857056,26311800
2023-04-12,103.6536636352539,105.74377539759396,103.35648840973943,105.57537962995973,24370300
2023-04-13,106.41736602783203,106.47679804994421,104.84234942454029,104.84234942454029,24843600
2023-04-14,107.84378814697266,107.91312802084542,105.83291668970352,105.88244840996097,26578000
2023-04-17,104.97112274169922,105.15933421068411,103.53478597901366,103.67347328496217,37571200
2023-04-18,103.51498413085938,105.53575601983307,103.08903700390688,105.48622429630001,26596400
2023-04-19,103.19801330566406,103.9904756337312,102.09847541527432,102.60367033835414,20905700
2023-04-20,104.29753875732422,105.24848890310409,102.89092547236734,102.93054933979316,27820800
2023-04-21,104.41641235351562,105.00084740487684,103.79234587649182,104.47584437704927,25800100
2023-04-24,104.97112274169922,105.62489761912755,103.71308959239947,104.49564392017723,23542800
2023-04-25,102.87110900878906,105.68434311564164,102.86120115263496,104.83244886590656,46664100
2023-04-26,102.73243713378906,105.34755210558068,101.66261531147053,103.93103086607017,53347600
2023-04-27,106.57585906982422,107.34851318187737,102.56403867704657,103.46545713822148,50089200
2023-04-28,106.32820129394531,106.338109149272,104.09940996663532,106.03103365145822,36139800
2023-05-01,106.18952178955078,106.9720760975855,105.81310641855707,105.83291457177599,26681700
2023-05-02,104.32726287841797,106.1895394473162,102.73243798858448,106.13010742029749,30997200
2023-05-03,104.41641235351562,106.47680059664341,103.97064950457289,104.53527640058293,21795400
2023-05-04,103.70318603515625,104.60460437187565,102.9899716040275,104.49564063614879,23419500
2023-05-05,104.57489013671875,104.88196563853086,103.12865309684194,103.83195968460865,26639300
2023-05-08,106.75415802001953,106.94236950082018,104.16876679983567,104.18857495479786,26511400
2023-05-09,106.33811950683594,109.1117297850802,106.17963159356827,107.36831739425581,36360100
2023-05-10,110.69664764404297,111.87543315591678,106.91265515886795,106.95227902689095,63153400
2023-05-11,115.4712142944336,116.80848772250684,113.33157832101242,114.31224449393545,78900000
2023-05-12,116.40234375,116.91743886441324,115.01553874699306,115.5801655805234,41102300
2023-05-15,115.41177368164062,117.3632055833455,114.91648670384667,115.01554258790955,36266800
2023-05-16,118.38349151611328,119.61180106311025,115.33252202302734,115.39195403994484,45035600
2023-05-17,119.7009506225586,120.52312880202415,117.76933447319193,118.48254891525943,33323600
2023-05-18,121.67221069335938,122.14768199859776,119.69106262074578,119.80992666831531,35234200
2023-05-19,121.60285949707031,124.78260095081902,120.99860878655475,122.38541381982782,41353400
2023-05-22,123.87128448486328,125.23827391464934,121.5830533547579,121.78117269366314,35253000
2023-05-23,121.40473937988281,123.45522712851732,121.0580400132015,122.98966372610492,34046300
2023-05-24,119.7603988647461,120.76088072713313,118.73020099136893,119.97832635531356,34182600
2023-05-25,122.31607818603516,124.1387306788188,120.81040150658113,123.34626847305567,42317000
2023-05-26,123.4354248046875,124.07929940606435,121.2957813707238,122.0089958487117,35635900
2023-05-30,122.50428771972656,124.47553546863793,120.85003091363836,124.45571975597146,35076700
2023-05-31,121.71183013916016,122.89060806044641,121.34531503835157,121.59295853842984,37325800
2023-06-01,122.55381774902344,123.24721653315949,121.46418784931825,121.66229962836286,30772700
2023-06-02,123.49486541748047,124.96091834173134,122.59344695882075,122.82127475890255,26980100
2023-06-05,124.82222747802734,126.22884069489605,122.67267622973692,122.84107954751497,32305500
2023-06-06,126.10997009277344,127.08072835419054,124.17835386828453,124.82222846227405,26638300
2023-06-07,121.34530639648438,127.82365324658018,120.96889102386538,125.77317307174053,52539000
2023-06-08,120.98870086669922,122.06843039511246,120.09718280596337,121.07785645151252,29389200
2023-06-09,121.0778579711914,122.59343491472501,120.76087460756005,121.09766612502108,23778300
2023-06-12,122.47457122802734,122.88071020381717,120.51323890061894,121.63258482252455,28306400
2023-06-13,122.66277313232422,123.9802382898457,122.0188985581049,123.80193467786927,22278300
2023-06-14,122.50428771972656,122.88071068558905,120.3052121775111,121.93966082841287,30592300
2023-06-15,123.91090393066406,124.27741904880322,121.2462648829115,121.97928756170958,35246300
2023-06-16,122.36561584472656,124.92129880479504,122.11797232280088,124.74299516670932,45535600
2023-06-20,121.93965911865234,123.39580412253898,120.98870897595658,121.77126335074871,26097500
2023-06-21,119.41368865966797,121.50380022812683,118.96792586274573,121.24624889373705,30306300
2023-06-22,121.98920440673828,122.07835244996011,117.70992451003266,118.8688944168011,26952200
2023-06-23,121.18682098388672,121.63258382371362,119.91888745789723,120.2358708393946,34913600
2023-06-26,117.22452545166016,120.85002997860882,117.1551855728241,119.62172031459276,33969900
2023-06-27,117.21463012695312,117.95756067064339,115.0056466517561,115.97641255413603,39535900
2023-06-28,119.04718017578125,119.25519980286133,115.74856703748377,115.98630267450676,27091400
2023-06-29,117.97737884521484,118.9283291149959,117.18492406580442,118.11605862054869,24090900
2023-06-30,118.57171630859375,119.93871339832693,118.5618160090164,119.03728734306921,29532200
2023-07-03,118.76982879638672,119.05709617461561,117.7000070203923,118.11604630300786,14467900
2023-07-05,120.60238647460938,121.45428073315573,118.1061432790298,118.1160435778064,27584800
2023-07-06,118.97783660888672,119.16604807599226,117.28395607737501,118.67076110569717,24745200
2023-07-07,118.3537826538086,119.90898350271272,118.27453492148081,118.96793368564964,21709500
2023-07-10,115.35234832763672,117.19481671679651,115.0452727819369,117.18491641740523,35315200
2023-07-11,116.03582763671875,116.60045446518235,114.26269942444343,115.19384132163853,23078800
2023-07-12,117.80895233154297,119.19575728069908,117.2938572371313,117.6801804473098,30404400
2023-07-13,123.3660888671875,123.65335623874292,119.31463721160668,119.79011606460736,44297900
2023-07-14,124.23779296875,125.5849742534972,122.32598478947493,123.62364190723412,33283100
2023-07-17,123.47505187988281,125.90195518182102,123.02928904081584,124.75289325990691,25716200
2023-07-18,122.59343719482422,123.50476343752902,121.80097499226719,123.4255157057774,26193600
2023-07-19,120.87975311279297,124.00006295924167,120.65192530782674,123.42552818218525,37224000
2023-07-20,118.07642364501953,122.92033014114742,117.10566530896473,120.27549924350316,37906800
2023-07-21,118.8886947631836,119.84955280579004,117.61086088273697,119.48304524220468,72937900
2023-07-24,120.38445281982422,121.84059775832779,119.83964167327879,120.51323227212808,29686100
2023-07-25,121.05805206298828,121.98919407545517,119.87926654145934,120.21606564367339,52509600
2023-07-26,128.05149841308594,129.74537139876955,127.11045618604405,128.8439605940008,61682100
2023-07-27,128.18026733398438,131.98408291547318,127.57601659985137,130.4288745072281,44952100
2023-07-28,131.33030700683594,132.47937651181306,129.3392586434395,129.54727072583006,36591200
2023-07-31,131.46897888183594,132.27134138142645,130.53783692899188,131.47887918017878,28055500
2023-08-01,130.31002807617188,131.3798499360139,129.4482183164605,129.54728177411607,23166800
2023-08-02,127.16988372802734,128.86375665408545,126.35760586456863,128.2297899546614,26273300
2023-08-03,127.2392349243164,128.17037695867327,126.2189448521919,126.76376360792844,20089500
2023-08-04,126.90243530273438,130.27038084502357,126.70432352641613,128.06140506490377,26147200
2023-08-07,130.29017639160156,130.36942411285528,127.80384148646446,127.94252121991917,22746300
2023-08-08,130.1614227294922,130.2703864784232,128.3189544116336,129.388776187967,23535200
2023-08-09,128.4378204345703,130.79537612894666,127.78403800787017,130.4189683106613,24912900
2023-08-10,128.46754455566406,130.80529980166855,128.22980135413556,130.08218501342233,20857800
2023-08-11,128.3387451171875,128.7052526035577,126.96184807533274,127.44723470143826,19591100
2023-08-14,130.0920867919922,130.13170310188443,127.7444312206599,128.170370790581,24695600
2023-08-15,128.5566864013672,130.18122707956528,128.06139942490483,129.86425127440808,19770700
2023-08-16,127.48690032958984,129.05200942619103,126.66472946268813,127.48690032958984,25216100
2023-08-17,128.69534301757812,130.74583798674223,128.07127670262275,128.5764790013795,33446300
2023-08-18,126.25856018066406,128.03168853418597,125.18873845493916,127.29865833833011,30504800
2023-08-21,127.15998077392578,127.51658802197558,125.36704423496647,125.98120284160333,25248700
2023-08-22,127.86329650878906,129.05198231159494,127.110465693836,127.29866206135424,22054900
2023-08-23,131.1222686767578,132.15247404718667,128.6458338064408,128.9529093119667,27819700
2023-08-24,128.5566864013672,132.9845531801372,128.34867433563005,132.68737797126798,28500700
2023-08-25,128.65574645996094,129.5274412374435,126.05053219547979,128.3189398374532,26762900
2023-08-28,129.7751007080078,131.29067779366306,128.9133061222322,130.07227594567678,20543300
2023-08-29,133.3015594482422,135.28270758219568,130.99352005839108,130.99352005839108,43075600
2023-08-30,134.5991973876953,134.9954209341487,132.8062609003106,133.50955996250931,28315800
2023-08-31,134.88644409179688,136.69919611494214,134.5100211787518,134.72794864262443,30053800
2023-09-01,134.38124084472656,136.16427664813094,133.57887851193362,136.16427664813094,21543700
2023-09-05,134.49024963378906,135.1341167520606,133.31146403775733,134.16335836737144,19403100
2023-09-06,133.1925811767578,135.24306141209425,132.41001928477638,134.73787413439317,18684500
2023-09-07,133.98500061035156,134.30199146701318,131.69677765554098,132.33074425390822,18844300
2023-09-08,135.09449768066406,135.37185721348425,133.5789205495535,133.63835257587766,23558300
2023-09-11,135.62937927246094,136.18409824910339,134.51002590640553,135.2529563461856,20763400
2023-09-12,134.06430053710938,135.57987776275795,133.91572046203083,134.9756269325021,18405500
2023-09-13,135.42138671875,135.60958309403551,132.88550442248655,133.8166464595188,20749500
2023-09-14,136.7982940673828,137.3926294793097,134.95582557198202,136.30300699996283,24751000
2023-09-15,136.1048583984375,137.21431153088753,135.19353215336167,136.67939311891212,38919600
2023-09-18,136.9072265625,137.84826875270798,135.32230226270676,135.32230226270676,21861300
2023-09-19,136.73880004882812,137.1053226312494,135.33218707333603,136.1246491325453,20353700
2023-09-20,132.47938537597656,136.77847333591484,132.36050620598186,136.77847333591484,29927500
2023-09-21,129.2104949951172,130.98361607921908,128.84398739512656,130.2010691485726,31503900
2023-09-22,129.0222625732422,130.78548307138033,128.37839552385094,129.52744986822796,26397300
2023-09-25,129.8741455078125,129.93357752381922,127.74441765446007,128.60621211647438,20094600
2023-09-26,127.35812377929688,129.131244830185,126.02084265119693,128.54680971818473,25718700
2023-09-27,129.3095245361328,129.6661317841142,127.35810764338333,127.35810764338333,22746500
2023-09-28,131.06285095214844,132.04352470913275,128.56660009843606,128.61613182423616,22513100
2023-09-29,129.6265106201172,132.78644401015598,129.1312236339659,132.02369781929437,30859800
2023-10-02,132.90533447265625,133.15297801496536,129.93361196494698,129.9732433960953,22288000
2023-10-03,131.1817169189453,132.99446928200175,130.59728184486156,132.6774934391783,22989400
2023-10-04,133.96524047851562,134.29213173006787,131.2807781421106,131.53832195471514,26752300
2023-10-05,133.7968292236328,134.21286846430397,132.19208916394834,133.7968292236328,19832600
2023-10-06,136.28318786621094,136.85772266380047,132.74683103836537,132.74683103836537,27597600
2023-10-09,137.11526489257812,137.63036765595723,134.33175409434926,135.64921945907278,19278100
2023-10-10,136.75865173339844,138.4030082937137,136.03553690481087,137.19450673636976,27786600
2023-10-11,139.22520446777344,139.7799235919556,137.2737721177282,137.2737721177282,25884300
2023-10-12,137.66006469726562,139.88885611158636,136.95675053372017,139.72046035185502,24765500
2023-10-13,136.06524658203125,138.68036136313773,135.33221637344056,138.06621031388815,23420500
2023-10-16,137.78884887695312,138.31385188558824,136.68931113689553,136.86760720097854,28501900
2023-10-17,138.40298461914062,138.58128066351554,135.88691848326934,137.32326271053788,23515800
2023-10-18,136.65957641601562,139.3935548290278,136.08504176325326,138.135521794273,23375000
2023-10-19,136.45156860351562,138.34356857254127,136.08506106002469,137.19449910407923,26066000
2023-10-20,134.3218536376953,136.57044595575792,133.8067508749185,136.0355425938075,26335700
2023-10-23,135.2133331298828,136.36240244560938,132.6873667407286,133.76708863043964,26317900
2023-10-24,137.50157165527344,138.04639036690818,136.12467442857437,136.5308133876984,44814300
2023-10-25,124.4260025024414,127.10054931723444,123.8910916279868,126.95196926111923,84366200
2023-10-26,121.12739562988281,123.15807548898972,120.1269137067269,122.10806183952178,57061100
2023-10-27,121.0184326171875,122.14768645517988,119.0769083420869,121.721739301728,44566500
2023-10-30,123.28682708740234,124.21796897481899,121.59294661979997,122.04860970838199,28940100
2023-10-31,122.9104232788086,124.1882646409759,121.53352602850394,123.88118156302635,26292300
2023-11-01,125.2580795288086,125.29770339578583,122.55381673556106,122.90051612476204,30082400
2023-11-02,126.28826904296875,127.76422209219731,125.73355005694552,127.2095031061741,27124600
2023-11-03,127.88311004638672,128.30904961320581,126.65479283923435,126.81328830756881,26393100
2023-11-06,129.0222625732422,129.1114106050115,127.45715385068908,127.83357680477238,19052700
2023-11-07,129.7354736328125,130.66661557993928,128.6557516366588,129.47792984284607,29757300
2023-11-08,130.5972900390625,130.96381274636772,129.54728387670204,129.73549538032546,26425800
2023-11-09,129.0123748779297,131.30059860663678,128.84397909648382,130.71616352133154,23747800
2023-11-10,131.3402099609375,131.54823716249373,128.19019172994675,128.87369024439658,26913300
2023-11-13,130.84490966796875,131.34019664387745,130.0128311760323,130.5378341612988,18324800
2023-11-14,132.36050415039062,134.4209000570862,132.06334401742188,132.9251386329532,32395200
2023-11-15,133.35107421875,133.75721320819443,132.31098355475115,133.59871773207556,23861500
2023-11-16,135.63925170898438,135.92652655106775,133.0538688199662,133.9156631163056,28013200
2023-11-17,134.03457641601562,134.77750697640147,132.39021981477103,134.71807494996435,37240600
2023-11-20,134.9656982421875,135.37183718191923,132.360483964102,132.42983139452585,27815500
2023-11-21,135.6789093017578,135.886921357929,134.67843509669842,135.00531118496744,22635300
2023-11-22,137.18460083007812,138.10582740919213,136.1742111022112,136.1742111022112,17813900
2023-11-24,135.4015350341797,136.82796372345382,134.70813639771495,136.72890029754885,12514300
2023-11-27,135.1241912841797,137.11523941063973,134.71805235170586,134.7477683599397,23436500
2023-11-28,135.90673828125,135.95627000005229,134.1435179195899,134.79730033187963,18730000
2023-11-29,133.7175750732422,136.98645682367243,133.56897992052205,136.27325752745637,23967200
2023-11-30,131.28074645996094,134.2722836127016,130.04252919152023,133.77699670532533,38988300
2023-12-01,130.6170654296875,130.86470888643157,129.43828015719262,130.6170654296875,31442300
2023-12-04,128.05149841308594,128.80432917172766,126.69440938445004,128.65574912560064,36669900
2023-12-05,129.75526428222656,130.89441807796456,127.04108669622127,127.7344853160164,27384800
2023-12-06,128.79443359375,130.59727038431748,128.65575384062942,130.20104683681856,23576200
2023-12-07,135.63925170898438,137.2538917032344,133.43027655396614,133.767067989897,56767100
2023-12-08,133.7175750732422,135.1142727730799,132.76661748669068,132.93501323447373,32260100
2023-12-11,132.03358459472656,132.0831163112605,130.12178427916996,131.13217385962292,31138000
2023-12-12,131.27088928222656,131.74636063729966,130.0227561920871,130.56757499215098,29032800
2023-12-13,131.32040405273438,132.24163062890102,130.32983004053287,132.122766584224,30104800
2023-12-14,130.69630432128906,132.4595244050072,128.46751336114417,132.12273295417475,38722400
2023-12-15,131.35012817382812,132.2515390932176,129.9434996884881,130.37935469916124,50847100
2023-12-18,134.51995849609375,135.85722438947897,131.18171368224796,131.37984058345504,32258000
2023-12-19,135.36190795898438,136.1741857555767,134.79728873509703,135.5501194052659,25476800
2023-12-20,137.0360107421875,140.3643401618969,136.76856663088765,137.66007723180817,49107200
2023-12-21,139.0963897705078,139.3638489644379,137.86807265297588,138.17516326857788,27488300
2023-12-22,140.1563262939453,140.6516133137084,139.3836797523117,139.44311177628964,26532200
2023-12-26,140.18601989746094,141.3350741122673,139.859128702875,140.25535220936578,16780300
2023-12-27,139.04685974121094,140.74074783674814,138.57138848007864,140.25536116259798,19628600
2023-12-28,138.90818786621094,139.80961383431003,138.4327165781313,139.45300658951038,16045700
2023-12-29,138.373291015625,139.03697381318452,137.4718650054482,138.3138589912108,18733000
2024-01-02,136.86761474609375,138.13554832155825,135.1935421823269,137.24403772207745,23711200
2024-01-03,137.6105499267578,138.31386417693605,135.78789723990403,135.95629302037804,24212100
2024-01-04,135.1044158935547,137.8483106873682,135.06479957573947,137.11528033060188,27137700
2024-01-05,134.45059204101562,135.86712058649852,133.8760573616901,135.4609816574128,22513900
2024-01-08,137.53128051757812,137.69967627152062,134.97559796988412,135.00531397852347,21404000
2024-01-09,139.62139892578125,140.15631733731945,136.84778876936215,137.19449570702432,24759600
2024-01-10,140.9388427734375,141.652057137452,139.5817614684174,139.67090948517995,21320200
2024-01-11,140.74073791503906,143.85113927664221,139.3143091172413,142.13745070579583,24008700
2024-01-12,141.30538940429688,141.85020818261793,140.48322620196657,141.325205118498,18785500
2024-01-16,141.1468963623047,142.98936462858398,140.1166909258045,140.66150965520748,22670500
2024-01-17,140.136474609375,140.5029820731337,137.59069272608775,140.01761059193032,20968600
2024-01-18,142.12757873535156,142.85070876759693,140.65163288466186,140.71106491690944,25746400
2024-01-19,145.00022888183594,145.06956120297735,143.01908085553387,143.37568810486664,34271900
2024-01-22,144.6138916015625,146.99126295666431,144.46529644501962,145.71342925416275,32200400
2024-01-23,145.6540069580078,145.79268672545237,144.12852951611768,144.5148528050676,21636100
2024-01-24,147.29833984375,148.4375089281707,146.70400455684052,147.13984438792403,25233500
2024-01-25,150.4384765625,151.60736180458775,148.13043720567228,148.6554553594219,29149100
2024-01-26,150.7554473876953,151.10213919091456,149.5865623016617,149.67572544188013,26115500
2024-01-29,152.0630340576172,152.3304933133538,150.002637988347,150.62670454674503,27784300
2024-01-30,150.03233337402344,152.1719615652673,149.7648741820085,151.3596988063133,36331800
2024-01-31,138.7794189453125,142.64265137404246,138.55157604993053,142.2662284294629,71910000
2024-02-01,139.8294219970703,141.71150645053427,139.46289935847955,140.78036452188786,40466500
2024-02-02,141.03793334960938,141.2756614400684,135.21335329400358,137.94733213900224,62499600
2024-02-05,142.32566833496094,144.0988043000788,141.43415776046106,141.4737891857491,38505400
2024-02-06,142.74172973632812,143.98984762492026,141.8403037037534,143.2865333836356,29128200
2024-02-07,144.1681365966797,144.24738433228183,142.57331181571678,143.3954900682589,25208900
2024-02-08,144.53465270996094,144.95069196678878,143.73229020643873,144.45540497795193,22563800
2024-02-09,147.5955352783203,148.0313902841131,144.8021091675361,145.29739619867138,26829500
2024-02-12,146.1393585205078,147.93229476618814,145.98086307730932,147.02096864023295,21564100
2024-02-13,143.77191162109375,145.28748865156425,142.3355823254468,143.553984129069,27837700
2024-02-14,144.5643768310547,145.13891158413554,142.73180882355612,144.70305659111142,22704200
2024-02-15,141.42425537109375,142.1671858771817,139.13603183073639,141.79076291731,37590700
2024-02-16,139.19544982910156,141.8402803505169,138.81902690715387,141.6421685918449,31468900
2024-02-20,139.789794921875,140.74075259122355,138.17516961610025,138.343565378545,25144700
2024-02-21,141.20632934570312,141.34500910368052,139.35394565312507,140.11669187948075,23223300
2024-02-22,142.7318115234375,143.6332375383376,141.4539776469549,143.56389009951735,27191900
2024-02-23,142.60304260253906,143.31624199133967,142.07802446605524,142.31576767229546,19493800
2024-02-26,136.2732696533203,141.097360098055,136.09495847718128,140.80018488112955,53641800
2024-02-27,137.5709228515625,137.9374303971592,135.7977869156524,136.7190286014233,33099200
2024-02-28,135.09449768066406,136.70912315066133,134.13363961519383,136.60015939741334,37328600
2024-02-29,137.15489196777344,137.55111554859022,135.1142966931809,135.9860067089307,42133000
2024-03-01,135.8473358154297,137.56102483106488,135.62940829726085,137.1251697947272,31151100
2024-03-04,132.09303283691406,134.38125607946606,130.666604032477,134.38125607946606,55999400
2024-03-05,131.41946411132812,131.98409860384518,129.4383159101504,130.63691722244587,40194800
2024-03-06,130.1614227294922,132.3208819951356,129.6166190997975,131.86521128643497,35318600
2024-03-07,133.1133270263672,133.66804599825636,130.3694330601028,131.53830302016095,37738200
2024-03-08,134.1336212158203,136.788352127219,132.73690832894798,132.94493550750806,39370400
2024-03-11,136.372314453125,137.78884306732874,134.84683721432617,134.84683721432617,32437800
2024-03-12,137.1945037841797,138.06621377136466,135.73835874420493,135.73835874420493,27563400
2024-03-13,138.4723358154297,139.7600850663766,137.6798886901947,137.68978898902412,23347200
2024-03-14,141.75115966796875,142.2365313030922,139.13604465019097,139.85915951055284,42753400
2024-03-15,139.84922790527344,141.83037587468064,138.7100738688481,141.15679282026272,49475400
2024-03-18,146.28794860839844,150.7158152205623,145.78276135280063,147.20919020973375,69273700
2024-03-19,145.64407348632812,147.38747803925833,144.70303134193375,146.76342678537355,24070400
2024-03-20,147.33798217773438,147.45684622092818,145.3568341780524,146.60495197646654,21311500
2024-03-21,146.20875549316406,148.95263509798377,145.51534147292153,148.06112437904696,24755600
2024-03-22,149.34886169433594,150.15122429911875,147.57572558614754,147.7144053559253,29211800
2024-03-25,148.65545654296875,148.96253208338902,146.42666490641565,148.5266770782916,19229300
2024-03-26,149.24978637695312,150.82479544746644,148.56628788202391,148.80403108916107,22149100
2024-03-27,149.44790649414062,150.210652767324,147.49647434889332,149.75498204030305,22879200
2024-03-28,149.50732421875,150.00261121097796,148.75449343194893,149.42809160115786,24485400
2024-04-01,154.02435302734375,154.27199652143653,149.19034718586528,149.2695949177701,31730800
2024-04-02,153.10311889648438,153.24179865539583,150.71583186847434,152.05311284830339,24586000
2024-04-03,153.45973205566406,153.6182275333651,151.29037243888334,152.15218215203225,24705000
2024-04-04,149.111083984375,153.3111226498397,149.03183626069176,152.05308959817475,34724700
2024-04-05,151.0625457763672,151.97387210758342,148.18988701742387,148.6158266126285,23459200
2024-04-08,153.39036560058594,153.80640480075897,151.17147475137236,151.33987049085022,20702000
2024-04-09,155.12387084960938,157.06538712990186,153.72715809447737,154.61866851288306,31079500
2024-04-10,154.66822814941406,155.13379915183737,153.22198341774504,154.73757558656484,22838600
2024-04-11,157.9074249267578,158.1748690577912,154.98523428039098,155.4309896137416,27166400
2024-04-12,156.2432403564453,158.7097751773131,155.65880529572482,156.47108327025333,25353700
2024-04-15,153.40028381347656,157.73900258836812,153.13282461250074,157.36257964736208,27136500
2024-04-16,152.94464111328125,154.18285878782194,151.9837829886407,152.73662900833705,20779500
2024-04-17,154.00454711914062,155.59937192721887,153.1229368286477,154.15312717907076,21763100
2024-04-18,154.53944396972656,155.46068564754503,153.16254671725525,153.87576120493418,19883000
2024-04-19,152.63754272460938,154.886149917532,150.86442193038377,154.72765445129966,32615600
2024-04-22,154.80690002441406,156.15408123867272,152.60782458474242,152.85546807916526,26446200
2024-04-23,156.7682342529297,157.4715484365775,154.80690198445652,155.4805001575941,21151600
2024-04-24,157.6300506591797,158.0659056519581,155.68851890451947,156.00550985016204,22779100
2024-04-25,154.52955627441406,155.01494301435423,149.44790641398717,149.90357714076376,57109700
2024-04-26,170.32919311523438,173.06318697805824,168.05086993453432,172.72638033694088,64665300
2024-04-29,164.5838623046875,167.95182293786596,163.65273545115042,167.46643624163954,45610000
2024-04-30,161.2456512451172,166.51551272721193,161.067355161794,164.04897776984578,33562900
2024-05-01,162.31546020507812,165.54472608248636,161.55271397427848,162.7513151941065,33493200
2024-05-02,165.04940795898438,165.15837168570206,162.3451456149363,163.23665602265763,24294500
2024-05-03,165.66357421875,166.3767885917812,161.51306741637478,165.98054998734318,34662400
2024-05-06,166.5155029296875,166.5551192408857,164.46500740235146,165.88153614579352,21871300
2024-05-07,169.63580322265625,170.14099053831322,166.8027608824853,166.91172463075958,28039700
2024-05-08,167.78341674804688,168.54614778977586,167.14945003877577,167.40699381865014,19569100
2024-05-09,168.35797119140625,169.08108601143434,166.59473548708618,167.79333673106953,15346700
2024-05-10,167.060302734375,168.24900365253,164.62349910506936,166.4461516776323,29799900
2024-05-13,167.54568481445312,167.6843645690759,162.45413508764602,162.71167888481415,31327600
2024-05-14,168.73435974121094,169.63578564580942,167.20888253839394,168.16974046044572,25127100
2024-05-15,170.8839111328125,171.02259088483336,168.90276318110884,169.02164233638342,26948400
2024-05-16,172.5381622314453,173.4693041567708,171.0622167291373,171.65655202628884,27867900
2024-05-17,174.40049743652344,174.608524676506,172.05284133581225,172.53821303749933,24479300
2024-05-20,175.25234985351562,177.0849177951841,174.42027132306535,174.52923506740714,22554400
2024-05-21,176.17361450195312,176.47077464803155,174.15283481884995,175.2325569894993,16989400
2024-05-22,174.71743774414062,175.4801688011517,173.55846803904691,174.97498152917515,17880000
2024-05-23,171.9141082763672,176.5698027163018,171.31975787341443,175.40093273610896,21024900
2024-05-24,173.34054565429688,174.11319214706063,172.01316503791867,173.33063024095415,16579400
2024-05-28,174.7372283935547,175.5990379572273,172.7263646032487,172.80561232835413,20572200
2024-05-29,174.241943359375,175.17308524588108,173.07307340990275,173.77637241612194,23388700
2024-05-30,170.48770141601562,173.568387335375,170.17071046285272,173.54857162206218,22931500
2024-05-31,170.8740234375,171.42874248649764,167.84286926621976,170.24005665079406,37638900
2024-06-03,171.5377197265625,172.88490114362781,169.5466711730528,170.91365318988204,27459100
2024-06-04,172.15184020996094,172.21128734355756,170.2697557499601,171.64665293658192,26879600
2024-06-05,173.756591796875,174.98489390330127,172.2905313702321,173.54856460290543,22068500
2024-06-06,175.06417846679688,175.48021782729867,174.09341995895937,174.24200004665175,23251000
2024-06-07,172.81553649902344,176.19338215245025,172.65704104078017,175.3811193801314,19661400
2024-06-10,173.559326171875,175.59233662545498,171.32797655674506,173.5196643924882,23726700
2024-06-11,175.15599060058594,175.37416822945534,172.3296233521922,174.7593122566282,21540600
2024-06-12,176.31626892089844,178.9145616902939,174.65020192278865,176.77246257931822,27864700
2024-06-13,173.7080841064453,175.2749891373828,173.43040626625967,174.6502064308114,20913300
2024-06-14,175.32455444335938,175.59232060979843,172.70643840569585,172.77586542867536,18063600
2024-06-17,175.7708282470703,176.8815395045709,173.36096312594307,174.00558422755435,19618500
2024-06-18,173.63864135742188,175.9195792372448,172.65685734434638,175.67165153579245,21869900
2024-06-20,174.83863830566406,175.82042243225433,173.53949942101505,173.91633928082513,20160100
2024-06-21,178.14102172851562,179.35091015505034,175.1460507765767,175.53281739605538,57759000
2024-06-24,177.73440551757812,179.39056068860404,177.18896156728684,178.66661606311132,18298000
2024-06-25,182.50453186035156,182.76237121301742,177.93274460366004,178.13108373127267,23130200
2024-06-26,182.35577392578125,182.98054139588885,180.96736982400972,181.11613551293428,19839000
2024-06-27,183.8731231689453,184.50781754506613,182.49464561148105,182.65330785628058,18848900
2024-06-28,180.64015197753906,183.59546164266575,180.45173959932478,182.79217815659018,29156600
2024-07-01,181.4731903076172,182.3558124386787,179.79719639831535,181.5128520869906,16006100
2024-07-02,183.70452880859375,184.0317952147811,180.05502490239206,180.54096868108974,17372500
2024-07-03,184.2797088623047,184.5474598841237,182.47478793552256,183.31774817184274,10242100
2024-07-05,189.02012634277344,189.27796576017548,184.25991042338777,184.31941066337984,20967500
2024-07-08,187.46310424804688,188.59365403276064,186.22346566251395,188.32588786123958,21035900
2024-07-09,187.4135284423828,189.77380531232768,187.15568904666173,188.73250580309858,15121400
2024-07-10,189.5952606201172,190.16054303109576,187.4630884852071,187.58208893707388,15952500
2024-07-11,184.03179931640625,189.27794332888038,183.54585552687806,188.2763207656611,25625800
2024-07-12,183.53594970703125,185.55903335294278,182.96075554978484,183.54586136873434,22898400
2024-07-15,184.98382568359375,186.67965791404401,183.38717059216182,183.38717059216182,16474000
2024-07-16,182.39547729492188,187.1160160000062,181.85003324241117,185.80696540628884,18290700
2024-07-17,179.5194854736328,182.02851247832055,178.40875913579774,181.45331842336967,20734100
2024-07-18,176.2171173095703,180.98724445457364,175.00722876619346,180.4219619618105,25315700
2024-07-19,176.18736267089844,178.79555205599942,175.66175710285674,177.39725118322656,18881900
2024-07-22,180.16412353515625,181.18558458642863,178.73605736925484,179.0930739107302,24100300
2024-07-23,180.2831268310547,182.08804802244904,180.03519909370766,180.54098136257284,36352700
2024-07-24,171.19908142089844,174.7295702968364,170.39579790087214,172.16104233884113,49585200
2024-07-25,165.89341735839844,171.982522384464,165.8041669988135,171.08998852399645,44852000
2024-07-26,165.61572265625,166.69668392087527,162.7000901475995,165.76447324044335,41336900
2024-07-29,168.12472534179688,169.0172589803579,166.59749741680673,167.4305308304377,20293800
2024-07-30,168.87841796875,169.81062850049108,167.04376214966652,168.8288445367978,18959700
2024-07-31,170.1180877685547,172.80563107068153,168.60077124290896,171.80400847021264,25729100
2024-08-01,169.3445281982422,172.60726515496935,167.48012221241805,168.83876114552442,24531400
2024-08-02,165.27853393554688,167.1131899291379,163.3050238959055,165.06035633790583,29130100
2024-08-05,157.92996215820312,163.06701740006122,153.64576377052947,154.21104625180902,53630700
2024-08-06,156.9779052734375,159.23901995455182,155.11349914776707,158.0092930412871,49004600
2024-08-07,157.62252807617188,161.62903333217733,157.15642275675472,159.91337776437143,25138600
2024-08-08,160.68692016601562,162.33316393530674,158.88201414908212,159.17951532110402,25578800
2024-08-09,162.3133087158203,162.43230917233856,157.74152121280017,158.68364346895095,28602300
2024-08-12,160.9447479248047,163.53311386044192,160.4984810667238,162.98768499629125,15895300
2024-08-13,162.7992706298828,163.36453799371506,161.6191321967266,162.05548742905071,18551700
2024-08-14,159.04067993164062,161.86706218713195,156.40274030979796,161.05385194604304,40591100
2024-08-15,159.9629669189453,160.30014498417518,158.28697312159332,159.1695951936991,31524300
2024-08-16,161.60919189453125,163.6917754083996,159.79435939024972,160.13153741645147,24208600
2024-08-19,165.28843688964844,165.30827534265444,162.8984102346736,163.9099594856968,22416200
2024-08-20,165.7942352294922,167.24213992598882,165.437233801864,165.51655736424223,18341500
2024-08-21,164.4752655029297,165.46697644323723,163.3050387245666,163.78105573886796,22902000
2024-08-22,162.44227600097656,166.20085429131578,161.95633212991692,165.87358782292583,22493300
2024-08-23,164.24716186523438,164.80251757325382,162.4720059319359,163.3546280676757,13955700
2024-08-26,164.78268432617188,166.1611618513878,163.09677884769525,165.00086193151313,14190400
2024-08-27,163.31492614746094,165.0603468280275,163.0967636946959,164.46531429923328,11821900
2024-08-28,161.50013732910156,164.22734249342142,160.19107158671994,163.6719716397299,16407400
2024-08-29,160.43898010253906,164.59425098521132,158.92166371262243,162.94800734245646,19699800
2024-08-30,162.02574157714844,162.30341943551804,160.34974763264805,161.27203156245238,22123800
2024-09-03,156.05560302734375,160.50838970829213,155.18289273170538,160.37946246944418,38945300
2024-09-04,155.15316772460938,157.68203355334143,154.66723906688907,155.3614336724234,19353800
2024-09-05,155.93663024902344,158.12830290448517,154.6870648072252,155.00441956460497,18688700
2024-09-06,149.66900634765625,156.52173225882967,149.30207815911396,155.9961266954501,37912100
2024-09-09,147.6730194091797,152.3303022884686,146.19340404923173,151.44650905863844,39260500
2024-09-10,147.6233673095703,150.21516785637962,147.30559146131813,149.4008786095233,31118800
2024-09-11,150.1059112548828,150.4435366775209,146.49129487413873,148.87455276055175,29607700
2024-09-12,153.61134338378906,153.74044173778802,151.58555989323312,152.72754999251003,29621500
2024-09-13,156.3619842529297,157.27556696010407,154.1276742721839,154.34612619677438,29591200
2024-09-16,156.95782470703125,157.14650223678444,155.50801396162132,156.21305455425028,18379800
2024-09-17,158.20904541015625,159.4304641960374,157.2755977444437,157.911134323935,20715600
2024-09-18,158.6956329345703,159.38082394788734,157.49407882192074,158.7452873120723,23677300
2024-09-19,161.00938415527344,162.64787251183546,160.2149595890298,162.56844369236055,26587700
2024-09-20,162.4492645263672,162.58828768421088,160.92993460407996,162.35989574326507,40896400
2024-09-23,160.7213897705078,164.33600662936618,160.5426370715715,163.20395671072333,24150900
2024-09-24,161.1583251953125,162.0818480701299,159.56949128360392,161.89317053912484,23332100
2024-09-25,160.36390686035156,161.67469438550233,160.17522933988297,160.3440420812531,18869200
2024-09-26,161.59524536132812,162.93583758934093,161.1483863361193,162.49890337717716,20319300
2024-09-27,162.8067626953125,164.54455982870763,161.4959750225079,161.67471259736777,21101300
2024-09-30,164.69351196289062,164.99140790109868,162.12156086139018,162.1811552014193,20413900
2024-10-01,165.8255615234375,167.98042800067057,163.4323631439142,166.52067729796633,28338100
2024-10-02,164.7034454345703,166.35187375711521,163.58132016704218,165.25953808497383,17760200
2024-10-03,164.7034454345703,165.4780052194021,162.77697078682365,163.26355943212087,15073100
2024-10-04,165.89505004882812,167.05688955338184,164.32606593132192,166.88807682048628,19047400
2024-10-07,161.84349060058594,167.30513756118168,161.6150986976289,166.55044270875806,22463100
2024-10-08,163.23377990722656,163.58133025897627,161.73429946910687,162.79684561141391,23072700
2024-10-09,160.73130798339844,163.69052341195479,158.62609615330425,162.31021685596906,31181800
2024-10-10,160.94979858398438,161.9329006503817,159.2815055457696,159.74822939172097,14144100
2024-10-11,162.10169982910156,162.7570859994371,160.11564623470997,160.99943947811877,15344300
2024-10-14,163.8096923828125,165.07082539197873,162.2605579906687,162.49888985539508,19016100
2024-10-15,164.30624389648438,166.51074975955862,163.48202971931687,164.63392945205794,20247200
2024-10-16,164.00833129882812,164.64386792755846,162.59823487734482,163.3827194845321,16406000
2024-10-17,161.79385375976562,165.2098684713458,161.62504101734748,164.57433190772997,21453400
2024-10-18,162.2804412841797,163.5614543687219,161.94281580158204,162.0520493579974,19757700
2024-10-21,162.92591857910156,163.35291284104187,161.48601755980903,161.8137182306033,20946500
2024-10-22,163.98846435546875,164.61407616151644,161.84352257963812,161.84352257963812,16568100
2024-10-23,161.6448974609375,164.66370734673023,160.80081863998697,163.61108623567196,18280500
2024-10-24,161.5853271484375,162.1910741214277,159.88724460042005,161.69456070594023,22412500
2024-10-25,164.1175537109375,164.43531442750802,162.28044795544452,162.52870467092262,19828900
2024-10-28,165.5574493408203,167.5732927765486,162.8067605293158,167.5732927765486,32138600
2024-10-29,168.4967803955078,169.1919112784263,165.92484461634618,166.5603811631735,42169000
2024-10-30,173.2434539794922,180.75073380709983,172.84623418689728,179.42006644238907,68890800
2024-10-31,169.91683959960938,175.58703007037118,169.80760603057018,171.92275825269778,44769000
2024-11-01,170.09555053710938,171.11838206105315,167.70236751230738,168.88407180529182,31796500
2024-11-04,168.0598602294922,169.53946045641658,166.83842636200512,168.7450359899921,21492700
2024-11-05,168.556396484375,169.3408810917044,167.6626631563061,168.24854540819413,18242100
2024-11-06,175.27914428710938,175.70615366421993,172.29013925687767,172.5880503091246,33695500
2024-11-07,179.48960876464844,179.8173094537086,175.95443549219976,176.17290261823987,25352900
2024-11-08,177.10633850097656,179.63854475709948,176.83821701828134,179.39028805337082,22006200
2024-11-11,179.0924072265625,179.29100957580835,177.22551180839807,177.33474537334146,17450400
2024-11-12,180.353515625,181.21745921136755,178.13907018890748,178.56607957571185,25134900
2024-11-13,177.63265991210938,179.69815771950462,177.29501924422846,179.2016442605843,23184000
2024-11-14,174.35565185546875,177.57306422524127,173.10444351008397,177.03682125408577,31007500
2024-11-15,171.28721618652344,172.9257045177489,170.02606777532782,172.51855985039145,32504600
2024-11-18,174.07762145996094,174.2166446221491,171.69434776937933,172.21072600853026,20135300
2024-11-19,176.87791442871094,177.6226844683365,172.34971501216913,172.50860292386173,23434900
2024-11-20,174.7528533935547,176.4409959363333,172.56819744687726,176.1033704582549,18997100
2024-11-21,166.46109008789062,172.91576439472308,162.55848682005697,172.6873573172244,59734400
2024-11-22,163.61109924316406,165.29925701927786,162.75709554141247,164.6935100313798,38604600
2024-11-25,166.48094177246094,167.4541189743164,164.45517370894052,164.93182234405353,33135300
2024-11-26,167.94068908691406,168.6358199751134,166.41143446812606,166.46108883905265,20486700
2024-11-27,168.0499267578125,168.29818346613916,166.8483727748482,167.82153482882035,19266500
2024-11-29,167.77186584472656,168.2485144405321,165.99435463496883,167.3250068391348,14257200
2024-12-02,170.294189453125,170.88007169070767,167.39455270779308,167.59315505838524,23789100
2024-12-03,170.14520263671875,171.47585486804743,169.6586292183714,170.2941657432139,22248700
2024-12-04,173.1540985107422,173.69034153077098,169.86718184284945,169.95655062872484,31615100
2024-12-05,171.43614196777344,174.83229172271828,171.12830609165766,174.1371760101365,21356200
2024-12-06,173.49169921875,173.8591142443165,170.66156709877058,170.83037981733855,21462400
2024-12-09,174.34669494628906,175.23150110703355,172.6367300920802,172.9449339559485,25389600
2024-12-10,184.08950805664062,185.27256668487914,179.99355362655623,181.78305343524673,54813000
2024-12-11,194.2598114013672,194.46859270076922,183.77138405763577,184.22869140717978,67894100
2024-12-12,190.83990478515625,194.04110187251197,190.59136355506865,193.86215946833025,34817500
2024-12-13,188.71238708496094,191.60539539173107,188.53342951612586,189.89543056387427,25143500
2024-12-16,195.51248168945312,197.83882401959605,191.4960468173101,191.74458805351563,44934900
2024-12-17,194.27969360351562,200.2446827169294,193.84225864137167,196.09901710347702,43504000
2024-12-18,187.3006591796875,195.8504833002915,186.64452188139882,194.08087100994013,34166100
2024-12-19,187.41001892089844,191.90364849444197,187.28078779996244,190.5118237091531,32265200
2024-12-20,190.29310607910156,191.76446587529261,184.13922295556452,184.69595286927182,63462900
2024-12-23,193.49432373046875,193.96158245764806,189.04045395521715,191.49604252749893,25675000
2024-12-24,194.96566772460938,194.96566772460938,192.64926182293522,193.703074128042,10403300
2024-12-26,194.4586639404297,195.6019475277096,193.24578152744004,194.01127759173056,12046600
2024-12-27,191.6352081298828,194.1802828500262,189.53751972128225,193.8124315456521,18891400
2024-12-30,190.1240997314453,191.42645331502607,188.01645984137915,188.69249985736334,14264700
2024-12-31,188.1953887939453,190.839870649802,187.40999015229045,189.96500082205992,17466900
2025-01-02,188.3246612548828,190.87967248578354,186.405930161898,189.5375437207165,20370800
2025-01-03,190.6708984375,192.08262608512283,188.87146221690494,190.25335095839125,18596200
2025-01-06,195.7212371826172,197.06336585299624,192.71887013485082,192.8481012552134,29563600
2025-01-07,194.3492889404297,199.82713171693257,193.46448284459254,195.95983111785762,26487200
2025-01-08,192.8182830810547,195.14462535167834,191.2574520458894,191.44634580773328,24864800
2025-01-10,190.91940307617188,195.37327233875854,189.1995022056591,193.16622525115787,26665200
2025-01-13,189.8954315185547,190.06443773067767,186.26673571233505,188.96092925794855,21823700
2025-01-14,188.5532989501953,190.85975338986924,187.21117040698246,190.12408114907927,17174900
2025-01-15,194.40896606445312,195.21423727602792,190.74049483860904,191.96331352397246,21776000
2025-01-16,191.78436279296875,194.33935880818177,191.6849402307685,193.00718142531574,17815400
2025-01-17,194.8563232421875,196.07914183949293,192.61945218456034,195.3832294332928,27735100
2025-01-21,196.89439392089844,201.10964408279628,196.7154363211406,197.90844653351283,29971300
2025-01-22,197.21249389648438,199.31018252245178,196.3773989893062,197.89847013086398,26200600
2025-01-23,196.82476806640625,199.13123797930666,194.060990781993,196.98383809552067,26951400
2025-01-24,199.04176330566406,199.72772435097139,196.8446521798743,196.9440747387753,23877500
2025-01-27,190.69076538085938,195.73118866143682,189.61706547784135,191.28727038356462,41728900
2025-01-28,194.16038513183594,194.33932751127531,189.56733351946622,191.62526190152323,24157900
2025-01-29,194.269775390625,195.6417126982154,192.3013178788486,194.4188940643566,18218300
2025-01-30,199.69789123535156,200.2247973993167,196.51656670676422,196.84464293202117,24354700
2025-01-31,202.82952880859375,204.28100107943342,200.62248149891727,200.82131144659704,32001100
2025-02-03,200.05577087402344,202.56107032259868,198.93237500803266,199.51892857706108,27838300
2025-02-04,205.17576599121094,205.84185468330165,201.62658985975028,202.20320734762427,43856400
2025-02-05,190.21356201171875,191.62527427419866,186.93281498241248,189.9550846125892,70373900
2025-02-06,190.48202514648438,190.97910765973745,187.61882501582517,188.39427252291964,29297400
2025-02-07,184.25851440429688,190.06443363710238,182.17077726737304,189.9352025187049,49315000
2025-02-10,185.38192749023438,187.10182849533746,184.77548630303588,186.2567974441607,23105600
2025-02-11,184.2386474609375,185.8491897525843,183.20470746476104,183.95033114344977,21239500
2025-02-12,182.5386199951172,184.02986736226762,180.76900766634557,182.1508962864482,22072600
2025-02-13,185.05386352539062,185.19304601185559,182.07136866992408,183.24449120134597,21402500
2025-02-14,184.14915466308594,185.31232574087161,183.24447616019845,183.980148455519,20448400
2025-02-18,182.69766235351562,184.87488560699177,180.67950910251955,184.5169856862868,29916700
2025-02-19,184.18893432617188,184.3778280833638,182.51872941446393,182.99593948623902,19549400
2025-02-20,183.4830780029297,184.22870170428735,181.65381816300632,183.72168304847523,20441500
2025-02-21,178.61167907714844,184.25852872808807,178.03506158410121,184.06963495987821,35199200
2025-02-24,178.20408630371094,182.05150021644857,177.84618627672918,180.92810401850284,29854200
2025-02-25,174.3964080810547,177.6970428900285,173.67067193850428,177.0011153116827,41913400
2025-02-26,171.72210693359375,175.05256557173047,170.57882331320525,174.0484644370393,35431300
2025-02-27,167.5167694091797,173.5414056919283,166.96003954631527,172.9747396421381,39991000
2025-02-28,169.28640747070312,169.61448372650818,165.7968939367366,167.69573747342162,48130600
2025-03-03,166.0354766845703,172.35836613901347,164.96177675799476,170.92676623691273,40770500
2025-03-04,169.92266845703125,172.27883449293637,164.8325488565178,165.2699838540156,45388000
2025-03-05,172.01040649414062,172.76596631858905,168.07350701574754,169.52499437059117,30954900
2025-03-06,171.34434509277344,173.78998251590772,169.50513376118735,169.5349574978289,28302000
2025-03-07,172.84552001953125,173.94904372851937,169.27647146487496,170.26068506359857,27385800
2025-03-10,165.092041015625,167.66990508590422,162.9222728186128,167.47083096485238,43604000
2025-03-11,163.2706298828125,165.96792640359425,160.6131542630149,164.13655982614347,39587400
2025-03-12,166.32623291015625,166.85374592604674,162.76302175465403,165.79871989426576,28372400
2025-03-13,161.9966278076172,165.3508323726828,161.34968247166375,165.261242942738,31756200
2025-03-14,164.71383666992188,165.70914654485404,161.68808614528302,162.50424753259463,31995900
2025-03-17,163.5194549560547,165.52003755245735,162.90236768488202,164.2559897412009,31184300
2025-03-18,159.91644287109375,163.47965420375513,155.98497172829607,162.9123202600298,42074800
2025-03-19,163.121337890625,165.0920472279654,160.24489290497496,161.0013229568774,34275600
2025-03-20,162.03646850585938,164.11666272842527,160.2051017794059,160.81224147740926,28138500
2025-03-21,163.22088623046875,163.4697137211131,160.1354192715889,160.45392574948156,36625800
2025-03-24,166.89356994628906,167.53058291242263,164.36548928265282,166.28644543898992,30879100
2025-03-25,169.76007080078125,169.82974979049783,167.53058612545505,168.18747918173491,24174400
2025-03-26,164.28582763671875,168.8144901119637,164.06685827310008,168.20735054687958,28901600
2025-03-27,161.4790802001953,164.6441583248392,161.24020036188836,163.85787020298363,24508300
2025-03-28,153.60618591308594,161.0610628820661,152.9094719877664,159.73729883034673,48669300
2025-03-31,153.91473388671875,154.81050678909716,149.9534044396659,152.39191084034044,54603500
2025-04-01,156.33335876464844,157.3585269137693,152.89952690016702,152.89952690016702,30672900
2025-04-02,156.30345153808594,157.6670363544579,153.97443014331054,154.42231653657922,25041700
2025-04-03,150.0131072998047,152.06344323592336,149.68465321481136,150.40127754802887,46883400
2025-04-04,144.91714477539062,150.3614917918229,144.69817535633214,147.31583037779836,62259500
2025-04-07,146.0617218017578,152.13311801627722,139.87089326407514,140.8861135726325,76794100
2025-04-08,144.0213165283203,151.5259604825483,142.35915108281986,150.51074029400274,52200200
2025-04-09,157.9656524658203,158.8017091980402,143.23506183090237,143.74266444963052,70406200
2025-04-10,152.10325622558594,156.98026834062628,149.2267962236283,155.80579483834862,48022000
2025-04-11,156.40298461914062,156.93049760914,152.10325409102202,152.18286551192307,33636200
2025-04-14,158.32394409179688,160.96150910212248,156.8210165083235,159.24957495636372,30333000
2025-04-15,155.576904296875,158.9012360653349,154.48207240479906,158.38368579805189,27551500
2025-04-16,152.61087036132812,155.1588613016161,150.7993990348029,152.381953334393,28187400
2025-04-17,150.45103454589844,153.9545141427958,147.8035068059891,153.56634392432957,33046600
2025-04-21,146.97743225097656,148.25142789124334,145.4148033805728,148.18176408557966,26049100
2025-04-22,150.75958251953125,151.47620681854735,147.84331679407512,148.191681312594,26971800
2025-04-23,154.6214141845703,156.79118268922488,153.08862828359344,154.88018931651595,31128800
2025-04-24,158.532958984375,158.84150262211006,155.0593219807129,155.41763415068155,45894000
2025-04-25,161.2003936767578,165.32097594255075,160.2846952290497,164.29580798857202,56034000
2025-04-28,159.85670471191406,162.38478487609163,157.85613751727615,161.66816061799582,29745800
2025-04-29,159.40882873535156,159.98611026905985,156.78121134684457,159.56808195579998,26809000
2025-04-30,158.0552215576172,158.5230184445377,154.67115864825115,157.23906011670073,34981100
2025-05-01,160.54348754882812,161.19043289943403,158.16469753026496,159.69746807136784,30203200
2025-05-02,163.26068115234375,164.19627488526416,161.11080813038504,162.64359387625743,25715000
2025-05-05,163.43984985351562,164.61430827792813,161.95683259435438,162.23551815903613,21341800
2025-05-06,162.4644317626953,164.02707560554774,160.43400623609975,161.40940569190968,21277200
2025-05-07,150.67001342773438,164.22612903746054,147.14660797263102,163.3104457768094,127490100
2025-05-08,153.55641174316406,155.19866702023802,152.1828792070647,154.27303609354425,57498700
2025-05-09,152.03358459472656,154.3228003625665,151.48616112175256,153.4469228058081,32435300
2025-05-12,157.71681213378906,158.35380985703912,155.5171705905775,156.75136032378487,44138800
2025-05-13,158.78176879882812,159.81689948015563,155.42757968301973,158.045234090469,42382100
2025-05-14,164.59439086914062,166.21675084206151,158.86141139731794,159.209775932056,48755900
2025-05-15,163.19100952148438,165.43045668169412,161.60845531931332,165.06218171025907,33146700
2025-05-16,165.4105224609375,168.55570477665637,164.8431886386829,166.94329272571548,42846900
2025-05-19,165.75889587402344,165.85843293399518,163.44978491746534,163.73841809182645,30426100
2025-05-20,163.21090698242188,167.70971181285083,162.13597050857302,165.6494131078347,46607700
2025-05-21,167.76943969726562,172.32796100800184,162.79289003758296,162.9222851886465,73416000
2025-05-22,170.06858825683594,175.94092545127197,169.90935022401754,171.0440028391721,74864400
2025-05-23,167.6798553466797,169.1628725233235,167.10257379846712,168.26708452621156,35211400
2025-05-27,172.08908081054688,172.35781874405163,169.20268808863054,169.36194132235366,37995700
2025-05-28,171.55160522460938,174.4479605139837,171.10371883250124,172.34785613681433,34784000
2025-05-29,171.05397033691406,173.60196140461508,169.82974333850962,173.1839330438727,29317300
2025-05-30,170.9345245361328,171.4023213954702,166.65468900773928,170.5463542897915,52639900
2025-06-02,168.2372283935547,169.07328505076367,166.6049207920985,167.0528072022302,38612300
2025-06-03,165.40060424804688,167.68982022650283,164.50483134601953,166.70447307171773,45084900
2025-06-04,167.2618408203125,167.43104169003885,165.57976456796413,165.9579872104258,26900800
2025-06-05,167.42108154296875,170.12831044344654,166.80397909025658,169.54108125937032,36379100
2025-06-06,172.8654327392578,173.6815942254864,170.02880836424262,170.02880836424262,35731800
2025-06-09,175.47628784179688,175.85496833236684,173.76228116584014,173.93168685751374,28935900
2025-06-10,177.97755432128906,180.47880106496282,174.30041217393423,175.58590961128442,61766100
2025-06-11,176.73190307617188,179.74136677669094,176.133988123354,179.14346702948194,31646800
2025-06-12,175.087646484375,176.10409583310096,174.14096047000893,175.56596932852466,20941900
2025-06-13,174.0612335205078,176.51266655178486,171.7891810552309,171.83900983498697,27663100
2025-06-16,176.1539306640625,176.32333636040028,174.04130888575864,174.12103189678987,27389200
2025-06-17,175.33677673339844,176.74186625647056,173.9715563176299,175.0876480323832,24973000
2025-06-18,172.71595764160156,175.94465595934807,172.596365522182,175.39656976170295,28707500
2025-06-20,166.05923461914062,173.7323959518227,164.88335439041927,173.3437557670882,75659900
2025-06-23,164.6142578125,166.7567582322619,161.43537363941928,165.69049546143563,57671000
2025-06-24,166.1887969970703,167.6337405858712,165.5510280582942,166.3382681524042,40524300
2025-06-25,170.08514404296875,171.75929686583365,166.96606296199934,167.04578597314622,35479000
2025-06-26,172.9351806640625,173.08466701517526,169.34773632150527,171.8290485705118,31796700
2025-06-27,177.9077911376953,178.057262279745,171.13148726193396,172.93517666884486,108140200
2025-06-30,175.6157989501953,180.59837295030215,173.9715556124037,180.14994433141436,63378900
2025-07-01,175.22715759277344,175.47628629108172,172.92521085330227,175.12751523681553,35904500
2025-07-02,178.0174102783203,178.2366447594077,174.45986020905642,174.92820819435067,29128900
2025-07-03,178.90431213378906,179.0438236063814,176.43295953117723,177.8779030413717,21689700
2025-07-07,176.17384338378906,178.67510524325024,175.0677113564662,178.43593621915562,34175600
2025-07-08,173.7523193359375,177.3298037815242,172.20771837081963,177.2301614259221,40442500
2025-07-09,176.00445556640625,178.81463486384698,172.16788235105685,174.63923502855474,43025600
2025-07-10,177.00096130371094,177.80813589252995,173.77226294843484,175.0179065004666,29252400
2025-07-11,179.56199645996094,180.79766502679848,175.8649200217802,176.1738371634896,34282900
2025-07-14,180.92723083496094,183.02987774300456,179.05377808117527,180.37914463511837,32536600
2025-07-15,181.36569213867188,183.5779561932956,180.9670923041272,182.17286668727073,33448300
2025-07-16,182.3323211669922,183.68758195520638,181.39559478616047,182.60138443088442,33104200
2025-07-17,182.940185546875,183.418508384776,179.8509836397114,181.5052018275631,31992600
2025-07-18,184.4150390625,185.77029989137577,183.06975311389598,184.7538504683164,34014500
2025-07-21,189.43746948242188,189.62679452163042,185.50122385959315,185.6008814217948,45803100
2025-07-22,190.67315673828125,190.98207392344648,186.80668927782472,190.83260277114414,44660200
2025-07-23,189.5670166015625,191.85900380909362,188.520672962732,190.8325947249331,58681900
2025-07-24,191.50022888183594,197.26008265567518,190.33430850259245,196.34329095248222,74881700
2025-07-25,192.5067138671875,193.65271496353512,190.59340735435927,191.31089919737093,39785900
2025-07-28,191.90882873535156,193.37370675914636,190.17488744855515,192.97509170180885,38139500
2025-07-29,195.06776428222656,195.23716996676416,191.41055693747035,191.7593279801271,41389200
2025-07-30,195.84507751464844,196.91135578592747,194.01149369711868,194.91832593062705,32445400
2025-07-31,191.23118591308594,195.30694304131825,190.42401135006776,195.0279201110307,51329200
2025-08-01,188.4708709716797,190.16494328814227,187.16543886432095,188.3712133978127,34832200
2025-08-04,194.36024475097656,194.5894541087341,189.45739363731957,189.62679933287328,31547400
2025-08-05,193.9915313720703,197.17041596913074,193.21425105621586,194.03140047861146,31602300
2025-08-06,195.40658569335938,195.94471220658852,192.99502167474958,193.82213079278006,21562900
2025-08-07,195.8350830078125,196.85151710519096,193.65271327152095,196.37319428256532,26321800
2025-08-08,200.71800231933594,201.90385732363322,196.48281456433622,196.53264334375206,39161800
2025-08-11,200.29946899414062,200.77779182670545,198.3762027845806,200.2396805407711,25832400
2025-08-12,202.63133239746094,203.78729330959044,199.89091647275984,200.6681968640444,30397900
2025-08-13,201.25613403320312,203.81716914109546,196.82163104540848,203.41856930663727,28342900
2025-08-14,202.2327117919922,203.72748396129663,200.52866482851726,200.79772807656252,25230400
2025-08-15,203.18936157226562,205.7205176785909,200.57849766290207,203.13954799676898,34931400
2025-08-18,202.79075622558594,204.5545916306713,201.7842817792717,203.4883135252893,18526600
2025-08-19,200.86749267578125,202.73097045946378,199.26310326239187,202.32239574793277,24240200
2025-08-20,198.62533569335938,200.57849617106174,195.9148142419443,200.03040999419306,28955500
2025-08-21,199.05381774902344,201.77429871025083,198.73492573604025,199.05381774902344,19774600
2025-08-22,205.37171936035156,207.81317743511988,200.59842044056904,202.02342922176388,42827000
2025-08-25,207.7633819580078,209.78630584234324,204.56456266974786,205.71054863967242,29928900
2025-08-26,206.41807556152344,207.12560776169755,204.98309181316571,206.7867811726176,28464100
2025-08-27,206.75689697265625,208.1819211161226,204.9332729711404,204.98310175479907,23022900
2025-08-28,210.9023895263672,211.4803699291827,206.17890394821848,206.5276902069273,32339300
2025-08-29,212.16796875,213.90189476250458,209.46740696384475,209.77632411753885,39728400
2025-09-02,210.61341857910156,210.94225509702446,205.48135800383685,207.7135567307211,47523000
2025-09-03,229.8561248779297,230.50385346488952,224.00657221776532,225.42163672219405,103336100
2025-09-04,231.49038696289062,231.56013509073304,225.32195802772998,228.8496136665047,51684200
2025-09-05,234.1809844970703,234.9383302920627,231.09178244912047,231.3907399385365,46588900
2025-09-08,233.43292236328125,237.51232497352402,233.06388696786647,234.85922103336074,32474700
2025-09-09,239.0084228515625,239.8462403027557,232.62501483391662,233.56257898038902,38061000
2025-09-10,238.5496063232422,241.0331528996711,237.23303823372945,238.28030242478394,35141100
2025-09-11,239.7465057373047,241.62163412512044,235.63719736660352,239.25778647565335,30599300
2025-09-12,240.17538452148438,241.4520630725996,237.38264448371655,239.7464919977143,26771600
2025-09-15,250.95733642578125,251.75526430827645,244.02536743382055,244.02536743382055,58383800
2025-09-16,250.50851440429688,252.38362748338088,248.82289569604956,251.42612617048883,34109700
2025-09-17,248.8827362060547,250.94737408261642,245.6411664684413,250.56835490468708,34108000
2025-09-18,251.3762664794922,253.33118919660149,249.15205506430715,251.0271682452624,31239500
2025-09-19,254.05929565429688,255.3359743083016,251.15684010622883,252.59310739678662,55571400
2025-09-22,251.87496948242188,255.11653941381564,249.65075806779814,253.7700350469374,32290500
2025-09-23,251.00721740722656,253.7002107757565,249.8302703204236,252.38362744671002,26628000
2025-09-24,246.4989471435547,251.69543970951247,245.80076590550527,251.00722705371746,28201000
2025-09-25,245.1524200439453,245.8506164364007,240.1155317960277,243.76602627878,31020400
2025-09-26,245.90049743652344,248.7730319241888,245.33198386371188,246.42913668030897,18503200
2025-09-29,243.4169464111328,250.4985201433971,242.1402679011131,247.20709239615746,32505800
2025-09-30,242.4694366455078,242.6589310263489,238.6294169517045,242.18018034462705,34724300
2025-10-01,244.26473999023438,245.66111761710096,237.9910625183314,240.12551089529904,31658200
2025-10-02,245.05270385742188,246.16979380429245,241.67149783253905,244.51409604788847,25483300
2025-10-03,244.71359252929688,245.66112527970623,241.0331615881319,243.85582267520638,30249600
2025-10-06,249.7803955078125,250.66810152305118,243.94557911341744,244.14505728413704,28894700
2025-10-07,245.1225128173828,249.7903811872092,244.88314509840285,247.62601181924765,23181300
2025-10-08,243.9854736328125,245.37186749350337,243.18756093367097,244.3246032710778,21307100
2025-10-09,240.9034881591797,244.12510552114733,238.52965682972516,243.83586445575082,27892100
2025-10-10,235.95635986328125,243.45684250665406,235.22824247873842,240.80373872383117,33180300
2025-10-13,243.51670837402344,243.865806618421,239.08823779870895,239.58694087972822,24995000
2025-10-14,244.81332397460938,246.47899033376285,239.88613541009548,240.60426901896764,22111600
2025-10-15,250.3788604736328,251.45606092411225,245.35194025727193,246.6086665065597,27007700
2025-10-16,250.8077392578125,256.29345747170413,249.45126638195018,251.1169327071502,27997200
2025-10-17,252.64295959472656,253.56057134926166,247.16719481275433,250.10953966399788,29671600
2025-10-20,255.88453674316406,256.6625123260812,253.5705623788801,254.0293759063695,22350200
2025-10-21,249.81033325195312,254.2188662949897,243.51668810909678,254.07923005269296,47312100
2025-10-22,251.03713989257812,255.69500926260113,248.64335615777878,253.710180894347,35029400
2025-10-23,252.4235382080078,254.3784456458486,251.19673296350098,252.3237915100895,19901400
2025-10-24,259.245849609375,261.00126393641233,254.65777470591715,255.91448590080523,28655100
2025-10-27,268.5715026855469,269.43927147389144,263.5944564854066,264.13306424820985,35235200
2025-10-28,266.7762145996094,270.0277682724026,265.80872945123696,268.99045739081123,29738600
2025-10-29,273.8578186035156,274.6258103943446,266.97572213826885,267.0555012387311,43580300
2025-10-30,280.7499084472656,290.8336705300809,279.3335782487789,290.8336705300809,74876000
2025-10-31,280.46063232421875,285.25815337777135,276.3114191679317,282.47538175038454,39267900
2025-11-03,282.98406982421875,284.7893724933962,279.0742243823285,281.4480558536455,29786000
2025-11-04,276.82012939453125,280.54043509536257,275.5434506570495,276.032169962035,30078400
2025-11-05,283.572509765625,285.677052345188,276.62058842555,278.1466184544242,31010300
2025-11-06,284.01141357421875,287.60208195818814,280.41079182644177,284.5898957734926,37173600
2025-11-07,278.106689453125,283.0438611130793,274.4761475995039,282.47533241266484,34479600
2025-11-10,289.3475036621094,290.0456696400176,282.12626310035637,283.6822445549795,29557300
2025-11-11,290.5543518066406,291.1627853205446,286.5747114373448,287.0035887304013,19842100
2025-11-12,285.9662780761719,291.2525483673142,282.9541227840324,290.9233873275988,24829900
2025-11-13,277.847412109375,282.1063250073575,276.5208450104115,281.60762197974475,29494000
2025-11-14,275.6930236816406,277.8374407083971,269.99784337488455,270.7059931829425,31647200
2025-11-17,284.2806396484375,293.1874981262189,282.8344192497114,285.038677928695,52670200
2025-11-18,283.5426025390625,288.05086711584505,277.4783868942568,287.1731753233953,49158700
2025-11-19,292.05047607421875,303.0219431129204,285.88651371587775,286.41513772838755,68198900
2025-11-20,288.6991882324219,305.625169818548,287.92121274474346,303.7500416076266,62025200
2025-11-21,298.8826904296875,303.1316497984607,293.0877639113642,295.6511046778972,74137700
2025-11-24,317.75360107421875,318.651290855991,308.79691436510495,310.3229443803346,85165100
2025-11-25,322.60101318359375,327.9770159307299,316.82602366827604,325.3638169665917,88632100
2025-11-26,319.1201171875,323.658303098724,315.9683100285969,319.8482042131112,51373400
2025-11-28,319.3494873046875,326.0021995827445,315.9682963529555,322.5312152935296,26018600
2025-12-01,314.0732116699219,319.02033724928003,313.07580560094704,316.8759202886677,41183000
2025-12-02,314.9908142089844,317.554155160306,313.09574872951146,315.91839456558273,35854700
2025-12-03,318.8009033203125,320.74582687116515,313.2852490348319,315.07061440214585,41838300
2025-12-04,316.796142578125,321.5238380796439,313.8837336096964,321.3942008459266,31240900
2025-12-05,320.4366149902344,322.32172694260385,318.34208673882245,318.6612335259534,28851700
2025-12-08,313.1109313964844,319.81788611091974,310.61578500656543,319.42862865409404,33909400
2025-12-09,316.4643859863281,317.3726229056239,311.2944500995635,311.7635388280278,30194000
2025-12-10,319.58831787109375,320.6861883612462,314.069055340672,315.2168165746965,33428900
2025-12-11,311.8233947753906,320.4965251579071,308.0008443067889,319.45853583973854,42353700
2025-12-12,308.68951416015625,314.25866704717134,304.96674508462553,313.0909556884665,35940200
2025-12-15,307.62158203125,310.81538131016634,304.288070405232,310.7155693717638,29151900
2025-12-16,305.97479248046875,310.16661977978157,302.00250880457793,304.3579426322819,30585000
2025-12-17,296.1439208984375,307.4918412298865,295.54507970361715,307.4120099511304,43930400
2025-12-18,301.8727722167969,303.3698600006946,298.6490626821344,301.1342186567393,33518000
2025-12-19,306.56365966796875,306.65348128006514,300.3856749721532,301.1442091965169,59943200
2025-12-22,309.1785583496094,309.52788491338026,304.70724534166345,309.2783702904479,26429900
2025-12-23,313.73968505859375,314.328535898872,308.7194521900694,309.02884787804055,25478700
2025-12-24,313.4801940917969,314.4682622711062,311.3144241794057,314.15886656933606,10097400
2025-12-26,312.9013366699219,314.4782557314601,311.67371372407564,313.8694546536391,10899000
2025-12-29,312.95123291015625,313.41033130955566,310.0169383701615,310.76548227407176,19621800
2025-12-30,313.24066162109375,316.3346490163796,311.85334570689247,311.8932765746258,17380900
2025-12-31,312.3923034667969,313.9692224596297,310.83533467851674,312.2426007868329,16377700
2026-01-02,314.53814697265625,321.8738834308866,309.72749743587605,316.28474944088583,32009400
2026-01-05,315.92547607421875,318.4006418955826,314.01918050346546,317.0432968268774,30195600
2026-01-06,313.7297058105469,320.3168980142969,311.17467848252585,315.7857038876524,31212100
2026-01-07,321.3548889160156,325.51677583182123,313.58000462136766,313.74965751082357,35104400
2026-01-08,324.80816650390625,329.67869694461876,320.8758135066914,328.3313118537803,31896100
2026-01-09,327.9320983886719,330.1876899539591,325.16745676828174,326.45496079982934,26214200
2026-01-12,331.2156677246094,333.3914583276215,324.3690012716118,325.16743586064183,33923900
2026-01-13,335.3177185058594,339.828932001794,332.9722749179122,334.29970979162056,33517600
2026-01-14,335.1879577636719,335.8666302231012,329.83837890700147,334.40947336413166,28525600
2026-01-15,332.1338806152344,337.03435112462023,330.0978329050398,336.9944202593897,28442400
2026-01-16,329.35931396484375,334.00028002450074,327.0637915356931,333.7607557246461,40341600
2026-01-20,321.3748474121094,327.0937337673917,319.80788820634325,320.2470363972373,35361000
2026-01-21,327.7424621582031,331.83450818795274,318.729994927537,320.2969541162656,35386600
2026-01-22,329.8982849121094,334.49932025317224,328.1117515615861,333.8006975362521,26253600
2026-01-23,327.2933044433594,333.0421309365838,326.8142558744754,331.8444485977197,27280000
2026-01-26,332.61297607421875,335.1879535299186,326.3651202937951,327.1735452193246,26042100
2026-01-27,333.90045166015625,337.2539439848537,332.8325522369338,334.71886692218493,21636200
2026-01-28,335.357666015625,336.88469439192147,331.2955603721992,335.40755676022206,27434400
2026-01-29,337.59326171875,341.62542627766146,325.90600610893915,339.63926930341205,39785600
2026-01-30,337.3437805175781,339.33989756206086,331.64487488391205,339.33989756206086,31024000
2026-02-02,343.0227355957031,344.160506471566,334.9783863513143,335.56723722383623,32006100
2026-02-03,339.0504455566406,348.322417578686,336.81480425638233,346.66563680855586,36506700
2026-02-04,332.3934020996094,342.6434516437907,327.8821583120744,342.2941250868659,70618400
2026-02-05,330.60687255859375,332.04407921106184,305.8649942318392,311.61382084171163,88205800
2026-02-06,322.233154296875,329.7385737476322,319.2988903139048,326.54477434837446,56380500
2026-02-09,323.6903381347656,327.0637807183464,316.6440476026885,320.30690521957837,39640100
2026-02-10,317.9614562988281,321.0454837970353,313.9991629255859,320.3468306795893,39170000
2026-02-11,310.35626220703125,320.43665913490463,309.0587983421378,318.3507205277581,45406400
2026-02-12,308.4000549316406,315.6259882196205,306.603561940612,311.4840518259579,47761300
2026-02-13,305.1264343261719,308.03078810659247,303.1203270701956,307.1325415821482,38499700
2026-02-17,301.43359375,303.84890853372514,295.674807618098,299.45745756709624,39247600
2026-02-18,302.7410888671875,304.7871271852118,300.66514046909924,301.5035060024616,28482100
2026-02-19,302.26202392578125,304.87693233204385,299.4574819671566,301.23402488534225,25834400
2026-02-20,314.36846923828125,315.885507154404,303.30996428502766,303.72916224594877,53210800
2026-02-23,310.8852233886719,318.8996316925602,309.2683735389658,318.43054299285177,31423000
2026-02-24,310.29638671875,311.6637220131571,305.33603467292323,309.91711960911005,25615600
2026-02-25,312.29248046875,313.03106442763067,308.83920678711326,311.45411503231185,29963600
2026-02-26,306.7832336425781,312.5320604811519,301.7630004907203,312.0330312197015,36431200
2026-02-27,311.15472412109375,311.7635251790807,303.21015662264614,303.5495233120643,44640600
2026-03-02,305.9248962402344,307.89107280501906,300.7150293830805,302.6413055358027,34790200
2026-03-03,302.9905700683594,303.34988694776314,296.1339134078651,298.01026816236094,35497000
2026-03-04,302.54150390625,304.8769573413998,300.1661195993462,302.30197959238774,29536200
2026-03-05,300.29583740234375,302.711121843687,297.4114338033223,302.4516473530844,35752300
2026-03-06,297.9404296875,299.94653713519574,294.60691775969326,295.5151547022239,25576900
2026-03-09,305.98040771484375,306.4198649966507,293.71562375842984,293.99527562141907,29312100
2026-03-10,306.65960693359375,309.1265479913924,305.1914269440574,305.79068968096857,23239700
2026-03-11,308.31756591796875,311.0341973481569,305.54101125974313,306.3699695674413,24125700
2026-03-12,303.17388916015625,308.5572255769297,300.65702241451555,306.43985713507476,24928300
2026-03-13,301.9054870605469,307.3087879643589,300.0677703977713,306.6296377698095,23693100
2026-03-16,305.1814270019531,306.11026747244654,302.64456537566065,303.97293465389924,23519700
2026-03-17,310.5347900390625,311.03417054952814,305.1214918945171,305.48103123176395,21955200
2026-03-18,307.30877685546875,312.08285325242963,306.5497087361953,308.88680583632095,20009800
2026-03-19,306.7494812011719,307.67832164750223,301.9754046785898,303.63335165234247,25075800
2026-03-20,300.6270751953125,305.62088043111504,297.9004465638477,305.0815409313132,44364100
2026-03-23,301.685791015625,305.60094814101865,300.5571860375472,301.7357168812967,29326900
2026-03-24,290.0801696777344,299.5484356615691,289.97029010977093,298.82932646685043,36864300
2026-03-25,290.5695495605469,295.6332754793409,288.8816409209488,293.07644958925243,29460700
2026-03-26,280.57196044921875,287.5932492331535,278.15494535852446,287.55329025783345,39080600
2026-03-27,274.0001220703125,279.02388928595167,273.6106210828978,276.9364822022131,35890600
2026-03-30,273.1611633300781,276.74671205405957,271.772870758184,276.07755917965534,35141200
2026-03-31,287.2037353515625,287.72308014338427,276.74670556560056,277.6955407888773,43875400
2026-04-01,297.0215759277344,300.14767254424095,290.05021252939383,290.47967248402244,37684500
2026-04-02,295.403564453125,297.71070019384774,289.0914173614996,290.3298713924274,21666500
2026-04-06,299.6183166503906,300.2475409865838,294.8142784540748,295.50342601468935,16945500
2026-04-07,305.08154296875,305.2513457589993,297.3511421656273,302.3549447988444,23205400
2026-04-08,316.9268798828125,321.68096199730417,314.6297110626625,320.0530070056894,33547100
2026-04-09,318.09539794921875,319.1441153425082,310.6746106421415,315.51860784412145,23739200
2026-04-10,316.8469543457031,321.4312640320202,315.9281112234418,319.62350892085055,19152600
2026-04-13,320.91192626953125,321.2315371363443,315.0791651091577,316.74710955552524,18866400
2026-04-14,332.49755859375,332.8770926852431,323.3489033390031,324.38762340838895,27721400
2026-04-15,336.70233154296875,337.0619013824557,330.49003638532656,332.4775916674409,24918800
2026-04-16,335.6036682128906,339.458901613874,334.105526677332,338.33029678032364,20541500
2026-04-17,341.2566833496094,341.89590508018404,335.8234205588037,337.2316773591919,25581900
2026-04-20,337.0019836425781,340.97703331198585,336.1929591105031,340.3378420577138,18784200
2026-04-21,331.8783264160156,338.9195798085849,330.9394885663705,337.2716301294484,23123800
2026-04-22,338.8996276855469,339.3990082413208,334.7547751685775,336.60245884112476,20293000
2026-04-23,338.47015380859375,341.53632713037314,335.7634893621326,340.7572947145818,18650300
2026-04-24,343.9732971191406,344.8422143498026,334.97448084779876,338.3103390739037,26426100
2026-04-27,349.90594482421875,352.74242256668157,342.3053878156813,345.55136124882,28576900
2026-04-28,349.3466491699219,351.9833930501032,345.69117996136276,348.11816206941427,27824100
2026-04-29,349.5064697265625,355.3492283904879,343.78355752060145,347.1394107424554,35376300
2026-04-30,384.3232421875,385.3619622201579,365.3667768501622,373.6065555628184,72040000
2026-05-01,385.2121887207031,386.2808704617397,378.5804000830116,381.1572209075714,30105200
2026-05-04,382.7751770019531,386.90006506467324,379.31947226185457,385.15223320621686,26298600
2026-05-05,387.9487609863281,392.33333678038815,383.5442209432822,385.7515048868787,23878600
2026-05-06,397.546875,399.3546301445318,392.2734176347804,393.7615619135972,31308500
2026-05-07,397.4969177246094,399.6043194807176,392.1934987581594,399.42454979908837,24433500
2026-05-08,400.3034362792969,401.5019617899809,395.86893456144384,396.5081562950806,21461800
2026-05-11,388.15850830078125,396.94759333072534,387.9887055115338,393.16228042470647,30753700
2026-05-12,386.8701171875,388.0386506028281,382.2957742925754,386.8601198229993,26017500
2026-05-13,402.1211853027344,403.1998643489371,384.5230197682841,385.1222825184223,28144600
2026-05-14,400.5731201171875,402.43080112559403,395.349588612008,396.7878070287349,21136700
2026-05-15,396.2884216308594,399.0450119758119,392.69287563304505,395.82900006662373,20309700
2026-05-18,396.4482421875,408.10376741205215,394.04122422601415,395.1997907850553,26837200
2026-05-19,387.1797180175781,396.65795076850566,385.63162007935824,396.4681837278221,39545700
2026-05-20,388.4281921386719,393.37204141137994,382.42562803382646,387.2196997137571,31744400
2026-05-21,387.1797180175781,392.01371791338363,382.5454520468608,385.22215486500835,24852800
2026-05-22,382.49554443359375,388.258385079403,381.29701890681014,386.87012298265273,20442100
2026-05-26,388.398193359375,388.7777274266938,382.12597532411496,384.0336125447445,27747400
2026-05-27,388.3482360839844,393.39199754996946,385.421873594791,386.1909390913781,23087300
2026-05-28,389.64666748046875,391.38450201712897,384.68282366229704,387.5193014898567,24357500
2026-05-29,379.8687744140625,384.7626974671623,377.9910987617443,384.7626974671623,44415800
2026-06-01,375.9037170410156,378.09100632744554,373.05724175924524,376.05352511273605,28672100
2026-06-02,361.4017028808594,373.07722234401785,357.99592394061045,366.13582064636165,50412300
2026-06-03,358.54522705078125,365.9960065843375,357.6363508187865,361.5814692403301,55441600
2026-06-04,371.7289123535156,372.7875967270043,357.76622059782807,358.4553682250688,44055500
2026-06-05,368.07342529296875,371.6190149899659,363.6688852043904,365.88613605551615,37471200
2026-06-08,363.0766296386719,365.9647879200631,360.2984165590168,364.9454235864071,27942500
2026-06-09,364.0260314941406,371.84098522768176,357.0704802123837,366.85420025674074,29535100
2026-06-10,356.1510925292969,368.3232616719084,354.97185779418805,362.95671584537644,32357100
2026-06-11,357.5401611328125,358.5694982511428,346.13748714351743,355.70134679025995,35538200
2026-06-12,359.4489440917969,366.33453278338226,354.7119986974298,362.3870579560934,24704600
2026-06-15,369.1127624511719,372.7504085202595,366.3145426692825,367.69366113705985,27727500
2026-06-16,373.01025390625,375.7584875251172,366.8242274297617,369.3626044753487,24876100
2026-06-17,363.55633544921875,372.0908279957741,361.78745285393074,368.8929017493238,24543600
2026-06-18,367.7935791015625,369.2426598317581,358.4396065335441,365.51504497617543,44470100
2026-06-22,349.45538330078125,358.68946892539066,341.50050477393233,357.72009076397745,52814800
2026-06-23,345.90765380859375,349.0656275102868,339.98147051143604,340.47114598010614,34007700
2026-06-24,345.0682067871094,353.25294826847323,341.7103492701006,348.8157979233392,44997300
2026-06-25,343.48919677734375,345.34801779729577,335.6242572392167,336.51370015420923,44491400
2026-06-26,337.17327880859375,346.1374872957393,329.98789515004995,342.32993723999033,114706300
2026-06-29,353.4228210449219,354.122383587675,340.4511784786947,341.6104064955248,34213900
2026-06-30,357.14044189453125,358.3896389689017,350.1749177879227,353.64269008629407,35237200
2026-07-01,360.97796630859375,362.7368455226467,356.20103798676814,358.1397942573561,26736400
2026-07-02,359.6788024902344,363.97602803095486,353.19298133516355,359.2490860357571,25974800
2026-07-06,366.2245788574219,367.693635754559,357.15042523629825,361.31772936423556,26915800
2026-07-07,366.7942199707031,372.9202869594668,365.26520405735874,368.8329180211536,24045600
2026-07-08,361.6875305175781,367.6037106679975,357.79001132287857,364.525702555654,22094800
2026-07-09,358.65948486328125,359.41897594546776,350.8544734886641,354.08240970637695,24729100
2026-07-10,356.9505615234375,357.5901650645865,352.52341441108456,357.30034280387986,18146100
2026-07-13,352.2835693359375,357.8999543595846,351.52404777471276,355.96119810970276,15901700
2026-07-14,359.2790832519531,359.92865963343,350.86447830880365,350.97442351070157,18259400
2026-07-15,370.6817626953125,373.40998963278184,357.5302120160503,357.74006858863044,28284600
2026-07-16,354.2322998046875,375.02892981037553,352.07368364698067,372.8203579699616,41158500
2026-07-17,346.5472412109375,348.2961170979314,341.1407126662452,345.77774679993126,29959300
2026-07-20,351.7638854980469,359.4489481797366,350.2948285491913,350.6546131580819,24736600
2026-07-21,346.927001953125,351.09433677099497,346.77710440528256,351.09433677099497,23369800
2026-07-22,341.8702392578125,349.7152025525983,341.51048515922605,347.93634723653764,39334100
2026-07-23,317.4859313964844,324.2815511558238,314.69771503877246,320.92372412122546,69419700
2026-07-24,319.53460693359375,323.97175736278774,317.11617848672984,318.2154780071113,31806600
2026-07-27,326.3502197265625,330.2077559724587,324.2415898017393,324.83120713377,28471600
2026-07-28,333.4956359863281,335.66425552638333,324.2316014627561,327.68937042492354,29511900
2026-07-29,336.49371337890625,342.2800028423013,331.40698648547414,334.455045685483,27501600
2026-07-30,333.4456787109375,336.29385412629074,330.12780397797883,333.98534038388266,30168000
2026-07-31,355.9012451171875,358.3496530632621,339.78160132747564,340.611054758666,46498000
2026-08-03,373.27008056640625,376.4480305309448,363.1166033198653,365.2152604560987,38669700
2026-08-04,377.40740966796875,380.2755612380555,367.263935640354,367.9834743668337,35705700
2026-08-05,362.1971740722656,384.2330278418686,356.54080629618977,383.0937455186354,46926300
2026-08-06,357.52020263671875,363.8961093831237,356.65076635274994,360.5382517887205,25235900
2026-08-07,354.0723876953125,358.6694387836589,353.5527327193329,356.49084652154687,19859900
2026-08-10,357.29034423828125,357.38028276908574,352.4834362714388,354.951850943437,18991400
2026-08-11,343.5791320800781,356.5807842683805,343.1694223006263,355.6613923515014,29081800
2026-08-12,343.3193359375,346.25744987105145,340.66104092628797,346.0875456512855,25012000
2026-08-13,346.13751220703125,347.7065110877775,343.5392066313974,345.5478948342235,17866100
2026-08-14,345.67779541015625,350.22489088982945,344.27870083870846,346.5772111705174,17808600
2026-08-17,343.7790222167969,347.0269344906474,341.7103446182459,346.04755304110785,18291300
2026-08-18,343.9789123535156,344.6484648943574,339.97147845233087,342.19005363605754,19248800
2026-08-19,344.4985656738281,346.5072842825429,340.44117610948047,342.2400076559886,19733800
2026-08-20,340.451171875,343.6790774504127,338.3525147854226,342.83962071417653,18570400
2026-08-21,344.5985107421875,345.97762917305914,340.1813365286692,342.359928876986,20849800
2026-08-24,347.83642578125,351.3741604480826,342.2699962782288,343.39927531721605,26338200
2026-08-25,346.73712158203125,349.9350782600912,345.37800981753963,349.41542326154587,20649700
2026-08-26,341.7803039550781,346.65717399060424,339.96146577825954,346.3973312516375,20420300
2026-08-27,340.4311828613281,341.4705233735174,338.3025461528343,339.45183186724313,23391400
2026-08-28,346.36737060546875,348.91575095848634,340.0514228221321,340.49114263603377,25347200
2026-08-31,339.13201904296875,344.3686432833908,336.94342338566804,343.60912172254496,33493600
2026-09-01,334.8047790527344,336.9834018439635,332.8360433203593,335.7841605001305,23342700
2026-09-02,336.9034423828125,339.78159726283246,332.6062167342666,333.84541044728496,22582300
2026-09-03,342.260009765625,344.4585782378343,339.841550898423,340.34122971001256,20726900
2026-09-04,338.4599914550781,343.5299987792969,337.0899963378906,342.4700012207031,23189300
2026-09-08,338.3599853515625,339.67999267578125,333.2200012207031,335.4200134277344,22915800
2026-09-09,330.6499938964844,331.8500061035156,327.8999938964844,331.6499938964844,33151600
2026-09-10,332.6000061035156,333.2300109863281,327.739990234375,328.2300109863281,23557600
2026-09-11,338.5,342.9800109863281,335.0299987792969,335.0299987792969,24708300
2026-09-14,349.3900146484375,349.9100036621094,342.1400146484375,343.1199951171875,35905400
2026-09-15,344.9800109863281,348.07000732421875,342.70001220703125,346.79998779296875,21928600
2026-09-16,342.8699951171875,348.3999938964844,340.6400146484375,347.0799865722656,18928900
2026-09-17,347.3299865722656,349.5,343.8900146484375,348.67999267578125,19238400
2026-09-18,349.5400085449219,359.44000244140625,348.45001220703125,357.30999755859375,47526100
