Date,Close,High,Low,Open,Volume
2021-09-20,282.44769287109375,286.689699826259,277.86019819512114,284.39593784399835,38278700
2021-09-21,282.92767333984375,285.55734677387863,282.2270909648132,283.7818449278617,22364100
2021-09-22,286.5553894042969,288.12935637243464,282.64932121103874,284.7799171748866,26626300
2021-09-23,287.495849609375,288.7818804171432,285.54760475520084,286.8144515647207,18604600
2021-09-24,287.29437255859375,287.72623226962907,284.9718196101101,286.2194826708354,14999000
2021-09-27,282.3230285644531,284.53038991922193,281.14255329173125,284.21369275698544,23571700
2021-09-28,272.1018981933594,279.069528394677,271.3629186493173,278.1289850116234,43186200
2021-09-29,272.56256103515625,275.2209951886973,271.6124403531808,273.61826695321446,26353700
2021-09-30,270.5663757324219,276.2383391909567,270.2784399241369,274.20372168206217,32343600
2021-10-01,277.4571838378906,278.301748595393,269.96171554788884,270.7582763645691,30086300
2021-10-04,271.70843505859375,276.1615846612485,268.9636285015287,275.8256741827499,31350700
2021-10-05,277.1308898925781,278.7048275786298,272.6105528079684,272.6105528079684,24993000
2021-10-06,281.3056335449219,281.80471044780717,274.0117300480355,274.270845855537,28002600
2021-10-07,282.9756164550781,284.6935366211754,282.0830770442581,283.29231359523686,20430500
2021-10-08,282.9756164550781,284.6935366211754,281.9295171528448,284.2904382451461,17685700
2021-10-11,282.3805847167969,285.96995558239155,280.96017771512624,281.12334424926865,19298600
2021-10-12,281.0849609375,283.5418606976777,280.57630659547624,283.4458821015579,17974100
2021-10-13,284.3767395019531,285.3076759763524,281.6703020046008,283.03312739677557,23416300
2021-10-14,290.55743408203125,291.05648172385895,285.83556297646015,287.1599913093113,27262900
2021-10-15,291.9585876464844,292.1889420783388,288.4171921254101,290.16390256494424,25384800
2021-10-18,294.91455078125,295.7974833177158,290.49980023328027,291.3443647732367,22729300
2021-10-19,295.8167724609375,296.84365846900545,294.8474384623916,295.9319350570906,17682100
2021-10-20,295.0298156738281,297.22759971094877,293.7821524294178,296.75731334940286,16537100
2021-10-21,298.244873046875,298.49438223529035,294.0220493838015,294.7994554629315,16918100
2021-10-22,296.7093200683594,298.5615868809637,295.40407560259746,297.89937264623074,17449300
2021-10-25,295.72076416015625,296.9396072317386,294.1180067552253,296.90120994069343,17554500
2021-10-26,297.62103271484375,299.8188165343258,296.1718643410095,298.47520410987,28107300
2021-10-27,310.155029296875,312.96702275678115,303.27377289207794,303.27377289207794,52588700
2021-10-28,311.28753662109375,311.7865842427679,308.417932252952,311.2683233315921,26297900
2021-10-29,318.26470947265625,318.6294104720148,310.8556147805,311.07636256657173,34766000
2021-11-01,316.10540771484375,318.14002510806927,313.2262255270214,318.01525586042806,27073200
2021-11-02,319.7139892578125,320.02110905104064,316.71003784901507,317.0075509960312,26487100
2021-11-03,320.548828125,321.412576594574,317.3337367157379,320.4528495642596,21500100
2021-11-04,322.890625,322.98660357874707,316.23972246138726,319.4836051186062,23992200
2021-11-05,322.5260009765625,325.14606743028844,320.952063205826,324.87734491876967,22570100
2021-11-08,323.41851806640625,324.0519416472353,320.97122498059144,323.71603120896236,20897000
2021-11-09,322.42041015625,325.07884433236194,321.0575844525398,323.5336680917774,21307400
2021-11-10,317.477783203125,321.1535552109362,316.63324777065986,321.0959739152807,25500900
2021-11-11,319.04217529296875,320.32820650538764,317.19951507073364,317.90970398049546,16849800
2021-11-12,323.1593933105469,323.6488636296379,320.34739921433277,320.47216845555636,23831000
2021-11-15,322.5355224609375,324.2726263246895,320.5776708005054,323.94632259604236,16723000
2021-11-16,325.8370056152344,326.95029273164477,321.9980966435647,322.161233873272,20886800
2021-11-17,326.0581359863281,329.0098960712893,324.9812796361216,325.8850760747881,19053400
2021-11-18,328.1253662109375,329.2599387046323,324.1352167372241,325.15438659772514,22463500
2021-11-19,329.8945007324219,331.8078723346504,329.0195768042026,329.44263177761013,21963400
2021-11-22,326.74078369140625,336.2018030638584,326.4715696014347,331.3462958819071,31031100
2021-11-23,324.6736145019531,326.3754584116151,320.7123087229874,324.067875438659,30427600
2021-11-24,324.8947448730469,325.13511563845185,321.04881262656716,323.3275227878649,21661300
2021-11-26,316.9817199707031,324.91395501030433,315.4818087833129,321.4718586551738,24217200
2021-11-29,323.6640625,325.9716160847785,321.84684534637535,322.03915370433015,28563500
2021-11-30,317.85675048828125,324.76981754216854,316.3183713889176,322.40457691540473,42885600
2021-12-01,317.36627197265625,326.2119266473579,316.7028757470775,322.22177836447145,33337600
2021-12-02,316.7990417480469,320.6449739601022,315.1741330410827,317.57784067361735,30766000
2021-12-03,310.56866455078125,319.8854381080619,305.7804681645628,319.20276398285586,41779300
2021-12-06,313.62615966796875,314.83763770524575,306.9342458292847,311.47244701692887,30032600
2021-12-07,322.0198974609375,322.8659778487916,317.3855423848686,318.8662344123449,31021900
2021-12-08,322.0679931640625,322.5775780301863,318.0585957516276,322.39489389495935,24761000
2021-12-09,320.27001953125,323.5294319116375,319.3277555505204,321.5295600175577,22214200
2021-12-10,329.346435546875,329.7887095654795,321.894941380308,322.0776255201496,38095700
2021-12-13,326.3273620605469,330.54828700278097,326.0196804228618,327.55805926915104,28899400
2021-12-14,315.69329833984375,321.7506583393585,311.62621502626087,320.38533968281865,44438700
2021-12-15,321.7603759765625,322.2795851671007,312.0013264864769,315.95300870998227,35381100
2021-12-16,312.3858337402344,323.7890378493558,310.57824093079836,322.77946305235776,35034800
2021-12-17,311.3282165527344,312.405102273891,305.03051397428044,308.5207023277349,47750300
2021-12-20,307.58807373046875,310.36674473714834,305.3382067120296,307.72266611167277,28326500
2021-12-21,314.68389892578125,315.1069539539936,307.4823685651741,310.83796546359196,24740600
2021-12-22,320.3661804199219,320.760362669551,313.2031195933652,315.6548897596977,24831500
2021-12-23,321.7987976074219,323.43333069819255,319.91429885047023,319.93351795028815,19617800
2021-12-27,329.2598876953125,329.28873101360773,322.51025779288784,322.539101111183,19947000
2021-12-28,328.1061096191406,330.567504020854,327.21193737349995,329.9329216504245,15661500
2021-12-29,328.7791442871094,331.0386060056612,326.59655896072684,328.15415682405353,15042000
2021-12-30,326.25042724609375,329.91367522578065,325.76968573335654,328.7406647610165,15994500
2021-12-31,323.365966796875,326.28885396518314,322.91406861710993,325.47161689597885,18000800
2022-01-03,321.8564758300781,324.9812959837682,317.0779035290574,322.4333715730328,28865100
2022-01-04,316.33758544921875,322.2891685868689,313.5588850186426,321.9333951684874,32674300
2022-01-05,304.19403076171875,313.5108044365724,303.8094433864934,313.308871857317,40054300
2022-01-06,301.79034423828125,306.4247001927171,299.49238536143025,301.0884509560254,39646100
2022-01-07,301.944091796875,304.30933146545493,298.1462226847042,302.0498408294342,32720000
2022-01-10,302.1652526855469,302.59793177360086,292.9542584305184,297.56936510647546,44289500
2022-01-11,302.84796142578125,304.4151542522141,297.95401590280085,301.30958257691026,29386800
2022-01-12,306.0111999511719,310.95323691547827,304.8670327735876,307.3572996957186,34372200
2022-01-13,293.06005859375,308.52072440499325,292.2908837943043,308.1265127840826,45366000
2022-01-14,298.2520446777344,298.84815945566663,292.0504674590349,292.53120896925554,39846400
2022-01-18,290.9927978515625,297.8673948134617,290.1178448793746,292.3581164990314,42333200
2022-01-19,291.6466369628906,301.8191439350218,291.04092729643247,294.49264788128625,45933900
2022-01-20,289.9833068847656,299.6462002381442,289.541032877528,297.16558676731063,35380700
2022-01-21,284.6278991699219,292.3966712973026,284.22406327473504,291.0313814474847,57984400
2022-01-24,284.95477294921875,285.666261131879,265.4174271692936,280.94540441346044,85731500
2022-01-25,277.3782653808594,283.6279058744891,274.1861636133682,280.2915581603582,72848600
2022-01-26,285.28167724609375,296.6175725961171,281.74342604783857,296.1272067657119,90428900
2022-01-27,288.2911376953125,295.4637946124978,286.45470114422875,291.00252753568583,53481300
2022-01-28,296.3867492675781,296.5982766943393,283.1086718195925,288.66604220399256,49743700
2022-01-31,299.0019836425781,300.3480539279597,294.56953190677376,297.05017439324195,46444500
2022-02-01,296.86749267578125,298.6654611438378,293.37730478266843,298.4539337157057,40950400
2022-02-02,301.3865051269531,302.98257070424955,296.9829251353378,297.70403751014493,36636000
2022-02-03,289.6467590332031,299.2423701113963,288.40643772478234,297.5693697082304,43730000
2022-02-04,294.1561279296875,296.9059553802916,288.4160729228112,288.64681946632084,35096500
2022-02-07,289.3583679199219,295.98297161566165,288.3487929994967,294.37731117460294,28533300
2022-02-08,292.829345703125,293.79082898408933,288.39692186210715,289.64683839050434,32421200
2022-02-09,299.2231750488281,299.91544411863055,295.55033156667764,297.9347910965561,31284700
2022-02-10,290.7332763671875,297.2136633368289,289.1179917352157,292.3293418995418,45386200
2022-02-11,283.6759948730469,292.5697139503908,282.8875716532668,291.5120766241171,39175600
2022-02-14,283.6374816894531,285.3297011391844,280.1280746488406,282.45484705008886,36359500
2022-02-15,288.89678955078125,289.21406602076195,285.5796615630517,288.45451559979455,27058300
2022-02-16,288.5596008300781,289.8795515618136,282.95219184742473,287.47087375855756,29982100
2022-02-17,280.10992431640625,285.95817072943447,279.4065799267549,285.53424115249396,32461600
2022-02-18,277.4122619628906,283.12563925409984,275.85144328731116,282.34522991631013,34264000
2022-02-22,277.2099304199219,280.8903974019096,274.1075520292779,274.58928762159644,41736100
2022-02-23,270.0321044921875,281.04460436118626,269.8683308283759,279.58010909240227,37811200
2022-02-24,283.8290100097656,284.3781957137695,261.6017198059236,262.55557639782796,56989700
2022-02-25,286.4496154785156,286.7579333141939,280.99636504653614,284.35889947396316,32546700
2022-02-28,287.8755798339844,288.2128006483137,282.2970731254426,283.559218096748,34627500
2022-03-01,284.17584228515625,289.01245712557574,281.47810528267394,285.5728578838848,31217800
2022-03-02,289.22442626953125,290.4576682481348,282.9715074955346,284.57084383733564,31873000
2022-03-03,285.1103820800781,292.05700050828193,283.3086664169441,291.8257768521812,27314500
2022-03-04,279.271728515625,284.8598787290603,276.68001821827283,283.53992798121607,32356500
2022-03-07,268.7217102050781,279.10792679805024,268.35558650691434,277.99029686784587,43157200
2022-03-08,265.7735595703125,273.5872975701551,260.13724667838545,267.6523109324147,48159500
2022-03-09,277.9614562988281,279.0212805569592,270.52345705468474,273.0862941142346,35204500
2022-03-10,275.1577453613281,276.1308607136372,270.33074508462164,272.6816172407287,30628000
2022-03-11,269.8393859863281,278.93455646472097,269.2227503051047,277.44115846333716,27209300
2022-03-14,266.3419494628906,274.97464216380376,265.7446020938021,270.0994808190958,30660700
2022-03-15,276.66070556640625,277.3062441058317,268.5482958074122,270.1091142008014,34245100
2022-03-16,283.6362609863281,283.8096787213844,272.8550174149433,278.54910553558244,37826300
2022-03-17,284.4360046386719,284.81174316450165,278.799691528735,282.5765120453136,30816600
2022-03-18,289.4555969238281,290.0047824722256,282.0368875720342,284.580435823197,43390600
2022-03-21,288.2320861816406,289.1762986686458,284.12768891305694,287.9719595079404,28351200
2022-03-22,292.9530029296875,293.85866806216893,287.856232880349,288.8486068783485,27599700
2022-03-23,288.54998779296875,292.1533901687108,286.84465430957243,289.53274726035676,25715400
2022-03-24,292.9915771484375,293.08793014220737,287.42271518108265,288.21276856606795,24484500
2022-03-25,292.58697509765625,294.34050002683153,288.3573511232307,294.0803733450445,22566500
2022-03-28,299.35052490234375,299.4468485037341,293.2131884282858,293.2131884282858,29578200
2022-03-29,303.88848876953125,304.2835155341289,297.7607959614938,302.443281807603,30393400
2022-03-30,302.39501953125,304.40869996608586,300.1983066415058,302.2986959453416,28163600
2022-03-31,297.0478210449219,303.6283461991608,296.64317958234875,302.43362184596117,33422100
2022-04-01,298.11724853515625,298.8013048013512,294.37897586444814,298.0690573372068,27110500
2022-04-04,303.46453857421875,303.59940925877385,298.3966704273003,298.76279420407815,24289600
2022-04-05,299.5238952636719,303.36813547948924,298.5507800600473,301.826575864707,23156700
2022-04-06,288.5596008300781,295.7856342398464,285.8715081688589,294.04175386251336,40110400
2022-04-07,290.3612976074219,292.5580106672026,285.5246829888432,285.8233566950077,31411200
2022-04-08,286.12200927734375,290.1204083993762,285.4572118764955,289.46525511827485,24361900
2022-04-11,274.83978271484375,281.921271966205,274.5892708132743,281.13124798929533,34569300
2022-04-12,271.7566833496094,280.1196062790801,270.2440265143357,278.6743994842394,30966700
2022-04-13,277.1135559082031,278.0384799408657,271.0244114373308,272.40219747053607,21907200
2022-04-14,269.60809326171875,277.7783384197441,269.11674301597424,277.5663736108414,28221600
2022-04-18,270.27288818359375,272.14202437159116,268.1725283526451,268.72171390745734,20778000
2022-04-19,274.8783264160156,275.71657107306396,268.2400250211419,269.17459327763214,22297700
2022-04-20,275.8996276855469,279.11764770587973,274.94580050630236,278.8285886738467,22906700
2022-04-21,270.5523681640625,282.5861150592423,269.82976470304897,278.03852943515125,29454600
2022-04-22,264.0201110839844,272.85515824895543,263.39386044895105,271.3906626562168,29405800
2022-04-25,270.465576171875,270.8413145666887,260.8790281069364,263.30699380770614,35678900
2022-04-26,260.34912109375,268.1917593315295,260.1371563087938,267.3631884284825,46518400
2022-04-27,272.8742980957031,280.34119944845656,268.96260761022705,271.7952151207864,63477700
2022-04-28,279.05010986328125,280.3508015911793,271.1785388721603,274.7722962798131,33646600
2022-04-29,267.3825378417969,279.29105809866707,266.3998077256145,278.0674307607547,37073900
2022-05-02,274.07861328125,274.53144585501184,266.12997704590924,267.56553951466765,35151100
2022-05-03,271.4869384765625,273.7511018849256,269.9164755719785,273.5872988286567,25978600
2022-05-04,279.38739013671875,280.25450833918546,266.62139669213593,272.26732383050563,33599300
2022-05-05,267.21868896484375,275.8899280048962,264.3186318325519,275.1095188435156,43260400
2022-05-06,264.69439697265625,269.04927528391744,261.36076616080453,264.7714617150036,37780300
2022-05-09,254.91525268554688,262.4110590782047,253.70129870302716,260.19508659663467,47726000
2022-05-10,259.6555480957031,263.750301637101,255.38737675510967,261.76555286102507,39336400
2022-05-11,251.0323944091797,261.44751510704526,249.82805548109343,255.97500607449467,48975900
2022-05-12,246.02235412597656,250.38687708360916,240.88705133910193,248.27687299785254,51033800
2022-05-13,251.5816650390625,253.43154319500374,246.02244525328854,247.94938818943677,34925100
2022-05-16,251.9477081298828,256.1099105942852,246.43665192316664,250.46395431193443,32550900
2022-05-17,257.07342529296875,258.52824699584437,252.87267503794862,256.3893394840578,28828800
2022-05-18,245.36891174316406,254.56252427185584,244.10382723032592,253.98308927658698,31356000
2022-05-19,244.46115112304688,248.83585464293373,243.24435524609143,245.19508938818183,32692300
2022-05-20,243.90103149414062,249.6760190694131,237.99085911430905,248.42057161150723,39199300
2022-05-23,251.71363830566406,252.53450204595984,244.74117401105033,246.73055952174275,33175400
2022-05-24,250.71900939941406,252.3703743626756,244.80883629191553,249.04834073920725,29043900
2022-05-25,253.51959228515625,255.5089636207459,248.31440168457397,249.289783654333,28547900
2022-05-26,256.7836608886719,257.9521680064266,252.46691284814418,253.2781100641193,25002100
2022-05-27,263.8721008300781,263.9686782769147,258.3868437168267,259.275314967905,26910800
2022-05-31,262.54901123046875,265.3495796777819,259.709805919586,263.1863868585538,37827700
2022-06-01,263.0801086425781,268.1694163803511,260.7817020928469,265.7647953206282,25292200
2022-06-02,265.166015625,265.23362274910033,252.63105360262074,255.38334728727818,44008200
2022-06-03,260.7623596191406,264.0747845426284,259.2075725800062,261.04242522746756,28059000
2022-06-06,259.5359802246094,264.77980709613064,258.0584370323219,262.732495427998,22400300
2022-06-07,263.1574401855469,263.76584558835543,256.8223496712607,257.49836222355793,22860700
2022-06-08,261.1390380859375,263.64023679590827,260.36644828068603,262.3944559964506,17372300
2022-06-09,255.71173095703125,263.36017868447857,255.5572129915601,258.5992099165968,26439700
2022-06-10,244.31626892089844,251.64602827171365,243.87203349036625,251.64602827171365,31422800
2022-06-13,233.9541778564453,240.48242256411086,233.24920982974828,236.70647229198008,46135800
2022-06-14,236.10772705078125,237.31487111467933,233.22988499278367,235.49932172717016,28651500
2022-06-15,243.1284637451172,246.54710394987805,237.97154789524555,239.79674911112798,33111700
2022-06-16,236.57125854492188,238.9372578860195,234.6881168136664,237.5466256119709,33169200
2022-06-17,239.1593475341797,241.9116415660145,235.6634634572943,236.31049083013178,43084800
2022-06-21,245.04055786132812,246.0159248197663,240.95557232727793,241.67985866138912,29928300
2022-06-22,244.4514617919922,248.3529589492158,241.7860787526344,243.25396979346604,25939900
2022-06-23,249.98504638671875,250.47757061654244,244.93437427025984,246.80786429478658,25861400
2022-06-24,258.5220031738281,258.7924022848079,252.747014945619,252.83392578793828,33923200
2022-06-27,255.8082733154297,259.1013356957246,254.25345676244666,259.01442487792315,24615100
2022-06-28,247.68663024902344,257.7590321077553,247.53211228973697,254.92949381458487,27295500
2022-06-29,251.33702087402344,252.98838543989126,246.99128819672805,248.75854859461052,20069800
2022-06-30,248.02467346191406,250.6321168330318,244.22941900924098,248.2371320289777,31730900
2022-07-01,250.6802978515625,250.86378606740377,245.8807076454668,247.59969397850261,22837700
2022-07-05,253.83827209472656,253.96381979893323,246.0063204347822,247.37763439031926,22941000
2022-07-06,257.0830078125,258.8019795069243,253.40363564931488,254.70735692498906,23824400
2022-07-07,259.1979064941406,259.8352819464038,255.93378499828523,256.0303623949221,20859900
2022-07-08,258.4833984375,258.9083155891827,254.26322667634338,255.7117998376354,19658800
2022-07-11,255.44131469726562,257.3920486214131,253.1911819736528,256.54221460414914,19455200
2022-07-12,244.97296142578125,256.8222904951569,243.3988410088484,256.76434994360125,35868500
2022-07-13,244.05557250976562,244.85711797939112,239.60362437429865,241.61231397246024,29497400
2022-07-14,245.36891174316406,246.39256746391416,237.5079908622042,241.97925680708025,25102800
2022-07-15,247.9184112548828,251.44326589652985,246.03526953214475,246.9526960395664,29774100
2022-07-18,245.5330810546875,251.89714046464383,244.6156545937457,250.84451446983314,20975000
2022-07-19,250.63201904296875,250.815507255263,244.9825802573405,248.74886295733143,25012600
2022-07-20,253.27813720703125,255.78900284248536,250.0333479953983,250.98939669680948,22788300
2022-07-21,255.75999450683594,255.80829794667736,248.21776161035194,250.88314483137592,22404700
2022-07-22,251.43350219726562,256.23310614239074,250.18775127000774,256.1461953431363,21881300
2022-07-25,249.95606994628906,252.53454268022003,248.00533571383517,252.05168504603222,21056000
2022-07-26,243.26364135742188,250.9700588947091,241.01353801634696,250.95072573000826,39348000
2022-07-27,259.5262451171875,260.7913294360416,249.97533889176114,252.20613823088766,45994000
2022-07-28,266.933349609375,268.31431531179504,258.68613331334205,260.5016826567174,33459300
2022-07-29,271.1148986816406,272.33170936707273,267.1458230211277,268.17914544538223,32152800
2022-08-01,268.4784851074219,271.63636311853617,266.38287021128184,268.29499686655436,21539600
2022-08-02,265.3979797363281,268.36273382958507,263.0416312127763,266.5375171204697,22754200
2022-08-03,272.78558349609375,273.7802690088794,267.12647689627147,267.2713577584934,23518900
2022-08-04,273.92510986328125,274.0699612486414,270.56443983776984,272.13853085373546,18098700
2022-08-05,273.21044921875,273.9250689272582,269.1254639343299,269.57935118815436,16774600
2022-08-08,270.7092590332031,276.11726939013334,269.74354395058293,274.3113574297538,18739200
2022-08-09,272.6213684082031,273.37462502798235,268.0921621074516,270.05259210657965,23405200
2022-08-10,279.24627685546875,279.8739859897657,277.1023874252405,278.29022801202103,24687800
2022-08-11,277.1795349121094,281.22588350260514,276.6870402559907,280.8782402159332,20065900
2022-08-12,281.9018859863281,281.9018859863281,277.1022809714472,278.58949041203584,22619700
2022-08-15,283.40838623046875,284.09403563819063,280.16356845958603,281.02306896793766,18085700
2022-08-16,282.6744079589844,283.95882531548796,280.46294199603375,281.9790920328683,18102900
2022-08-17,281.9292907714844,283.8938524278254,280.1389197170631,280.4002056199427,18253400
2022-08-18,280.81640625,282.5003080383182,279.76151632304703,280.8357509194147,17186200
2022-08-19,276.9259948730469,279.9260727784797,276.3550169722019,279.5873490654093,20570000
2022-08-22,268.79669189453125,273.35485615007224,268.28377769621216,272.98710077508116,25061100
2022-08-23,267.5289611816406,269.87093596211275,266.52247730381634,267.5289611816406,17527400
2022-08-24,266.89990234375,268.29348622669727,266.24179973569437,266.53214693938304,18137000
2022-08-25,269.8612976074219,270.0258011315452,265.67085828538086,268.39027578883355,16583400
2022-08-26,259.4480895996094,271.3032096749944,259.34164963640063,270.08381644498274,27549300
2022-08-29,256.6803283691406,258.7803619357156,255.34480790841272,257.2803379595906,20338500
2022-08-30,254.49319458007812,258.4416632715631,252.25765951741022,258.0739373346952,22767100
2022-08-31,253.04153442382812,258.4997140694314,252.90603313757336,256.835186498961,24791800
2022-09-01,252.00601196289062,252.48023691824085,247.17687383626492,250.52533262450333,23263400
2022-09-02,247.80593872070312,256.20613302523753,246.26719569629415,253.26414827190314,22855400
2022-09-06,245.08651733398438,249.51886860124202,243.81874738590238,247.9414362596074,21328200
2022-09-07,249.77049255371094,250.4866292810051,245.05748121497774,246.48976943648967,24126700
2022-09-08,250.18661499023438,252.0350498159717,246.57685541782593,249.20919235362013,20319900
2022-09-09,255.9351348876953,256.6803328721326,251.8995711991458,252.10279358860814,22084700
2022-09-12,258.05450439453125,258.82873403398463,256.6125441459456,257.2125536578714,18747700
2022-09-13,243.86712646484375,252.0060195193781,243.4800115748494,250.49630836570796,33353300
2022-09-14,244.08969116210938,246.03489350941175,241.8057651557058,245.35746095813147,23913000
2022-09-15,237.47019958496094,243.2961347228246,236.1540384880937,241.71868768706014,31530900
2022-09-16,236.850830078125,237.3927761581187,234.2572119949683,236.38629220933913,39791800
2022-09-19,236.63792419433594,237.23793382536144,233.0862280822725,234.65400280433187,26826900
2022-09-20,234.63465881347656,235.66048751479372,231.91524109136333,234.26691809618367,26660300
2022-09-21,231.2474365234375,239.67667590576733,231.19904532157508,236.39595324962926,28625600
2022-09-22,233.21200561523438,235.99917354124665,229.91193818738796,230.20225587391255,31061200
2022-09-23,230.25064086914062,233.35717293349165,227.6183189581972,231.8184154017902,34176000
2022-09-26,229.79579162597656,233.6668515472966,229.26351793341072,229.40869154061323,27694200
2022-09-27,228.78933715820312,234.0055901447024,226.94090238363955,232.2442506798707,27018700
2022-09-28,233.29910278320312,234.5184812999227,227.16346179841986,229.1764146595356,29029700
2022-09-29,229.84417724609375,232.21519843693235,226.85378707356358,231.18936994540456,27484200
2022-09-30,225.39247131347656,232.78619560885667,225.22795302914213,230.60872427461211,35694800
2022-10-03,232.97972106933594,233.82167178425266,227.09570886372686,227.82153251918476,28880400
2022-10-04,240.85736083984375,242.2896489224366,237.08306843402076,237.18952317598578,34888400
2022-10-05,241.16705322265625,242.50257374872547,236.23146021082852,238.0605356080036,20347100
2022-10-06,238.83473205566406,242.2703009633561,238.1476271342794,239.93798363059574,20239900
2022-10-07,226.6892852783203,233.54106344265196,225.65376961113512,233.13458913635256,37769600
2022-10-10,221.8601531982422,226.99898360972267,219.4213809672786,225.53766359831536,29743600
2022-10-11,218.14393615722656,221.67627288848584,216.88583856563983,220.28268877269275,30474000
2022-10-12,218.4729461669922,220.51493088352666,216.74065333491876,218.1342225142281,21903900
2022-10-13,226.6892852783203,228.48932881951694,212.0663551272384,212.76314712814823,42551800
2022-10-14,221.19236755371094,229.5925754900993,220.97945807089755,227.9473631652827,30198600
2022-10-17,229.87322998046875,231.25714167375685,227.5602721133645,228.21836002283007,28142300
2022-10-18,230.81195068359375,236.06690750411659,227.7828415320167,235.39916206358598,26329600
2022-10-19,228.85707092285156,231.88618020226818,226.7376631373762,229.39901697875123,19985700
2022-10-20,228.5377197265625,233.53139112693572,227.29898159472276,228.16997903446602,21811000
2022-10-21,234.31527709960938,235.166915097807,226.9409118947973,227.17318083073934,26299700
2022-10-24,239.2799072265625,239.85088505869388,233.52170816579923,235.90240190553322,24911200
2022-10-25,242.57997131347656,242.94771196115997,237.90566472884615,239.28956155004425,34775500
2022-10-26,223.86343383789062,230.61843021635175,222.64404034026404,223.71826021026072,82543200
2022-10-27,219.44073486328125,226.15702697219044,218.50200154160817,223.59244061528798,40424600
2022-10-28,228.2667236328125,228.97320270821285,218.76327910286216,218.94715681380413,40647700
2022-10-31,224.64730834960938,227.3473663725247,223.69888795758465,226.22475535763192,28357300
2022-11-01,220.81492614746094,228.14091388312903,220.00200713618008,227.03766243441322,30592300
2022-11-02,213.00506591796875,223.84403012553616,212.94698761825015,222.06334620744084,38407000
2022-11-03,207.3436737060547,213.3051102957607,207.08237299301675,212.9954183740974,36633900
2022-11-04,214.2534942626953,214.447044310669,206.5500783111964,210.5372801806807,36789100
2022-11-07,220.52462768554688,221.04722910682952,214.1470592473895,214.8341789629505,33498000
2022-11-08,221.49237060546875,224.18275612145348,218.5600438397234,221.32785232766216,28192500
2022-11-09,217.27291870117188,221.26012061364744,217.098728086194,220.04072724111327,27852900
2022-11-10,235.1475372314453,235.4862608906142,227.42477661146236,227.84090847628838,46268000
2022-11-11,239.1444091796875,239.99604710310476,234.1313788126477,235.15722211445575,34620200
2022-11-14,233.7636260986328,236.0475519661583,231.49905966480162,234.18944503837977,31123300
2022-11-15,234.17010498046875,239.03796188941354,232.29263846364998,237.74116029609917,31390100
2022-11-16,234.5971221923828,236.60604855552322,233.3257795259496,235.62584176038104,24093300
2022-11-17,234.548583984375,236.07226408161256,230.61810181463593,230.76366974368625,23123500
2022-11-18,234.10215759277344,236.547802374884,231.97677705188883,236.32457848011174,27613500
2022-11-21,234.9076690673828,237.45035420758848,234.0730450796648,234.30595375905,26394700
2022-11-22,237.79969787597656,238.07143450191685,233.6071793553725,236.40218676626338,19665700
2022-11-23,240.27447509765625,240.95381671678922,237.0621480919058,237.87735803486538,19508500
2022-11-25,240.18714904785156,241.36143645953254,239.44956540890726,240.01245273021934,9200800
2022-11-28,234.626220703125,239.37192761122702,233.69455635778226,238.81875468278062,24778200
2022-11-29,233.2384490966797,235.62585219825684,231.18100986954173,234.2768683035418,17956300
2022-11-30,247.61141967773438,247.7958155951577,232.78229762918565,233.47135371926146,47594200
2022-12-01,247.17471313476562,248.56251016658027,243.51595261951238,246.37890225412923,26041500
2022-12-02,247.49496459960938,248.50427013338341,242.3222385687394,242.44840731366295,21528500
2022-12-05,242.81715393066406,246.33034588676122,240.74030114271105,244.5737425044445,23435300
2022-12-06,237.88710021972656,244.42822454321265,236.58664391475048,243.41891892957702,22463700
2022-12-07,237.15921020507812,238.89639979977625,235.0629579890975,237.60564320065706,20481500
2022-12-08,240.0998077392578,241.40027877672188,235.88787438426903,237.61534962771674,22611800
2022-12-09,238.17823791503906,240.98296029845363,236.95542284837845,237.47948221736485,20609700
2022-12-12,245.05899047851562,245.08810406106682,239.87656546489097,240.14830210772652,30665100
2022-12-13,249.3389129638672,256.13235956018696,245.60251141247596,253.96815091092603,42196900
2022-12-14,249.63003540039062,254.8415744130712,246.80589919892807,249.54269464575677,35410900
2022-12-15,241.6623077392578,246.69916567601095,240.04158720461845,246.2333334693487,35560400
2022-12-16,237.46978759765625,242.4678175315528,236.32459886583192,241.21588885198315,86102000
2022-12-19,233.3549041748047,237.97445766545272,231.66625680711488,237.63477938812645,29696400
2022-12-20,234.66505432128906,235.74230142731602,231.38478542376703,232.33586378495446,25150800
2022-12-21,237.21743774414062,238.37232600874938,233.02491849714485,234.55829818550004,23690600
2022-12-22,231.1615753173828,234.84944921071,226.96904125544336,234.14097913275145,28651700
2022-12-23,231.6856231689453,231.82149149891836,227.03697155694044,229.1429380757911,21207000
2022-12-27,229.96786499023438,231.87972122287346,228.87120393787913,231.65651213728756,16688600
2022-12-28,227.60958862304688,232.64644670853528,227.26021075559856,229.89995135219928,17457100
2022-12-29,233.89830017089844,234.78145155286586,228.69646182290143,228.69646182290143,19770700
2022-12-30,232.7434844970703,232.87935283490333,229.6767250905103,231.1809912077217,21938500
2023-01-03,232.51055908203125,238.49849510687616,230.39487805775428,235.90728230837536,25740000
2023-01-04,222.33978271484375,225.9985278733158,219.2924376104367,225.4259409938991,50623400
2023-01-05,215.75013732910156,220.83552222933494,215.21636361108918,220.49584400645332,39585600
2023-01-06,218.29286193847656,219.0983724573706,212.87752704272575,216.41981859861454,43613600
2023-01-09,220.41822814941406,224.41666688908288,219.7291868413214,219.76800002138827,27369800
2023-01-10,222.09718322753906,224.48458614807703,220.62203068917864,221.0393352972296,27033900
2023-01-11,228.81297302246094,228.98765452783252,224.29047536414728,224.46515686951886,28669300
2023-01-12,231.4721221923828,232.821105949786,226.6681880812586,228.3180220940589,27269500
2023-01-13,232.1708984375,232.3067667845128,227.98807845959973,230.00670447846073,21333300
2023-01-17,233.25787353515625,233.80134695469175,230.09405857229734,230.9480966935903,29831300
2023-01-18,228.85179138183594,235.22793302598163,228.57035512507287,234.4418366169308,30028700
2023-01-19,225.0862579345703,228.57033632786354,223.8731426355433,226.88167450054485,28623000
2023-01-20,233.13165283203125,233.6363129556783,227.5901354890902,227.92981370488926,35389800
2023-01-23,235.4220428466797,237.93561455180438,232.57849247852556,233.98571827354252,31934000
2023-01-24,234.89794921875,236.7515930613996,233.34517042755766,235.34438219144687,40234400
2023-01-25,233.51016235351562,236.1207891156233,224.08667522306712,227.5610395748184,66526600
2023-01-26,240.68209838867188,240.9829486422917,234.85914439539755,236.46045082013288,33454500
2023-01-27,240.83738708496094,242.458107545592,239.5466304719591,241.64289751902396,26498900
2023-01-30,235.54820251464844,238.35292478678218,235.05324194345323,237.2950768809861,25867400
2023-01-31,240.49771118164062,240.63357952072695,235.78111768401726,236.26636386768823,26541100
2023-02-01,245.2919158935547,247.6502049501311,238.22673350670416,240.68207771157887,31259900
2023-02-02,256.792236328125,256.87957707013254,249.65911289346886,251.1827927216543,39940400
2023-02-03,250.72674560546875,256.40413270612515,249.5136299693063,251.88163406046186,29077300
2023-02-06,249.1933135986328,250.67816573061054,247.26204327207444,249.84355651391297,22518000
2023-02-07,259.6649475097656,260.8392350360664,252.40565360237943,252.84238703481986,50841400
2023-02-08,258.8594665527344,268.5935048183664,258.3547915146365,265.13855400297484,54686000
2023-02-09,255.84117126464844,265.89548673151216,255.04536048337422,265.7207756113508,42375100
2023-02-10,255.3365478515625,256.29732581806934,252.96854410513563,253.812867726257,25818500
2023-02-13,263.31402587890625,266.49724001770915,259.26705921966635,259.7426206728503,44630900
2023-02-14,264.138916015625,266.856282749665,261.33417890703004,264.62416219078045,37047900
2023-02-15,262.0277404785156,263.3995660525591,258.97274671264574,261.0548170663939,28922400
2023-02-16,255.0517578125,259.5174708073064,254.80852706316685,256.8711190669115,29603600
2023-02-17,251.07257080078125,253.04760380497552,249.068351286821,252.36657534668234,30000100
2023-02-21,245.82847595214844,248.57212619836037,244.77771723097973,247.58946437392655,28397400
2023-02-22,244.69989013671875,247.45326436545926,243.56157186049097,247.21003358389876,22491100
2023-02-23,247.87164306640625,249.88558633204974,243.69779430491118,248.64024584758673,29219100
2023-02-24,242.47190856933594,244.2037105882477,241.38223939221282,243.19187704458037,24990900
2023-02-27,243.38648986816406,245.97446934082075,242.6373347901569,245.6242163682384,21190000
2023-02-28,242.66650390625,244.68046206564443,241.99518451978517,242.32598969202303,22491000
2023-03-01,239.60179138183594,244.13560203633548,239.1347775749903,243.97020688018864,27565300
2023-03-02,244.31072998046875,244.592871158647,238.95965271701235,239.8742028427946,24808200
2023-03-03,248.37754821777344,248.69861464364337,244.58315381318207,245.3614953141732,30760100
2023-03-06,249.91477966308594,253.07678008876618,249.0488786018787,249.48669107630843,24109800
2023-03-07,247.26840209960938,250.71255821742662,246.528985881538,249.36018084473946,21473200
2023-03-08,246.83058166503906,247.6478334867659,244.01883456634258,247.16137194826737,17340200
2023-03-09,245.48797607421875,252.53193017156482,244.76800759955387,248.8932070956166,26653400
2023-03-10,241.85899353027344,245.94526831886697,240.89580898858623,244.28157783106303,28333900
2023-03-13,247.04461669921875,250.92658497582,239.07637462103207,240.70115431743469,33339700
2023-03-14,253.72866821289062,254.00108554117946,248.93214876608812,249.79804988364143,33620300
2023-03-15,258.2527160644531,259.26456442561187,252.19139432118732,252.9405641280701,46028000
2023-03-16,268.7214050292969,269.07164313641664,256.1512239726221,258.0289586598438,54768800
2023-03-17,271.8639221191406,275.65831665347815,268.8381452248547,270.7256186044692,69527400
2023-03-20,264.85888671875,269.96673338942173,262.5433248107774,269.4802718017387,43466600
2023-03-21,266.3669738769531,267.5539416420704,262.2223105888561,267.43719558177474,34558700
2023-03-22,264.917236328125,273.43031336043435,264.81019934883693,265.9971667055635,34873300
2023-03-23,270.1418762207031,273.4498093699548,267.7484933121212,270.4142935461412,36610900
2023-03-24,272.9730529785156,273.03142599171395,267.8262812456373,269.7332022897182,28172000
2023-03-27,268.89654541015625,273.83898269172226,268.059815935794,272.90498464073,26840200
2023-03-28,267.7777099609375,268.66307379107525,264.6837910772779,268.3225446731354,21878600
2023-03-29,272.9146728515625,273.527619165426,270.8715283691032,271.4066242065595,25087000
2023-03-30,276.3587646484375,276.7576666390423,273.85837511849326,276.53391335276035,25053400
2023-03-31,280.4937744140625,281.4375111990139,275.33729282077917,276.04753751584985,32766000
2023-04-03,279.45269775390625,280.46451634607917,276.26151134425334,278.7619010121522,24883300
2023-04-04,279.4040222167969,282.5854994542806,277.9349286652677,279.45268618193273,25824300
2023-04-05,276.6410217285156,279.3749339662447,275.259487198861,278.11014548796777,22064800
2023-04-06,283.7043762207031,284.1713602969535,274.3934952141327,275.54153732325625,29770300
2023-04-10,281.55426025390625,281.75856581319096,277.00095709388467,281.3791115118309,23103000
2023-04-11,275.1718444824219,278.2365761916983,274.0140932371224,278.0127931758795,27276600
2023-04-12,275.81396484375,279.2386732168352,274.32539366289427,277.07878271017614,27403400
2023-04-13,281.99200439453125,282.0503774003979,275.50262448189994,275.9112355229667,24222700
2023-04-14,278.39227294921875,280.6689097907965,276.00859911070734,279.2289726922403,20987900
2023-04-17,280.9801940917969,283.7043967289592,278.4116924129814,282.07960200286976,23836200
2023-04-18,280.5618591308594,283.86008303886325,279.2386978273748,283.67522525510293,20161800
2023-04-19,280.63970947265625,281.2234396408052,276.8355761901663,278.2462970182061,17150300
2023-04-20,278.363037109375,281.20398586251105,277.3609274204324,277.52633742538336,23244400
2023-04-21,278.02252197265625,278.51869257683563,275.3956176560884,277.2928296281938,21676400
2023-04-24,274.1405944824219,277.2345132199959,271.173190218911,274.4519370721957,26611000
2023-04-25,267.9625244140625,273.9751827450711,267.9138604386518,271.9417767926592,45772200
2023-04-26,287.3722839355469,291.4585727273819,284.8037824567908,288.6662882525056,64599200
2023-04-27,296.5761413574219,296.936147852177,287.2555509397699,287.9560567732343,46462600
2023-04-28,298.9403381347656,300.5651029592613,295.097280309873,295.7783383038111,36469600
2023-05-01,297.286376953125,300.2440714597597,296.887474923344,298.65820207273595,21294100
2023-05-02,297.14044189453125,300.8083512230657,295.6810572722288,299.42681707438953,26404400
2023-05-03,296.15777587890625,300.25377368049993,295.85617210321027,298.31766627691815,22360800
2023-05-04,297.14044189453125,299.42681707438953,295.1848569994441,297.9479549880525,22519900
2023-05-05,302.23858642578125,303.5228521768905,296.03133165334634,297.442082171176,28197100
2023-05-08,300.2927551269531,301.8008039789724,297.80207398264633,301.7326922255804,21318600
2023-05-09,298.68743896484375,301.6451339704267,298.0161195443124,299.6603622188009,21340800
2023-05-10,303.8536376953125,304.52495706862396,299.33928955394174,300.2635487654328,30078000
2023-05-11,301.7131652832031,302.6958271056149,297.9674351385275,301.7034562423544,31680200
2023-05-12,300.60406494140625,302.2385686971637,298.29824184109515,302.14127044452766,19774700
2023-05-15,301.08087158203125,301.5089602597757,299.26150954725045,300.7306334045674,16336500
2023-05-16,303.299072265625,305.21573217875385,301.4407853698495,301.4407853698495,26730300
2023-05-17,306.16571044921875,306.5849748220485,302.98703781876026,304.49838322404014,24315000
2023-05-18,310.57293701171875,311.07998209113083,305.89270858681226,306.68249676156313,27276000
2023-05-19,310.3973693847656,310.7971433987786,308.476519967082,308.8372836549044,27546700
2023-05-22,313.1665954589844,314.54141972113337,310.0757031921086,310.6509792014614,24115700
2023-05-23,307.394287109375,314.66815212283035,307.3845270869392,312.04526511786804,30797200
2023-05-24,306.0194396972656,308.6033161721185,304.8103574976606,306.8774884337067,23384900
2023-05-25,317.78826904296875,318.74379887860135,312.01596067772016,315.17511275761063,43301700
2023-05-26,324.58441162109375,325.0816668912498,315.7992015223041,315.935693050292,36630600
2023-05-30,322.9463195800781,327.3632951279749,322.2735326633113,326.866039835357,29503100
2023-05-31,320.1966857910156,327.5583014347169,319.16310540886235,323.9993748636306,45950600
2023-06-01,324.2821044921875,325.2084138620462,316.61822604492374,317.7980281716673,26773900
2023-06-02,327.03173828125,329.07934907114736,324.2528400489723,325.9104368208326,25873800
2023-06-05,327.55828857421875,330.1129147289543,326.31022580563945,326.8562514071327,21307100
2023-06-06,325.3546447753906,327.0024814933911,323.8823396547661,326.9634711655118,20396200
2023-06-07,315.3116455078125,326.14443575419256,314.4535968237107,323.37529757305805,40717100
2023-06-08,317.1448059082031,318.4903798108397,315.28245664141156,315.85773263123184,23277700
2023-06-09,318.63665771484375,321.7568004475304,316.3160335177299,316.881549531298,22529000
2023-06-12,323.5703430175781,323.81410551348466,317.0472562466259,320.3819105271756,24260300
2023-06-13,325.9494934082031,328.5723804542734,322.1468041193806,326.12499527780267,22951300
2023-06-14,328.92333984375,330.5809366273575,324.5063648507166,325.99819005349843,26003800
2023-06-15,339.4149475097656,341.11152517053205,328.78690731624766,329.0599201554074,38899100
2023-06-16,333.78887939453125,342.70085137133475,333.41838536086453,342.5545998111812,46552000
2023-06-20,329.6156921386719,333.5451430628632,327.4803299242777,330.8442648527532,26375400
2023-06-21,325.2376708984375,329.30364243212927,323.78485594149885,327.9775589781728,25117800
2023-06-22,331.2342224121094,331.63399647710884,325.0231587622799,325.7836965611128,23556800
2023-06-23,326.6612854003906,329.5279351767741,325.13047930366815,326.0177487407771,23146900
2023-06-26,320.40142822265625,327.7240333118318,320.29415725203825,325.39367934124914,21520600
2023-06-27,326.222412109375,327.7629776694117,321.08388072367944,323.58000578054765,24354100
2023-06-28,327.4705810546875,329.5474425224492,325.48147052492266,326.31026905867196,20259500
2023-06-29,326.6905212402344,327.7240719566855,324.3211566594738,326.35900777987905,16997000
2023-06-30,332.0435791015625,334.17894126353815,328.7869152430103,329.3231809112348,26832800
2023-07-03,329.55712890625,332.3945278816647,328.17257461621756,330.7272007694062,12508700
2023-07-05,329.7131042480469,333.12577875846375,326.3784503898892,326.7294540565752,18172400
2023-07-06,332.75531005859375,334.43239728548525,327.1292821478824,328.88436028376566,28161200
2023-07-07,328.806396484375,333.2623825906087,328.591884271755,330.85400764917136,21214800
2023-07-10,323.55084228515625,326.8660362322845,319.41663962980306,326.25174994494995,32791400
2023-07-11,324.17486572265625,324.55511973893175,318.84134117994995,322.800041689948,26698200
2023-07-12,328.7868957519531,333.12585071299276,327.2950703339859,328.201859758283,29995300
2023-07-13,334.11065673828125,335.16369770913235,330.56146024108614,331.0879956045949,20567200
2023-07-14,336.626220703125,342.66178201390807,335.71943143019837,338.91759393807007,28352700
2023-07-17,337.1041259765625,338.33266902941955,333.6621998626034,337.0553556114686,20363900
2023-07-18,350.52069091796875,357.62881326178683,333.63284869185065,337.20150526147,64738600
2023-07-19,346.2207336425781,353.4166072525743,343.64661716979606,352.72433009882633,39732900
2023-07-20,338.21563720703125,349.03869970926394,336.75306199743676,344.7484850456873,33778400
2023-07-21,335.19293212890625,341.56000752112044,331.35123269865875,340.43870595783125,69405400
2023-07-24,336.4995422363281,338.2644103795848,333.7694137248581,337.22109957992086,26678100
2023-07-25,342.2230529785156,343.11035203179654,336.46050402116185,338.4495845575855,41637700
2023-07-26,329.3426818847656,336.07055179479994,324.79894456768324,332.9211290652646,58383700
2023-07-27,322.46856689453125,332.81383406452954,320.84022015182325,331.9850652931189,39635300
2023-07-28,329.92767333984375,331.52676966933615,324.8574310459994,325.3449560601863,28484900
2023-07-31,327.5388488769531,329.27443689751834,325.0426931980882,328.5138989953868,25446000
2023-08-01,327.9482727050781,330.09339434116555,325.37415649793405,326.82697129555277,18311900
2023-08-02,319.3288879394531,325.3059494426346,318.2173166114524,325.3059494426346,27761300
2023-08-03,318.50982666015625,321.64948875271074,317.8175495134228,317.86629010944046,18253700
2023-08-04,319.6018981933594,326.7782818997198,319.0753628445266,323.5996092744747,23741500
2023-08-07,321.8737487792969,322.8487988022052,319.3483727907042,320.17717126140934,17741500
2023-08-08,317.9150695800781,320.5477167225477,314.9411787114309,318.802368731708,22327600
2023-08-09,314.19036865234375,318.94858760325343,313.03978705069517,318.3245710835293,22373300
2023-08-10,314.8728942871094,320.0699275319088,313.16655676040074,317.8857952635295,20113700
2023-08-11,313.0008239746094,314.3658880842269,311.2457160426732,312.26953644201075,24355500
2023-08-14,315.9552001953125,315.974690482468,312.09398089474894,313.37132372944086,18836100
2023-08-15,313.82958984375,316.9790121676308,312.89355014228914,314.9411611661193,16966300
2023-08-16,313.0674743652344,316.9954936708588,312.48119971164607,313.45831419457073,20698900
2023-08-17,309.6279602050781,314.50375064279973,308.9732805542869,313.2042018447522,21257200
2023-08-18,309.2371826171875,311.0936940527994,304.4199858602723,307.29270464284144,24755000
2023-08-21,314.5135803222656,315.3831966115051,309.78435031765304,310.65396660689254,24040000
2023-08-22,315.080322265625,318.61747186045255,314.1032077999083,318.0507585907704,16084600
2023-08-23,319.51641845703125,321.66608212966844,316.05742502712076,316.40920172771865,21166400
2023-08-24,312.6473083496094,325.35957674760573,312.6375276630827,325.23254709942444,23281400
2023-08-25,315.5884094238281,317.91391657239774,311.5040487015702,314.11295718549064,21684100
2023-08-28,316.29193115234375,318.68584344960186,314.3572339791844,318.207066953983,14808500
2023-08-29,320.8941955566406,321.45115801127633,314.51363868595456,314.51363868595456,19284600
2023-08-30,321.26544189453125,322.26208781651366,318.97899784822044,321.1481929412585,15222100
2023-08-31,320.2590026855469,323.33690686450706,319.30141990622377,321.6660497077852,26411000
2023-09-01,321.1384582519531,324.3922364479654,319.30147820313266,323.7278057381443,14942000
2023-09-05,325.9165344238281,327.18680118433525,321.13845995330405,321.47067530997464,18553900
2023-09-06,325.2618713378906,326.8056990885685,322.6236503266788,325.7504285755841,17535800
2023-09-07,322.35980224609375,325.45723807010125,321.49993683780025,323.7082248346301,18381000
2023-09-08,326.6200866699219,328.46684757747926,321.9201678285516,322.53575479773735,19530100
2023-09-11,330.2060241699219,330.6750497904705,327.75345762157895,329.52203220068384,16583300
2023-09-12,324.1772155761719,329.08234867340195,323.89387388585794,328.13454656577954,17565500
2023-09-13,328.36907958984375,329.141008354495,323.59100543664357,323.7277859536388,16544400
2023-09-14,330.9486999511719,333.059241074138,328.86744125187914,331.38838359380287,20267000
2023-09-15,322.6627197265625,329.6783939916595,322.1057573596053,329.20939816193993,37679800
2023-09-18,321.52923583984375,322.83856545069517,318.8910152474716,320.29806225418173,16834200
2023-09-19,321.1286315917969,321.8517165023023,317.0833936077872,318.7054070395551,16505900
2023-09-20,313.42901611328125,322.0471733986375,313.17498661327795,321.9690173569062,21436500
2023-09-21,312.2174072265625,317.90422099600227,307.7910795608823,311.95359703612553,35560400
2023-09-22,309.75506591796875,314.09345652566765,308.9147319725734,313.96642687422224,21447900
2023-09-25,310.27288818359375,310.3999178157117,307.7910094721355,309.34461765593346,17836000
2023-09-26,304.99652099609375,308.650919524038,302.92501329864484,307.918083681108,26297600
2023-09-27,305.6316223144531,307.1070447852302,302.6025617027996,305.1528159801847,19410100
2023-09-28,306.462158203125,308.26004502387354,302.36804670236813,303.87278132742597,19683600
2023-09-29,308.52386474609375,312.1587314237549,307.77149741019485,310.4780935014134,24147300
2023-10-02,314.4353942871094,314.523360821819,307.96690188868587,309.04173366618016,20570000
2023-10-03,306.2179260253906,314.03484198855955,304.0877937628594,313.48763043750324,21033500
2023-10-04,311.66046142578125,312.7157618822206,306.81398140643597,306.8432936513831,20720100
2023-10-05,312.0512390136719,312.65707498694155,307.6933171593875,311.78742886180316,16965600
2023-10-06,319.7704162597656,321.6562395895237,309.06122270164514,309.305501262054,25673600
2023-10-09,322.2718811035156,322.7408769349448,315.78382712320234,317.3179038998877,19891200
2023-10-10,320.8746337890625,323.5226056424412,320.17111018080624,323.38579530400693,20557100
2023-10-11,324.8124084472656,325.203248275294,321.60747414676473,323.6300784570828,20063200
2023-10-12,323.58123779296875,325.99471177384464,321.1970760539996,323.0047438226922,19313100
2023-10-13,320.22979736328125,326.19017291731376,318.8911252347107,324.7733745557704,21072400
2023-10-16,325.0273742675781,328.44727494049874,323.03405238313746,323.4737360067268,22158000
2023-10-17,324.4605407714844,325.8284946956843,319.9169656786393,322.0470674905477,18338500
2023-10-18,322.5552062988281,327.909803713785,320.78663169696983,324.88074324116036,23153600
2023-10-19,323.7374572753906,329.17020939505096,323.33683690803986,324.54844887426214,25052100
2023-10-20,319.1940002441406,324.3238512632102,318.0019193859901,324.12841643957864,25027700
2023-10-23,321.7832946777344,325.1152580837002,316.96612824184217,318.0213985858915,24374700
2023-10-24,322.9656066894531,324.24562410946174,320.1026687848026,323.7179740081932,31153600
2023-10-25,332.8735656738281,338.2770069491987,329.8933489527061,337.1239893295993,55053800
2023-10-26,320.38604736328125,333.8115893601042,319.45777677753637,332.7465382675552,37828500
2023-10-27,322.2620849609375,329.0139487725961,320.8843501338627,322.867891093588,29856500
2023-10-30,329.5904541015625,331.6814932194884,324.23585648353105,325.77971392594014,22828100
2023-10-31,330.3721618652344,331.24180806391223,327.03044704898707,331.09524685603606,20265300
2023-11-01,338.14996337890625,339.46907368839175,331.8768762591472,332.0136865785613,28158800
2023-11-02,340.3485107421875,340.84681883225545,336.879736569886,339.29321044253436,24348100
2023-11-03,344.7259521484375,346.27959030223104,339.38113512943426,341.62851616542054,23637700
2023-11-06,348.3706359863281,349.35753118619317,345.2634189928444,345.36113640793855,23828300
2023-11-07,352.279052734375,354.16487636600215,349.4454269438777,351.1749086935178,25833900
2023-11-08,354.887939453125,355.54258936078696,352.2985626023582,353.40270657525184,26767800
2023-11-09,352.4354248046875,356.441600143659,352.11296032697913,354.00856480709007,24847300
2023-11-10,361.20989990234375,361.6300519453443,352.8067099465058,353.21708130319655,28042100
2023-11-13,358.2882385253906,360.03728134560396,357.526090619128,359.7930027882229,19986500
2023-11-14,361.796142578125,363.4377174527681,358.9429851939613,362.5192275200011,27683900
2023-11-15,361.9430236816406,365.3306930182784,359.4365063311856,363.5193564786247,26860100
2023-11-16,368.30718994140625,368.48342035388106,362.4423744800686,363.20606948048294,27182300
2023-11-17,362.1192321777344,366.5447423144695,359.3287982048387,365.8006186204478,40157000
2023-11-20,369.55059814453125,370.95070053235196,363.24520725093254,363.46060991672704,52465100
2023-11-21,365.27197265625,368.3561243217149,363.3627202596963,367.8176325584251,28423100
2023-11-22,369.9520568847656,371.8515087359404,367.13225084262217,370.0989155578587,23345300
2023-11-24,369.5408630371094,370.0695841976168,367.29875066400086,369.44294728446835,10176600
2023-11-27,370.6961364746094,372.683733332582,368.336537498751,368.9044009726802,22179200
2023-11-28,374.70068359375,374.994400937648,370.25557188472965,370.44160282909473,20453100
2023-11-29,370.93115234375,376.26721663239306,369.55062106548934,375.7385254123956,28963400
2023-11-30,370.9898681640625,372.1451961390215,367.6217700935787,370.5786340328009,30554400
2023-12-01,366.6818542480469,370.25555453657734,363.54872995472044,368.8848238631299,33040500
2023-12-04,361.424072265625,361.7961042236622,355.31448343294096,361.3848999985792,32063300
2023-12-05,364.73345947265625,365.2817517868028,357.9776914107373,358.7903592232799,23065000
2023-12-06,361.0911560058594,366.35870548187097,360.33726166675575,365.73209860202707,21182100
2023-12-07,363.1962585449219,363.68580733396766,358.6630319776083,360.5331119373255,23118900
2023-12-08,366.40771484375,366.6328881744278,360.53312909562084,361.4828549867559,20154400
2023-12-11,363.5389099121094,363.8326571061726,358.44762055822775,360.7778775179064,27708800
2023-12-12,366.5545349121094,366.59370717928465,362.7164594804309,363.09832185609827,24838300
2023-12-13,366.5447692871094,369.7464376106383,363.0200118977458,368.16027437565873,30955500
2023-12-14,358.2812194824219,365.9475713192963,356.51885554826436,365.50696539591144,43277500
2023-12-15,362.9808349609375,364.6159110894826,358.6238390376856,359.1819317961551,78502300
2023-12-18,364.8606872558594,365.20337736605416,360.9736688806633,361.7275930990288,21802900
2023-12-19,365.4579772949219,365.4579772949219,362.1094503782396,363.7249554315047,20603700
2023-12-20,362.8731384277344,368.1700598934919,362.785023231556,367.161590586535,26316700
2023-12-21,365.7320861816406,366.58389622045354,362.3052449535161,364.7725598810794,17708000
2023-12-22,366.7503662109375,367.33783074743565,364.9194584779402,365.8691843460341,17107500
2023-12-26,366.8287658691406,369.06110753950185,365.6930088958422,367.1616555179138,12673100
2023-12-27,366.2510986328125,367.2203958335403,365.0174259193831,365.8790367110042,14905400
2023-12-28,367.43572998046875,368.59105792655595,366.3391454974242,367.5238451750327,14327000
2023-12-29,368.1799011230469,369.2764857473798,365.6734134446601,368.14072884940924,18730800
2024-01-02,363.1179504394531,368.04281055620135,359.10364399056556,366.04544293017665,25258600
2024-01-03,362.853515625,365.4579183893706,360.80720557006936,361.2967542878905,23083500
2024-01-04,360.2491455078125,365.3012923191343,359.49525117073273,362.92209250603474,20901500
2024-01-05,360.0631103515625,364.2830182415826,358.8392384604967,361.2576105124301,21004600
2024-01-08,366.85809326171875,367.35744261436474,361.2968258961624,361.58074269539895,23134000
2024-01-09,367.93511962890625,368.13092123395006,363.4312643972459,364.23413165308716,20830000
2024-01-10,374.7691650390625,376.1399255368866,368.4540036584579,368.5029465849431,25514200
2024-01-11,376.59033203125,382.5138608324762,372.4291670394017,377.9316910243427,27850800
2024-01-12,380.35009765625,380.55569981393256,376.6099371438589,377.4323756542809,21661200
2024-01-16,382.1124267578125,385.7938434606626,379.51782397721394,385.43158211314164,27202300
2024-01-17,381.32916259765625,381.9557695556543,376.7665639671979,379.87031666196907,22234100
2024-01-18,385.63720703125,385.75469397471676,381.9655906494616,383.53215294829613,23392100
2024-01-19,390.33685302734375,390.33685302734375,385.2749052923237,387.48767542805655,29331100
2024-01-22,388.22198486328125,392.24606151114637,385.3630068278654,391.6585969965062,27016900
2024-01-23,390.56201171875,391.0319893054533,385.69589563777015,387.4778603727062,20525900
2024-01-24,394.1455078125,397.1513444657461,392.07962632176026,393.1468390669837,24867000
2024-01-25,396.4071960449219,398.5024790160312,394.11611150359863,395.8687043772285,21021200
2024-01-26,395.48687744140625,397.68007633393063,394.01823107466254,395.917682766026,17803300
2024-01-29,401.1558837890625,401.41045873539736,395.8785331996652,397.57238286313674,24510200
2024-01-30,400.0494689941406,404.41623575131524,397.9542157503529,403.64277019124665,33477600
2024-01-31,389.2696533203125,406.6388669659615,388.9073919493629,398.4535945955144,47871100
2024-02-01,395.3400573730469,399.4718507500115,393.40143322301293,393.4308049580275,30657700
2024-02-02,402.62451171875,404.0246140998081,395.12462060191353,395.36939499914837,28256700
2024-02-05,397.1709289550781,402.5657662041655,395.5456233801517,401.3320936868834,25352300
2024-02-06,397.0142822265625,399.4424550677267,394.4882235276778,397.39614463854895,18382600
2024-02-07,405.3954162597656,405.6401907001784,398.8844221207242,398.92359439750413,22340500
2024-02-08,405.4541015625,406.8738050650789,403.90714046810643,405.3953580956046,21225300
2024-02-09,411.7594909667969,412.0238664464446,406.41362634312986,406.5702855474464,22032800
2024-02-12,406.5800476074219,411.94548291897434,406.0806983084005,411.76925253567924,21202900
2024-02-13,397.82696533203125,401.4985815288795,394.9582163813525,396.4758057908408,27824900
2024-02-14,401.6720275878906,402.01535139218385,396.8459767481885,400.2791549212446,20401200
2024-02-15,398.79803466796875,401.3189759217452,396.5713838346197,400.34788638470263,21825500
2024-02-16,396.3457946777344,400.49504745207923,395.73763633762957,400.17133095818804,22296500
2024-02-20,395.1000061035156,396.7675320143623,390.41126629664336,395.5413968145009,24307900
2024-02-21,394.5016784667969,394.60959394201785,389.63638185870155,392.53007321174096,18518900
2024-02-22,403.7908630371094,404.9483275530714,400.76967888893086,402.3587454167674,27009900
2024-02-23,402.505859375,407.92046175721333,401.162019956702,407.73411674298126,16295900
2024-02-26,399.7593688964844,404.2911603614398,399.58278265548927,403.6045125913183,16193500
2024-02-27,399.7005310058594,400.524490398334,396.13982903252327,400.2007738907874,14835800
2024-02-28,399.9358825683594,401.48570431449235,397.5817089338175,400.38709194736896,13183100
2024-02-29,405.7428894042969,406.29219561123216,398.17027676875426,400.83834831741547,31947300
2024-03-01,407.56732177734375,407.93025299029875,403.0355310756915,403.4180696743678,17823400
2024-03-04,406.9984436035156,409.38204334564557,404.4480762959748,405.54668869062186,17596000
2024-03-05,394.9626770019531,406.3412180011649,392.991071894389,406.0567462440755,26919200
2024-03-06,394.41339111328125,397.4247865981622,390.784048581795,395.27659515513125,22344100
2024-03-07,401.3287658691406,401.95653150490796,394.5604758378121,398.3664041641416,18718500
2024-03-08,398.4645080566406,402.58433424165736,396.61057729290076,400.1712786506048,18002200
2024-03-11,396.7969665527344,397.9348236347475,393.5992262388283,396.05149669102667,16120800
2024-03-12,407.3515930175781,407.6360648031442,399.02369122398767,399.8378319323999,22457000
2024-03-13,407.1750183105469,410.19620253246603,403.5947092048327,410.1177430442753,17115900
2024-03-14,417.101806640625,419.652174073812,410.0098292271171,412.21687278632703,34157300
2024-03-15,408.4698181152344,414.53182378938754,404.9091164524236,411.28501994441507,45079900
2024-03-18,409.3526611328125,412.6975620459207,405.88023735043,406.341265451297,20106000
2024-03-19,413.3645324707031,413.61957818454806,407.61639479250874,409.8528643144651,19837900
2024-03-20,417.11163330078125,417.82767717758037,412.6288753346162,413.94328882066856,17860100
2024-03-21,421.17254638671875,422.5948752417206,419.004747660182,421.6237557740876,21296200
2024-03-22,420.5545959472656,421.65320840400005,417.93558766825475,421.4962894258474,17648500
2024-03-25,414.78680419921875,419.24995422394994,413.5606690168653,417.1213703760103,18060500
2024-03-26,413.5999450683594,417.8570831519167,413.30568457627095,417.48433323864253,16725600
2024-03-27,413.38409423828125,416.34645586465973,411.0103133950258,416.3366372044591,16705000
2024-03-28,412.6877136230469,413.81575210575176,411.11825446083225,412.9231220201488,21871200
2024-04-01,416.4641418457031,419.7207637863725,414.15900191977937,415.8559836386378,16316000
2024-04-02,413.39398193359375,414.31603809824145,409.86270618972446,412.0893571765106,17912000
2024-04-03,412.4228210449219,415.17917040060684,411.0887704678448,411.7165660182198,16502300
2024-04-04,409.9019470214844,420.4859554910503,409.59786785676073,416.8761903565226,19370900
2024-04-05,417.3960876464844,418.3672072160066,410.3335658710208,411.9913032872843,16554800
2024-04-08,416.48382568359375,419.12247124179834,415.21844567326013,417.0527692258899,14272400
2024-04-09,418.1415710449219,419.5736887198931,413.5705349702072,418.2985199584035,12496900
2024-04-10,415.1792297363281,415.93451830181,411.68719880938414,414.1296507389469,16216600
2024-04-11,419.76007080078125,421.1725811111206,414.2964045264092,417.6903687099733,17966400
2024-04-12,413.8451843261719,417.06256218596104,411.75584496590756,415.9541310748391,19253800
2024-04-15,405.7428894042969,418.6712525249299,405.5368771254888,418.4554515197094,20273500
2024-04-16,406.6648864746094,410.4119627811132,405.8311384974836,406.6550977488978,16765600
2024-04-17,403.9772033691406,410.88280503231437,402.49602250375233,409.2839199801292,15855500
2024-04-18,396.5517578125,404.02630364117994,396.23788993068626,402.7903496970384,21029900
2024-04-19,391.5000915527344,397.738683518828,390.1758594431205,396.31635459832717,30565800
2024-04-22,393.304931640625,395.1588624515417,388.1944084543801,392.441727661041,20286900
2024-04-23,399.78875732421875,400.4067342721825,395.3648518176367,396.5223162949651,15734500
2024-04-24,401.25030517578125,404.5952057239604,399.01383568119996,401.7407592748994,15065300
2024-04-25,391.421630859375,392.25540884693,380.6218216022703,386.507271018032,40586500
2024-04-26,398.5626525878906,405.1151126000372,398.0133463554319,404.30097191316094,29694700
2024-04-29,394.5703125,398.562615947593,391.56873588609426,397.5130370183344,19582100
2024-04-30,381.89697265625,394.4820415046003,381.74005368851095,393.82481984555585,28781400
2024-05-01,387.39990234375,394.05045900742965,382.85829240714,385.11436938308555,23562500
2024-05-02,390.2445068359375,392.29460134045365,387.11540734616494,390.0679505478797,17709400
2024-05-03,398.8961181640625,399.37675358596374,394.18774100881984,394.5997356096934,17446700
2024-05-06,405.644775390625,406.0273140130064,398.6116505989638,400.95603550783153,16996600
2024-05-07,401.52490234375,406.7531590756513,401.27967532834964,406.743340415855,20018200
2024-05-08,402.7020568847656,404.3597941214035,398.9451617518151,400.3773092630151,11792300
2024-05-09,404.4481201171875,404.84047745279514,401.28959417288524,402.7315305808264,14689700
2024-05-10,406.82183837890625,407.4496339664975,403.93796601015913,405.0562156749531,13402300
2024-05-13,405.82135009765625,410.3629599472109,402.9767222457907,410.029454744504,15440200
2024-05-14,408.607177734375,409.5194153106948,403.69281734751206,404.15384546698766,15109300
2024-05-15,415.75115966796875,416.46852499785643,410.0418061194269,410.6608977071615,22239500
2024-05-16,413.6973876953125,418.05067177577746,413.0684896947791,414.49335406459187,17530100
2024-05-17,412.9308776855469,415.5939551336606,410.7886480687753,415.2205329091171,15352200
2024-05-20,417.9720153808594,419.3772369114519,412.71468512121004,412.9308753558347,16272100
2024-05-21,421.60791015625,425.46982504988637,417.4904895481765,419.4361715614018,21453300
2024-05-22,423.0623474121094,424.919622461389,419.7310859592396,422.6398032435963,18073700
2024-05-23,419.603271484375,426.0889486573305,418.05065430726955,425.4698570651074,17211700
2024-05-24,422.7085876464844,423.59299146281916,417.0581916118114,419.7900340603218,11855300
2024-05-28,422.86578369140625,423.35712243524114,419.2102222377172,422.1877338257991,15718000
2024-05-29,421.7356872558594,423.4750155168305,418.31595899186647,418.31595899186647,15517100
2024-05-30,407.48687744140625,416.95003623481153,407.0643033400361,416.95003623481153,28394500
2024-05-31,407.9389343261719,409.5308671519035,397.50290358954135,409.5308671519035,47995300
2024-06-03,406.3568115234375,409.21640680558284,401.8365187640821,408.33200300435846,17484700
2024-06-04,408.8626708984375,409.2262568074665,402.58334672161834,405.28571008638386,14348900
2024-06-05,416.66510009765625,416.7338647316788,409.0886349128657,410.57248754759564,16988000
2024-06-06,417.1662292480469,417.9425528471417,413.29447761268017,416.66508413024746,14861300
2024-06-07,416.5078430175781,418.8957420228007,415.67256118761725,418.81714102196315,13621700
2024-06-10,420.45819091796875,420.66454478320344,416.5471539046789,417.3431202309482,13982900
2024-06-11,425.18487548828125,425.3224647271418,417.8835891699695,418.10961578141064,14551100
2024-06-12,433.4197692871094,435.7192312163597,425.74505981738713,427.7792095971262,22366200
2024-06-13,433.9307556152344,435.7094296372952,431.7590465451533,433.2134201697404,15960600
2024-06-14,434.9035949707031,435.4637283515464,429.15492551069684,430.68790003484014,13582000
2024-06-17,440.6031188964844,443.1286073434569,433.0856417971322,434.92324397820295,20790000
2024-06-18,438.6082763671875,442.34246889984814,437.18341197055486,441.9198947788086,17112500
2024-06-20,437.9794006347656,438.7950098147065,433.62611625090886,438.5689831798124,19877400
2024-06-21,441.9886779785156,442.774807970896,438.77533339876635,439.63025801243765,34187100
2024-06-24,439.9152526855469,444.9072412251996,438.677069430459,442.00833058442447,15913700
2024-06-25,443.138427734375,443.60028735592437,439.01117026568124,440.4851865060809,16413400
2024-06-26,444.3274230957031,445.7424809709231,440.42619256271684,441.22215886891127,16507000
2024-06-27,445.0054931640625,448.267989524247,443.9441847148766,444.3470860716105,14806300
2024-06-28,439.20770263671875,447.49166642517747,438.6770484115445,445.22168389223947,28362300
2024-07-01,448.81829833984375,449.447196335744,437.94005138791704,440.88808384173325,17662800
2024-07-02,451.32415771484375,451.62878536550966,445.26102385148636,445.3494912239479,13979800
2024-07-03,452.78826904296875,453.0339384006955,449.94834686189404,450.2529744663604,9932800
2024-07-05,459.4606628417969,460.2369864186551,451.0194672052492,451.6483651745115,16000300
2024-07-08,458.1635437011719,459.598274429734,456.4143789671548,458.46817132419625,12962300
2024-07-09,451.57965087890625,459.23468742094946,450.0663190511327,458.9104170237532,17207200
2024-07-10,458.17333984375,458.3796937017914,450.9113394298758,453.23047369871955,18196100
2024-07-11,446.8234558105469,456.72883147324404,443.7279978013262,454.96002402992053,23111200
2024-07-12,445.6933898925781,448.4547114032981,442.8436310012122,446.45987718044813,16324300
2024-07-15,446.09625244140625,449.33910606074033,443.61007966105154,445.4476817175394,14429400
2024-07-16,441.7331848144531,446.43038212668165,438.92274152217504,446.3517811207802,17175700
2024-07-17,435.8370666503906,437.14404437719276,431.5722503624344,434.92318387202874,21778000
2024-07-18,432.7417297363281,436.94758866304596,426.87514326717604,436.6429610062861,20794800
2024-07-19,429.5381164550781,433.4983352820313,424.51664918921864,425.5976003585523,20940400
2024-07-22,435.2671813964844,436.898429671943,431.306992206013,434.1371082507153,15808800
2024-07-23,437.1440734863281,440.6227600869156,435.4243879336588,436.21051790501895,13107100
2024-07-24,421.47039794921875,433.83249840274334,420.18309274942834,432.82034171919196,26805800
2024-07-25,411.1522216796875,422.35473813773996,410.2776543804513,421.37206072933304,29943800
2024-07-26,417.90325927734375,421.490056226304,410.0418390958428,410.95575198353527,23583800
2024-07-29,419.3379821777344,424.66407745687695,417.34314804369717,424.10394408211863,15125800
2024-07-30,415.593994140625,421.6177822082065,410.13027948455533,420.31083428857175,32687600
2024-07-31,411.1031188964844,414.47369536650564,405.0694649339739,413.21586942488864,42891400
2024-08-01,409.88458251953125,420.05530026736574,405.9342299111822,413.5008583778063,30296400
2024-08-02,401.4139099121094,407.81114983489476,397.3358044115477,405.3446197900361,29437900
2024-08-05,388.30499267578125,394.09297731515574,378.9007621776494,382.42860065253456,40709200
2024-08-06,392.6877746582031,398.64282840268,391.59701693545804,393.07103331037194,24946500
2024-08-07,391.5281677246094,402.9763539760022,390.58480577308114,401.56132604317764,20650900
2024-08-08,395.71441650390625,398.82948747665125,393.01205329948556,395.4687471216862,20203000
2024-08-09,398.9866638183594,400.98149772413467,395.29181721770595,397.03114540515713,19276700
2024-08-12,399.7630615234375,401.6792947885224,397.23757296063644,400.0087309169643,16762900
2024-08-13,406.8382873535156,407.7620065253935,402.47519721922214,402.49483997156227,19414300
2024-08-14,409.6389465332031,410.48406481515934,405.3053649551057,407.61463319199424,18267000
2024-08-15,414.4824523925781,414.5611950729744,411.1648649409175,413.2715696251715,20752100
2024-08-16,411.9622802734375,414.787643452163,410.81046198721873,414.0591609720714,22775600
2024-08-19,414.974609375,415.19118926465836,409.9834478562735,412.44456931012445,15234000
2024-08-20,418.19378662109375,419.23729981689326,415.082955234779,415.14201975205145,16387600
2024-08-21,417.5440979003906,419.76893159636126,415.1617187597954,417.48500333716095,16067300
2024-08-22,409.087646484375,420.1528703345148,408.16226230018384,417.7606371537281,19361900
2024-08-23,410.3083190917969,412.7399082092029,405.68139889495615,410.4953667195193,18493800
2024-08-26,407.0596618652344,410.7907306533513,404.94310328054127,409.89487877847426,13152800
2024-08-27,407.4042663574219,407.9161688910183,403.8700989564779,406.43949576869113,13492900
2024-08-28,404.2146301269531,408.5461982686738,400.97578558888256,408.4280692350888,14882700
2024-08-29,406.6954650878906,415.4865852646763,404.2146650393698,408.48716903331825,17045200
2024-08-30,410.6529846191406,410.9975176628722,405.72088654420793,409.1369250633482,24308300
2024-09-03,403.07269287109375,413.35034007836833,400.7001678121759,411.4109748667296,20313600
2024-09-04,402.5410461425781,404.8446523736478,398.0814949690352,399.59755429893164,15135800
2024-09-05,402.03900146484375,406.67574622741506,399.8141378862011,401.28095677141835,14195500
2024-09-06,395.4530334472656,404.26383081056673,394.5670056307313,402.6985610672717,19609500
2024-09-09,399.4105529785156,402.2949806412775,395.8960636873458,400.9069042814964,15295100
2024-09-10,407.7586669921875,409.85551750473985,401.3597503882825,401.8519747424291,19594300
2024-09-11,416.4611511230469,417.3963592828998,403.21045111442425,409.03840014283475,19266900
2024-09-12,420.3595886230469,420.7238298297295,413.2223356546228,416.72697057085117,17395700
2024-09-13,423.89373779296875,425.1144444971336,418.84351144501346,419.2077526362247,15874600
2024-09-16,424.632080078125,426.7880250402565,421.5606050753592,423.9035976857479,13834700
2024-09-17,428.3828430175781,434.9786612819886,425.54762597309116,433.3838592052121,18874200
2024-09-18,424.1103210449219,429.249144206207,423.7165475930165,428.235163297131,18898000
2024-09-19,431.8677978515625,434.63409626466625,430.1056262859268,434.36830593406904,21706600
2024-09-20,428.5009460449219,432.409208323067,427.4672869965637,430.4206328981448,55167100
2024-09-23,426.7683410644531,429.6724465370328,423.6968661035608,427.52635570448473,15128900
2024-09-24,422.495849609375,426.61083784634445,419.4735849772464,426.2662748026867,17015800
2024-09-25,425.39013671875,426.3844395741606,421.90520976014716,423.14559476109406,13396400
2024-09-26,424.6025390625,428.53047950890726,422.45644824495844,428.3237537072511,14492000
2024-09-27,421.36370849609375,425.1341637224931,420.8222737453315,424.80927883764434,14896100
2024-09-30,423.6082458496094,423.7264049247719,418.7549211722127,421.5507517579481,16807300
2024-10-01,414.147705078125,421.81656847562806,412.2969368087723,421.78703621784,19092900
2024-10-02,410.6430358886719,416.2445506428297,410.22955427128664,416.00826255732983,16582300
2024-10-03,410.062255859375,413.02542591560956,407.84724636027164,411.1353013004486,13686400
2024-10-04,409.5896911621094,413.2223089798081,408.5166457695598,411.7357819472086,19169700
2024-10-07,403.1711120605469,410.6233655735784,402.6395013728588,409.5306419831522,20919800
2024-10-08,408.2607116699219,409.19594995144206,401.82243880752753,404.5099645290717,19229300
2024-10-09,410.9679260253906,413.84252930935924,407.8570646785986,409.3928021729279,14974300
2024-10-10,409.3731689453125,410.8596961873674,406.7249993762307,408.7726696220669,13848400
2024-10-11,409.84564208984375,410.64304304020095,406.823377723781,409.6684485548725,14144900
2024-10-14,412.6217956542969,417.4455877275933,411.0269637053987,411.2730758524341,16653100
2024-10-15,412.22802734375,415.9098858066577,408.80216519233556,415.61453317923247,18900200
2024-10-16,409.64874267578125,409.8850007237477,404.09646824766287,408.71353454058965,15508900
2024-10-17,410.23944091796875,415.9295528895068,409.12700914123224,415.79171565844746,14820000
2024-10-18,411.6571044921875,413.12392355721715,409.78665782313783,410.65297755440105,17145300
2024-10-21,412.2674255371094,412.44461909285747,407.31564977599334,409.6487883889798,14206100
2024-10-22,420.86163330078125,423.8838676895073,411.5389037972299,411.9818876442807,25482200
2024-10-23,417.99688720703125,424.3760949935698,415.95907136722593,424.1595150969288,19654400
2024-10-24,418.1248779296875,419.3554387186423,415.8310957950025,418.71552307399537,13581600
2024-10-25,421.4916687011719,425.79370434385993,419.9362531076575,420.1233007480341,16899100
2024-10-28,419.9559631347656,425.2227696357769,419.670464602579,424.9471252042487,14882400
2024-10-29,425.23260498046875,426.43363353122214,419.17822176857095,421.3440208086144,17644100
2024-10-30,425.8035888671875,431.68074872313076,425.3802831426112,430.6372355196224,29749100
2024-10-31,400.0307312011719,409.6881704469,399.9814907408766,408.9005934690843,53971000
2024-11-01,403.98822021484375,409.0384470027673,401.162857168779,402.6493843637014,24230400
2024-11-04,402.1079406738281,404.0374819155361,399.2628993191041,403.4270984352044,19672300
2024-11-05,405.06121826171875,408.4477238969609,401.7337771398714,402.0192756499378,17626000
2024-11-06,413.6455993652344,413.91141971077946,404.1358224259815,406.00629877245973,26681800
2024-11-07,418.8139953613281,420.2119257079772,413.35031719618456,414.7285393416903,19901800
2024-11-08,415.968994140625,419.8674028807744,415.2208034572557,418.70576053564287,16891400
2024-11-11,411.5094299316406,418.20366938728347,409.5306783384117,415.94927334689254,24503300
2024-11-12,416.4513854980469,417.83946194732283,410.7120620636308,411.7457213133286,19401200
2024-11-13,418.5875549316406,422.65330239599416,411.7062388180916,415.0829203341967,21502200
2024-11-14,420.2513122558594,421.51140536702854,413.4684464166278,418.39068982634956,30246900
2024-11-15,408.5461730957031,416.22486023548765,407.207337406915,413.29122260558944,28247600
2024-11-18,409.2944030761719,411.8933320342017,405.6913172118432,408.4182293083614,24727000
2024-11-19,411.2928466796875,411.4405079817959,405.1498661250552,406.68560375296545,18133500
2024-11-20,409.0285339355469,410.800559418531,404.19488776660336,410.3870777929387,19191700
2024-11-21,407.26287841796875,414.0790385036892,404.71793020151534,413.80284233986384,20780200
2024-11-22,411.3368225097656,411.73138418459337,405.4774898240383,405.7832773797643,24814600
2024-11-25,413.10247802734375,415.36135617252853,409.2159842267064,412.69804256956826,27691100
2024-11-26,422.17755126953125,423.21330950979313,413.161695275106,413.891635863064,23458900
2024-11-27,417.2454528808594,421.42789081016514,416.28862504102557,419.33665679394954,18332400
2024-11-29,417.70904541015625,419.1097738504757,412.1259094010287,414.38481768654003,16271900
2024-12-02,425.1269226074219,427.11947839003886,415.5882364843767,415.8447150882336,20207200
2024-12-03,425.34393310546875,426.5966745404958,421.93090130394285,424.0023874596203,18302000
2024-12-04,431.4794921875,433.698935348809,426.754535872994,427.1490975254907,26009400
2024-12-05,436.6088562011719,438.6211597736825,430.2464705000807,431.97270407918,21697800
2024-12-06,437.5459899902344,440.04162946603964,435.7704172944161,436.29321828806303,18821000
2024-12-09,439.9626770019531,442.2413029263077,434.51765390142566,436.5891402244184,19144400
2024-12-10,437.3091735839844,443.5137582543868,435.60268777878343,438.35480554213524,18469500
2024-12-11,442.8923645019531,444.23391032066826,438.0194510528632,438.0194510528632,19200200
2024-12-12,443.4546203613281,449.96499320791463,443.01071967285327,443.01071967285327,20834800
2024-12-13,441.19573974609375,445.2992475559922,439.5286887575998,442.34986354702323,20177800
2024-12-16,445.45703125,446.039014950384,439.23272866925197,441.19569319284585,23598800
2024-12-17,448.2880859375,449.1068307764244,443.4645114369834,444.8849575716068,22733500
2024-12-18,431.4499206542969,446.50265760588917,431.08492025325205,445.1907332778121,24444500
2024-12-19,431.09478759765625,437.1612597390131,430.39443838506674,435.6224481744677,22963700
2024-12-20,430.6706237792969,437.7136411325363,422.80886164173944,427.22800034083093,64263700
2024-12-23,429.3389892578125,431.70638949616176,426.9518413679703,430.80874434392524,19152500
2024-12-24,433.363525390625,433.6298778354008,428.2933464556966,428.74709084992185,7164500
2024-12-26,432.1600646972656,434.95164765481866,430.7001836707867,433.11689244443306,8194200
2024-12-27,424.6830139160156,429.3093219032342,420.55978930279264,428.69774687773787,18117700
2024-12-30,419.06048583984375,421.7435474622816,416.17028459927946,420.2737923808389,13158700
2024-12-31,415.77569580078125,420.9346790911402,414.94710727917607,420.313230174155,13246500
2025-01-02,412.8953552246094,420.2836558558519,409.21603069875914,419.7509810335182,16896500
2025-01-03,417.6005554199219,418.2713132207811,413.8423008464514,415.36136467137544,16662900
2025-01-06,422.0394592285156,428.4215926337743,419.7016505493917,422.1874160873605,20573600
2025-01-07,416.6339111328125,424.8014616583564,415.085225621156,423.1738758487943,18139100
2025-01-08,418.7941589355469,421.1714329663283,415.81518360520914,417.7090917280971,15054600
2025-01-10,413.2603454589844,418.9420997125399,409.383695034764,418.8631994200863,20201100
2025-01-13,411.5242614746094,412.81646832203865,406.69081302742603,409.6007318390263,17604800
2025-01-14,410.0248718261719,414.03957499111027,405.14208486737954,412.1357932076061,16935900
2025-01-15,420.5203857421875,422.3353935398116,412.5895665870108,413.43790279096226,19637800
2025-01-16,418.8138427734375,423.6571645662551,418.6264508238549,422.8779150872359,15300000
2025-01-17,423.2033996582031,428.579395977241,422.35509365285844,428.1946780656617,26197500
2025-01-21,422.6806335449219,425.0480336398343,419.82002384260585,424.3575582513444,26085700
2025-01-22,440.1402893066406,441.1957350447454,430.0788007344463,431.61761238386987,27803800
2025-01-23,440.643310546875,440.68277574358376,435.50407496539947,435.9972845633218,18389300
2025-01-24,438.0293273925781,440.5841496239721,435.40544858930485,439.11439458237174,15549500
2025-01-27,428.6583251953125,429.28964793288844,417.74853125025015,418.2516146753107,35647800
2025-01-28,441.1266784667969,442.29064589853647,425.52151949148305,428.69779052094407,23491700
2025-01-29,436.3228454589844,440.81107143600383,434.4190633922574,440.6236493565717,23581400
2025-01-30,409.3540954589844,417.1172097708342,407.54896156269734,413.0827588425547,54586300
2025-01-31,409.4231872558594,414.97673266362114,409.2752303832896,413.28996411007114,34161900
2025-02-03,405.3393859863281,409.7683985075356,403.1100689884043,406.01014380943144,25679100
2025-02-04,406.7696838378906,408.29865167160733,404.1753965052981,407.0853452090854,20532100
2025-02-05,407.67724609375,408.2098908482498,404.8264798311111,406.7500095317457,16316700
2025-02-06,410.1728515625,412.5205341470821,408.3775613386283,408.3775613386283,16309800
2025-02-07,404.1852722167969,412.96439718513943,402.5576865372201,410.82388435232116,22886800
2025-02-10,406.6217041015625,409.8176925215145,405.33937124502273,408.0914590052598,20817900
2025-02-11,405.85235595703125,406.8880841725034,403.74140422239867,404.0768132724711,18140600
2025-02-12,403.48492431640625,405.17169274595005,398.8783333348811,401.67976029438313,19121700
2025-02-13,404.9645690917969,405.4183135199023,400.84131373042015,401.472636502677,23891700
2025-02-14,402.8832092285156,403.35670130819824,400.3678521686821,402.25191655873215,22758500
2025-02-18,404.0767822265625,405.0237362453633,400.9794114377888,402.4590402622825,21423100
2025-02-19,409.1370544433594,409.84727742582396,402.11375500738893,402.3406422459273,24114200
2025-02-20,411.30169677734375,414.4447923675228,407.75335474991726,410.47144681938056,23508700
2025-02-21,403.4735412597656,413.19936436928833,403.15727713591093,412.49761092708707,27524800
2025-02-24,399.3124694824219,404.62015762933447,394.68677781775386,403.77015051435643,26443700
2025-02-25,393.2831726074219,397.2565479767241,392.0971142682963,396.4460551720573,29387400
2025-02-26,395.09197998046875,398.9170718958632,389.6755530638089,393.3919357776839,19619000
2025-02-27,387.9754943847656,401.0322110218146,387.61968592381214,396.61407498406965,21127400
2025-02-28,392.38372802734375,393.01631660620876,382.0846478468725,388.10398215130573,32845700
2025-03-03,383.9823913574219,394.1925506012372,381.6794393165997,394.1925506012372,23007700
2025-03-04,384.10101318359375,388.02495119005715,376.57932513123166,378.9514723277071,29342900
2025-03-05,396.36700439453125,397.00948665687173,384.29868393839774,384.82253320835395,23433100
2025-03-06,392.2848815917969,397.48382905920323,388.12370869732325,389.70514985658184,23304600
2025-03-07,388.7464599609375,390.2191619837315,381.0666253730808,387.76795648683793,22034100
2025-03-10,375.7490234375,381.9166113327009,372.8431337183802,381.3631114017718,32840100
2025-03-11,376.0357360839844,381.5213286139445,372.53680146387217,374.6025480432253,30380200
2025-03-12,378.82293701171875,380.7503233781215,374.55308456142495,378.5066728711865,24253600
2025-03-13,374.3751525878906,380.8491715851453,373.07049136146827,378.71423026442886,20473000
2025-03-14,384.05157470703125,385.7022111357248,375.10659301872727,375.3734493768336,19952800
2025-03-17,384.18994140625,388.1533930243756,381.09625384575537,382.2131473268013,22474300
2025-03-18,379.070068359375,382.8754034622388,376.6781641211092,382.57889637930924,19486900
2025-03-19,383.3201599121094,385.158563988563,379.54447585576617,381.0567221702146,19185500
2025-03-20,382.35150146484375,387.24407880313566,378.83281046953476,381.26425870483627,18470500
2025-03-21,386.72027587890625,387.19468720298374,378.35841433019584,378.7735544022507,39675900
2025-03-24,388.5191345214844,390.81222312553433,385.28708673252123,390.81222312553433,21004500
2025-03-25,390.57501220703125,391.7610706609813,388.0842623065983,389.34940942223693,15775000
2025-03-26,385.4452209472656,390.72325787798576,384.0614710304359,390.4168571879551,16108400
2025-03-27,386.04815673828125,387.6888996743445,382.9050609496304,385.6033961060126,13766800
2025-03-28,374.40478515625,384.6149434292676,372.55648752516225,383.5771084434194,21632000
2025-03-31,371.034423828125,372.694923815259,362.9789628551185,368.2174858935481,35184700
2025-04-01,377.7554931640625,378.4078388750376,368.89946352111616,370.30297052308924,19689500
2025-04-02,377.7060852050781,380.61194495123306,372.2501138660857,373.584455994143,16092600
2025-04-03,368.78082275390625,373.10014336261634,365.0644702169303,370.4413527847735,30198000
2025-04-04,355.6648254394531,370.24368334469244,355.3090169453245,359.9050576420754,49209900
2025-04-07,353.707763671875,366.6953157485582,340.7894367933375,346.8087713756296,50425000
2025-04-08,350.446044921875,369.3145404099518,346.1860561796805,363.98709615832223,35868900
2025-04-09,385.95916748046875,388.66739600040677,349.00301621371585,349.43791334353114,50199700
2025-04-10,376.9252624511719,379.4456631401157,363.5324628545339,377.627015987976,38024400
2025-04-11,383.94287109375,385.52428234575257,374.4937970946495,376.2234920445777,23839200
2025-04-14,383.3102722167969,390.0709046779098,379.75203666792555,388.6575040815548,19251200
2025-04-15,381.25439453125,387.342923812398,379.7026039659422,384.00213704858294,17199900
2025-04-16,367.2982482910156,377.18221973337427,363.730149078798,376.25315416820064,21967800
2025-04-17,363.5126953125,369.97682098932336,362.6330375516977,369.41342738591277,21120200
2025-04-21,354.95318603515625,360.2510105389955,351.5432339047138,358.6102676210093,20807300
2025-04-22,362.5638122558594,363.5027713530303,355.6845470865514,359.1637239988867,19485000
2025-04-23,370.0460205078125,375.9764033603888,368.69189108581185,371.6966268435602,20545500
2025-04-24,382.8061828613281,383.9428636514652,370.8367085183124,371.3408006891215,22232300
2025-04-25,387.30340576171875,387.60980644654984,380.1375268589871,382.5096738423667,18973200
2025-04-28,386.62139892578125,388.18305301396595,382.1538550582223,387.41210451108003,16579400
2025-04-29,389.4679870605469,390.51568553400665,385.85045019118235,386.75975859738145,14974000
2025-04-30,390.6738586425781,392.0576085897077,379.97939447353656,385.7713871677669,36461100
2025-05-01,420.4641418457031,431.9196612018972,419.96994327038766,426.10788113002934,58938100
2025-05-02,430.2295227050781,434.34125858777406,425.00089318437847,426.73058824697114,30757400
2025-05-05,431.1091613769531,434.40051033348516,427.0962415401901,427.84743296236513,20136100
2025-05-06,428.2823486328125,432.65107712392626,426.1671945058241,427.18524232094876,15104200
2025-05-07,428.3218994140625,433.0365428333408,426.1078693467033,428.80620435216304,23295300
2025-05-08,433.0859680175781,438.5221520354275,430.60508165893515,432.8487322038109,23491300
2025-05-09,433.63946533203125,435.6261229679929,430.8225275981773,434.89471877509555,15324200
2025-05-12,444.0472717285156,444.15598092637396,434.6772567640601,440.7657862582039,22821900
2025-05-13,443.9287109375,445.4409573721911,440.19254074927665,442.5844751269483,23618800
2025-05-14,447.6845397949219,448.6333924695745,442.94024625817593,442.94024625817593,19902800
2025-05-15,448.6946105957031,451.7246558325709,446.0210270484144,446.3576953837484,21992300
2025-05-16,449.82342529296875,449.91254071320964,444.3376746324017,447.6251542704443,23849800
2025-05-19,454.3783874511719,455.0913410046994,446.3873726676465,446.46660651740484,21336500
2025-05-20,453.6852722167969,453.8535912700005,449.87295142774695,451.13050930908776,15441800
2025-05-21,448.1401062011719,453.2991005803846,447.38753565613104,450.12052955644793,19216900
2025-05-22,450.4076232910156,455.74487819469795,449.45702863862556,450.4967689255183,18025600
2025-05-23,445.7734375,449.24908978205974,444.5158796844098,445.57541331723985,16883500
2025-05-27,456.1806335449219,456.43809825868186,451.6553587930952,452.0118507212909,20974300
2025-05-28,452.8831787109375,457.9926743719098,452.45739496057166,456.7054113344306,17086300
2025-05-29,454.1902770996094,457.2005290082406,450.8532686393741,457.0321797296883,13974800
2025-05-30,455.8537902832031,457.16087682654637,451.08099341488645,455.2200705832806,34770500
2025-06-02,457.4480895996094,457.5867035205711,452.41782757710985,452.6653804963421,16626500
2025-06-03,458.4383239746094,459.59688499027794,456.3489615190331,456.9530063856754,15743800
2025-06-04,459.3294677734375,461.1316602074749,458.48778183720145,459.4582001214203,14162700
2025-06-05,463.1022033691406,465.0529216385449,459.4879366863286,460.4088263203011,20131700
2025-06-06,465.7757568359375,468.7067748339504,464.19141216551986,465.4885869985769,15285600
2025-06-09,468.12255859375,468.7958952647425,464.0329796350046,465.10242514198006,16469900
2025-06-10,466.31048583984375,468.172058367284,462.38922592870773,466.57783210788693,15375900
2025-06-11,467.99383544921875,470.81594475736864,465.0628173622344,465.4192790589967,16399200
2025-06-12,474.1826477050781,475.7174938929388,468.88500933710617,470.37032681118086,18950600
2025-06-13,470.3109436035156,474.48963821321644,468.1324959807857,471.7467626653197,16814500
2025-06-16,474.45001220703125,475.98482813726486,470.3505215770748,470.5584575569121,15626100
2025-06-17,473.3608093261719,474.0539393845567,469.4395492382731,470.74663593423935,15414100
2025-06-18,475.5392150878906,476.29178558337986,469.81579317674493,473.3211507460615,17526500
2025-06-20,472.7270202636719,478.7277002496467,472.2022093150259,477.5097592999014,37576200
2025-06-23,481.2428283691406,482.97569863590195,467.8848838113984,473.5290716918197,24864000
2025-06-24,485.3126220703125,487.0356109071577,482.0350238939456,484.1640031375646,22305600
2025-06-25,487.45147705078125,489.71907018583636,484.59969288856837,487.2237477118272,17495100
2025-06-26,492.5807800292969,493.1650012559548,487.9861836300842,488.15453290095326,21578900
2025-06-27,491.0855712890625,494.4126679494895,488.2040517426954,492.6797975508017,34539200
2025-06-30,492.5411376953125,495.8583524786177,490.48148071954876,492.17476425163517,28369000
2025-07-01,487.2336120605469,493.1748817381986,486.1741086010328,491.61036068604886,19945400
2025-07-02,486.2829895019531,488.6694029786285,483.91639959647097,485.193750746375,16319600
2025-07-03,493.9571533203125,495.2345347518064,488.6100166980764,488.9763901568408,13984800
2025-07-07,492.8481140136719,493.8680307430937,490.3824968234557,492.51144569917784,13981600
2025-07-08,491.7589416503906,493.32349309723224,489.2735005525455,492.3728680843929,11846600
2025-07-09,498.58148193359375,501.8194631786975,494.8483646402868,495.40288075164045,18659500
2025-07-10,496.5713806152344,499.50239882384955,492.87788004768845,498.125990037999,16492100
2025-07-11,498.3932800292969,500.0865333029929,492.92729298333927,493.5907480120544,16459500
2025-07-14,498.09625244140625,499.0369655948213,496.1257409313552,496.6109349689791,12058800
2025-07-15,500.8688659667969,503.3245715280963,497.8685258646023,498.0962552049,14927200
2025-07-16,500.6708068847656,501.7600457375481,496.9773367906475,500.2351113436526,15154400
2025-07-17,506.6912841796875,508.3449206172861,500.67078077223215,500.730191050298,17503100
2025-07-18,505.05743408203125,509.6025320949179,502.4630844244223,509.4440643876484,21209700
2025-07-21,505.06732177734375,507.0774803175347,500.60145783110823,501.7501069031347,14066800
2025-07-22,500.32421875,506.19619667447284,500.32421875,505.968437121084,13868600
2025-07-23,500.9183349609375,501.8293429250601,495.79895793496456,501.78972599996087,16396600
2025-07-24,505.87933349609375,508.6420022469781,502.334358860161,503.7899711970312,16107000
2025-07-25,508.6816101074219,513.2167356071609,505.36436506751977,507.4536969863606,19125700
2025-07-28,507.48345947265625,509.9589885432546,505.12675096242896,509.0480107678364,14308000
2025-07-29,507.55279541015625,512.5533521818816,506.5526719682665,510.4838436674275,16469200
2025-07-30,508.2162170410156,510.89971236727115,504.4534248625209,510.12731827097724,26380400
2025-07-31,528.2779541015625,550.0131135040644,526.6936395202101,549.7952354974353,51617300
2025-08-01,518.979736328125,530.5553112156109,515.7615489434008,529.7631541007601,28977600
2025-08-04,530.3969116210938,532.9813491761439,522.9604134562841,523.0990575737549,25349000
2025-08-05,522.584228515625,532.0407382325785,522.0792108748774,531.9219176627233,19171600
2025-08-06,519.8017578125,526.495598904166,518.9006917137275,525.7034415927023,21355700
2025-08-07,515.7418212890625,522.9208551796034,512.483986539974,521.6434435727333,16079100
2025-08-08,516.9300537109375,519.524403327164,514.3257923084495,517.4845698020915,15531000
2025-08-11,516.6627807617188,522.4258201385037,514.6327984158801,517.1875615378566,20194400
2025-08-12,524.0595703125,525.7825288027884,517.5836082950698,518.6233183732385,18667000
2025-08-13,515.484375,527.4857348349631,514.2861971986356,526.9014833945702,19619200
2025-08-14,517.3657836914062,520.8018496782777,515.0487221853349,517.445017549053,20269100
2025-08-15,515.0783081054688,520.9502551513766,513.9990113965767,517.6528943134479,25213300
2025-08-18,512.0383911132812,517.7024328589179,508.9885829187347,516.4844919382945,23760600
2025-08-19,504.7801818847656,510.11740696385556,503.5721224631474,509.9589996924715,21481000
2025-08-20,500.7698669433594,505.9981835608303,499.50239716393804,504.87923949406314,27723000
2025-08-21,500.1251220703125,503.48747238505433,498.6175369804135,499.57962247206007,18443300
2025-08-22,503.0907287597656,506.56216679087737,498.310055406757,500.1350363394598,24324200
2025-08-25,500.1449890136719,504.04291093011733,500.00611695670057,502.4956437530773,21638600
2025-08-26,497.94305419921875,500.85906441774694,494.44186237473224,500.2440985723917,30835700
2025-08-27,502.6047058105469,503.1502356611414,495.82052770460996,497.90339657266526,17277900
2025-08-28,505.4810485839844,506.919197559233,501.3748189208979,502.9518399416591,18015600
2025-08-29,502.55511474609375,505.44137107101903,500.3730559294206,504.5090396010348,20961600
2025-09-02,500.9979553222656,501.87077891116434,492.75577163159113,496.3859077753076,18128000
2025-09-03,501.22607421875,503.64616490840893,498.220801883355,499.6788070917271,16345100
2025-09-04,503.8246765136719,504.0032003466391,499.04400319618804,500.18461248708434,15509500
2025-09-05,490.9605407714844,507.79205789513924,488.35199810583333,504.9157294675595,31994800
2025-09-08,494.1344299316406,497.1099483047291,490.990285532587,494.0451377441344,16771000
2025-09-09,494.34271240234375,498.15137232357364,493.63851485593227,497.33805669614713,14410500
2025-09-10,496.28668212890625,499.1233585890913,492.66647432597284,498.87539873589674,21611800
2025-09-11,496.9215087890625,499.0638857033828,493.8170463660224,498.15138006137016,18881600
2025-09-12,505.7389221191406,508.3672905695674,499.73830564164535,502.51544395369297,23624900
2025-09-15,511.1544189453125,511.26350676755015,502.8626547877709,504.63805606783444,17143800
2025-09-16,504.885986328125,513.0091239663263,504.4495745277025,512.6620043570016,19711900
2025-09-17,505.8579406738281,507.1175961354426,501.80132099339164,506.4530503919847,15816600
2025-09-18,504.3008117675781,508.88310546808697,503.51725007824297,507.31598208941665,18913700
2025-09-19,513.703369140625,515.0621842649809,506.1455578149837,506.39351766303514,52474100
2025-09-22,510.25189208984375,513.5150225661836,508.3574445613838,511.3826037577857,20009300
2025-09-23,505.0744323730469,510.3907077578639,503.17008724169204,509.60711582016205,19799600
2025-09-24,505.9869079589844,508.29788064425674,502.7832857896144,506.215041937542,13533700
2025-09-25,502.8923645019531,505.84805701475193,500.9186136455738,504.15198973027213,15786500
2025-09-26,507.28619384765625,509.74596656687834,502.4856945681329,505.8976246789574,16213100
2025-09-29,510.4005432128906,512.6321819161793,504.7272507672145,507.3258652143003,17617800
2025-09-30,513.7232666015625,513.9315141469417,505.5009089039439,509.05168089535164,19728200
2025-10-01,515.4689331054688,516.262392605391,507.5143608700387,510.5989672146665,22632300
2025-10-02,511.53125,517.3434144406598,506.51254498360566,513.4157691025699,21222900
2025-10-03,513.1281127929688,516.2425031799986,510.7973143114264,512.8801529316524,15112300
2025-10-06,524.256591796875,526.6965386672223,513.9712214168786,514.377848960065,21388600
2025-10-07,519.7039794921875,525.4764919541412,517.1847292577561,523.9788048028778,14615200
2025-10-08,520.56689453125,522.6497936321297,518.8213080060119,519.0097599169904,13363400
2025-10-09,518.136962890625,520.0512058016051,513.1777655449532,518.07745494396,18343600
2025-10-10,506.7902526855469,519.307291372133,505.4711195982234,515.3994417043425,24133800
2025-10-13,509.8550720214844,512.1957986627914,507.50441729945595,512.1957986627914,14284200
2025-10-14,509.3790283203125,511.07509568876407,501.87079590760095,506.0662879637401,14684300
2025-10-15,509.2401428222656,512.9694689959882,505.83814063109804,510.75768630195654,14694700
2025-10-16,507.4349670410156,512.6321960787722,503.9833851231019,508.3970827878481,15559600
2025-10-17,509.3888854980469,511.27334399694297,503.17003321642534,504.88592623971425,19867800
2025-10-20,512.5726928710938,514.4671401409408,509.2401268135401,510.41049011219013,14665600
2025-10-21,513.4356689453125,514.4572928075203,508.85337476268893,513.2770012430817,15586200
2025-10-22,516.2921142578125,520.943843958813,513.4852520447155,516.8971823641815,18962700
2025-10-23,516.3118896484375,519.6742395740552,514.3777908083965,518.1964086283891,14023500
2025-10-24,519.3370971679688,521.0628883153897,516.4607987679614,518.5237814648117,15532400
2025-10-27,527.1825561523438,530.2175826339089,524.6930292943027,527.4404441110845,18734700
2025-10-28,537.6464233398438,549.2013167264516,536.3570441492753,545.511702993095,29986700
2025-10-29,537.1306762695312,541.8121902511471,532.3500025514267,540.4930267482002,36023000
2025-10-30,521.469482421875,530.6042843733296,517.8591725476514,526.150935240438,41023100
2025-10-31,513.5843505859375,525.0004316167937,510.896444053691,524.5640198650095,34006400
2025-11-03,512.810791015625,520.6760707602963,510.3907002836433,515.5680732671589,22374700
2025-11-04,510.13275146484375,511.34276641791416,503.6956934801851,507.5837170627558,20958700
2025-11-05,503.02130126953125,510.6287232020861,502.4460174356622,509.11117977922714,23024300
2025-11-06,493.04339599609375,501.5732213085109,491.7639146320967,501.53353925537283,27406500
2025-11-07,492.76568603515625,495.30479262227396,489.2248119110569,492.89463000746537,24019800
2025-11-10,501.8707275390625,502.71379706788474,494.7294718777327,495.9593732946225,26101500
2025-11-11,504.5289001464844,505.4414057875519,498.2505695472254,500.68055811559174,17980000
2025-11-12,506.96881103515625,507.4944847122113,495.04688194383186,505.20330782589343,26574900
2025-11-13,499.182861328125,509.309533151825,497.1991825232493,506.1455630365654,25273100
2025-11-14,506.0166320800781,507.42505738590404,493.38060745410195,494.16416907736203,28505700
2025-11-17,503.3486022949219,507.94082387806293,500.7896697837805,504.300789978241,19092800
2025-11-18,489.76043701171875,498.87544447228873,482.8076324047851,491.3275301094218,33815100
2025-11-19,483.14483642578125,491.14898819063853,478.88983663624714,486.1005289347495,23245300
2025-11-20,475.41387939453125,490.45844852333465,472.50235794747454,489.60385435710714,26802500
2025-11-21,469.1436462402344,475.9007957312625,465.3179114267742,475.4834301610789,31769200
2025-11-24,471.0118103027344,473.89352206444323,465.0694984877541,472.0055061050608,34421000
2025-11-25,473.98297119140625,476.12935785467323,461.95927573241335,471.08139630740516,28019800
2025-11-26,482.4393310546875,485.23161394332453,478.1664510662567,483.244222260298,25709100
2025-11-28,488.9082946777344,489.5243812398697,483.5820692635899,484.5260924315005,14386700
2025-12-01,483.6715087890625,486.77183499200703,481.59468809959253,485.3608038657598,23964000
2025-12-02,486.91094970703125,490.38888506208144,483.2541563831954,483.6516286444489,19562700
2025-12-03,474.71832275390625,481.18726202656165,472.20427350128017,473.31720798581483,34615100
2025-12-04,477.8087158203125,478.28570075231454,473.48613274494215,476.7355376297969,22318200
2025-12-05,480.1141052246094,480.35258253184975,475.86108806940297,479.4781253050461,22608700
2025-12-08,487.92449951171875,489.19642891935564,481.3263751862239,481.8331697469475,21965900
2025-12-09,488.9181823730469,489.01755801519323,485.42038417588924,486.016607703579,14696100
2025-12-10,475.5430603027344,481.19719183884354,472.084987996716,480.97857754952304,35756200
2025-12-11,480.4221496582031,482.96600869209163,472.86010822118624,473.6252734590456,24669200
2025-12-12,475.5132751464844,479.4085762318817,473.3370788032073,476.79515128743174,21248100
2025-12-15,471.8266296386719,477.6894285774835,469.5411111878212,477.0733420562278,23727700
2025-12-16,473.38677978515625,474.87732355778707,467.911505956298,468.9350114671635,20705600
2025-12-17,473.1184387207031,476.9739832708393,472.0055042784347,473.903466892556,24527200
2025-12-18,480.9289245605469,486.51349034093164,474.87732052138307,475.1754171439269,28573500
2025-12-19,482.856689453125,484.7745151206103,479.44828972039977,484.2875835443981,70836100
2025-12-22,481.86297607421875,485.6489546100234,479.6470235443271,483.05539282771,16963000
2025-12-23,483.7807922363281,484.75459468390824,481.6840783901604,481.922585996358,14683600
2025-12-24,484.9433898925781,486.0762176057581,481.77349801821515,482.6181454723109,5855900
2025-12-26,484.6353759765625,485.0427948985028,482.8964083055729,483.64168016456847,8842200
2025-12-29,484.02923583984375,485.27135560420123,481.1276307272214,481.80333660098637,10893400
2025-12-30,484.4068603515625,486.5929730105466,482.43933166580535,482.8666136001516,13944500
2025-12-31,480.5711364746094,485.0626606980731,480.25314655477007,484.76453377627826,15601600
2026-01-02,469.95849609375,481.6046121327098,467.1960229709088,481.3363251826272,25571600
2026-01-05,469.8690490722656,473.0687506521617,466.54016219074447,471.0714124582114,25250300
2026-01-06,475.4933776855469,475.7219083069673,466.78859294331005,470.81304872472026,23037700
2026-01-07,480.4221496582031,486.61288592496,474.9369593023546,476.73554642416184,25564200
2026-01-08,475.0959167480469,479.6172511411785,472.86010104573086,478.20618966596595,18162600
2026-01-09,476.258544921875,476.7951491709672,469.2231916595613,471.07145138115897,18491000
2026-01-12,474.1717529296875,477.95773148860775,472.68120923483104,473.6649886945649,23519900
2026-01-13,467.7028503417969,472.78062170166186,463.01260460367837,471.68755017526297,28545800
2026-01-14,456.4840087890625,465.24841354789686,454.2879494306214,463.51936213123724,28184300
2026-01-15,453.7811279296875,461.32327541703046,453.02590941718984,461.1940901109254,23225800
2026-01-16,456.9609375,460.26996150673693,453.60227115836847,454.9437362325269,34246700
2026-01-20,451.65460205078125,453.92022725149957,446.44764578645413,448.37541805572727,26130000
2026-01-21,441.31024169921875,449.836168925793,435.9144806057656,449.74673993987386,37980500
2026-01-22,448.2959289550781,449.9851935867555,441.89652570286836,444.79810039972057,25349400
2026-01-23,463.0125732421875,468.1301005814363,447.6897705604439,449.02131930234236,38000200
2026-01-26,467.3152770996094,471.2602507862521,459.0874767807031,462.3766075757791,29291200
2026-01-27,477.5503234863281,479.82589540353166,470.17711748937944,470.7137217228436,29213900
2026-01-28,478.5937194824219,480.69040309270366,474.9865988275796,480.16374552458444,36875400
2026-01-29,430.7671203613281,439.71038237575016,418.365786117595,437.21619626544543,128855300
2026-01-30,427.577392578125,436.8286984461687,423.7616041817895,436.4014165119217,58566800
2026-02-02,420.70098876953125,428.02452201181774,419.58805431821895,427.5276741085398,42219900
2026-02-03,408.61767578125,419.3893355198486,405.98438775489564,419.3496095186449,61424100
2026-02-04,411.578857421875,417.15347618992746,406.66005118226167,408.40896545860215,45012400
2026-02-05,391.188232421875,405.72597626088844,389.84673704915224,404.87141244319446,66289200
2026-02-06,398.61114501953125,399.25704122003975,390.4429643868461,396.6535630940219,53515300
2026-02-09,410.99261474609375,412.2744908996196,398.3428555009064,402.2977759502542,45480500
2026-02-10,410.6646728515625,421.0090502850332,410.0982892644293,416.97464756162884,44857900
2026-02-11,401.8207702636719,413.8345489802859,398.4819668946231,413.5563153661985,42491000
2026-02-12,399.3067321777344,403.6392618034954,395.50089045865866,402.44681466699853,40802400
2026-02-13,398.7900390625,402.98343690196634,395.54063411681335,401.900312028468,34091600
2026-02-17,394.35809326171875,397.99502346077054,392.0427954340728,396.70323107498865,32078800
2026-02-18,397.08087158203125,400.02220283554806,393.82155037537984,395.62013745533494,23223400
2026-02-19,396.8517761230469,402.7976819572589,395.0690225854118,399.07278661262325,28234000
2026-02-20,395.6267395019531,398.5050592846536,393.56508699389525,394.51123443489973,34015200
2026-02-23,382.9182434082031,393.7642745182822,381.55377772275136,393.405742102137,43238300
2026-02-24,387.429931640625,387.78846403174964,380.1693467763097,382.5895619940176,33884700
2026-02-25,398.9831237792969,399.84960746436826,388.5852587696308,388.95376053046306,43625500
2026-02-26,400.0986022949219,405.8453028142193,397.1306190557743,403.0765245044552,34405900
2026-02-27,391.15484619140625,395.2183958601928,388.30640407164015,389.30236795593413,51367200
2026-03-02,396.9413757324219,399.57073485574693,389.0533591512552,391.2743390590049,35474900
2026-03-03,402.2996826171875,405.05852201627056,391.0851500003899,391.5532542396072,38199200
2026-03-04,403.5645751953125,409.3710312257941,398.69429724653685,399.6504140582061,35808000
2026-03-05,409.0224304199219,409.9486695143622,402.7677785996419,402.78771732924594,39001300
2026-03-06,407.30938720703125,411.38287590243635,406.8612216895844,407.54843921074234,31123900
2026-03-09,407.757568359375,408.55432729115563,401.8714182880504,403.2857003455267,30131900
2026-03-10,404.122314453125,408.5443965203919,401.30371964643086,408.37506928692744,31706400
2026-03-11,403.245849609375,407.35918518479474,399.96912002302975,403.9330670994013,25512100
2026-03-12,400.2380065917969,404.4808221962511,400.0886180975,402.9968458288957,27263900
2026-03-13,393.9534912109375,403.16615688192843,392.65875035547907,399.3815063856616,26848000
2026-03-16,398.33575439453125,399.01300251860397,393.1965772756644,396.4633374914087,27733700
2026-03-17,397.7979431152344,402.7677932271478,396.1446394015159,398.6544574759768,26228300
2026-03-18,390.20867919921875,396.3936061005556,389.42185925959103,395.5271224277118,25908500
2026-03-19,387.4498596191406,390.90585551603124,385.4977789148814,388.52551763585893,25138800
2026-03-20,380.3287048339844,385.43800417098345,378.58576812261686,385.2288602760525,50853200
2026-03-23,381.4541931152344,385.64719283721575,380.1395134056624,382.3505545919761,29680100
2026-03-24,371.2355651855469,380.9263046350485,370.34917314154325,380.8167328036651,42733600
2026-03-25,369.5424499511719,375.5381416220395,368.13813722010167,375.39872248264555,31181200
2026-03-26,364.4928894042969,373.2075730440749,363.7160388213271,369.32332012922615,36836600
2026-03-27,355.3300476074219,360.9871459448897,355.07111764854045,360.43934753557875,37883400
2026-03-30,357.5111999511719,363.88536295562653,354.84202394218255,360.43933630538186,44797000
2026-03-31,368.67596435546875,371.3949263066763,361.6046146993887,363.07862179545566,45244400
2026-04-01,367.8791809082031,372.48052926345224,366.7139201659809,371.98254731341393,29417200
2026-04-02,371.9526672363281,372.1319638369453,362.680245817395,365.7278929006101,24099100
2026-04-06,371.3750305175781,372.22160592655575,368.0086676124431,371.9825539180967,16146600
2026-04-07,370.78741455078125,370.9467724245638,365.080530373921,368.8452727581139,21443300
2026-04-08,372.8191223144531,383.44606961738685,369.91092498913014,383.4261612830284,33064800
2026-04-09,371.5642395019531,371.9924966612836,365.5685176937085,370.9965328148009,30435300
2026-04-10,369.37310791015625,374.1238749235223,368.5365019241105,371.47460743717505,28111100
2026-04-13,382.8186340332031,382.98796126737693,369.5225100750242,372.10205289266787,35745800
2026-04-14,391.5233459472656,393.09698589720546,384.95994763093,386.3543213772784,37504500
2026-04-15,409.5602722167969,412.69755239260473,395.1287651714373,396.3936283702306,45063400
2026-04-16,418.56378173828125,419.12151906860663,410.4765600541581,418.16537187855886,41642400
2026-04-17,421.0835876464844,429.83808848207923,418.99205736838906,423.10539315661504,48568200
2026-04-20,416.38262939453125,421.6213787702164,414.6197538627068,419.4501847919345,27582200
2026-04-21,422.4480285644531,425.45582843737157,415.516128706763,418.5438369146158,32048500
2026-04-22,431.1726989746094,431.9495495900464,421.9600330275293,424.4698510786937,29378200
2026-04-23,414.0719909667969,421.9500690544079,409.7495112929088,418.19529609754903,38308000
2026-04-24,422.90618896484375,423.23487407473965,414.12178001797366,415.28707116170386,27457400
2026-04-27,423.1053771972656,425.38611256831246,415.3866572294081,420.6752229306716,30867300
2026-04-28,427.5174865722656,428.1847957314844,420.197146128082,422.8563830057505,30438100
2026-04-29,422.746826171875,425.0973167681131,418.59367375245296,422.8663369761165,38288300
2026-04-30,406.1341552734375,412.74737011555624,396.4035989759817,409.15192465494977,70909400
2026-05-01,412.76727294921875,415.4264794885345,408.7834174283456,411.1338775963461,31372400
2026-05-04,411.9505615234375,419.0816663151199,409.14193618030583,409.87897009526375,28066500
2026-05-05,409.7196044921875,415.09780308537887,407.1500007946646,413.6437044066962,25700900
2026-05-06,412.2891845703125,416.73120520087787,403.4748984673602,406.3532485673598,30285900
2026-05-07,419.07171630859375,426.25263786097554,417.06984955189336,418.41437649189606,34942400
2026-05-08,413.44451904296875,416.9403619714099,412.32904436576047,415.70537649227293,33383800
2026-05-11,410.99444580078125,411.02432350049145,403.86334099070683,406.22377045102496,35657900
2026-05-12,406.1241760253906,413.8229876767416,404.9987623844293,412.8071154720842,38594200
2026-05-13,403.57452392578125,404.6700902960666,399.41140211310335,401.57265715241186,29667100
2026-05-14,407.7774658203125,410.17774231087935,399.2619871856725,402.8474630718804,27077500
2026-05-15,420.2170715332031,426.4418454559798,411.2434277199191,412.5979239362014,50771200
2026-05-18,421.83056640625,423.40417602339767,413.9325494355234,414.93848271907115,32564100
2026-05-19,415.7352600097656,430.9535870211983,414.808990493047,428.16486989475214,33018700
2026-05-20,419.36053466796875,420.3963455784958,409.63991780241736,412.49835957243755,27864000
2026-05-21,418.3025207519531,425.5388979071037,414.92886694253497,423.9518891931334,31393500
2026-05-22,417.7835388183594,423.60257118762803,415.54772693408205,418.7517174636334,22390300
2026-05-26,415.248291015625,418.9812539216563,412.24393696715845,415.6475333356961,30398000
2026-05-27,411.8946228027344,415.15846763645,408.8104019854481,410.23773822181624,28901500
2026-05-28,426.18768310546875,428.68298564682067,411.89461329838434,412.2040283766931,47250500
2026-05-29,449.3940124511719,449.48383969057267,431.54760317786213,431.7372486144539,79654400
2026-06-01,459.6546936035156,465.4438139523178,457.40892124774234,463.96658383705716,53628900
2026-06-02,440.48077392578125,452.64787129328397,439.6024225764256,446.0403151791343,37036800
2026-06-03,426.53704833984375,439.56254639446627,423.45285793258154,437.62618910935214,39037000
2026-06-04,427.2456970214844,435.33048350032107,425.60879436274143,434.9911260035114,26899500
2026-06-05,415.8870849609375,428.66302140752947,413.6213308264138,427.5351398188391,34782200
2026-06-08,410.9663391113281,416.37616844333525,407.79232157753756,413.3618539280056,32086700
2026-06-09,402.6520080566406,411.20591258759293,397.7312786929967,408.26144336727174,35317300
2026-06-10,396.61334228515625,404.2789346443135,396.41373636313654,397.80110870103243,32576000
2026-06-11,389.6065673828125,396.1043451719433,383.278483574852,394.46741202742857,47224100
2026-06-12,390.00579833984375,391.003919361718,381.55171206615995,390.6945042817559,34865800
2026-06-15,399.0088806152344,400.99513175706005,392.11186050588947,396.05442037645633,32266400
2026-06-16,393.0899963378906,396.094350419825,389.9559121071713,395.0463355104342,31506800
2026-06-17,378.1980285644531,389.6364865987809,376.6110198431126,389.51671695343225,41987800
2026-06-18,378.6871032714844,380.6534028700893,372.5786075934489,377.11008548581106,59714200
2026-06-22,366.6497802734375,380.9129385065033,366.3802985575179,375.0339909424311,45171100
2026-06-23,373.23736572265625,376.51120135394876,369.9735210485466,371.6802994138851,40647600
2026-06-24,364.7733154296875,378.16811350773463,364.09460041679364,370.87185096853153,44509900
2026-06-25,352.1670227050781,363.5456265920902,348.54386902384044,362.0883479855026,66179000
2026-06-26,372.2691955566406,375.90234020580533,354.762144454129,356.4789138154501,186201600
2026-06-29,367.8774719238281,379.7850483907747,359.2237492715265,376.790685328561,51229900
2026-06-30,372.319091796875,373.44697342275583,366.7595808670141,370.3328407149792,44945700
2026-07-01,383.5579528808594,388.09939143880604,374.18561213385976,380.1144231011508,48065800
2026-07-02,389.7562561035156,391.4630649298244,382.97903650468743,383.7575696594082,42128900
2026-07-06,386.0133056640625,388.418780928489,380.5036887115837,386.31276024010407,34224500
2026-07-07,388.109375,394.8267404517197,387.4905448392632,391.75251064257776,29297500
2026-07-08,382.6197204589844,384.58602015004215,380.6134873969759,383.3084264217563,25908300
2026-07-09,383.6377868652344,383.92725049460796,372.64849496928053,373.74643420118315,31083200
2026-07-10,384.37640380859375,391.1736053926777,380.783162110783,387.07131223677504,24644600
2026-07-13,390.2553405761719,392.91034623109437,383.4281962321871,387.02143811329415,28914900
2026-07-14,384.20672607421875,387.46061042423804,377.93852713765,382.1007052927433,27863900
2026-07-15,394.8866271972656,398.2103568181361,385.6739591427675,387.07132248997675,36253700
2026-07-16,400.3463439941406,405.2271399033625,391.31333055964967,397.56157784187184,37047400
2026-07-17,393.08001708984375,397.64143734197864,388.6583483977542,394.1180409920291,33049800
2026-07-20,401.53411865234375,402.4224305318551,388.91785418191677,390.67455694621333,27915800
2026-07-21,397.00262451171875,400.7156358198418,395.57531880381754,398.0606303262699,24126600
2026-07-22,389.6065673828125,400.246541441447,386.2329133568751,398.8291961465565,28142500
2026-07-23,380.8630065917969,391.04385321150613,376.68090752842744,389.23725659651495,30351800
2026-07-24,380.9828186035156,388.29903252889795,379.9347732203772,386.32274187573427,27659400
2026-07-27,388.368896484375,393.45931979821836,387.2609663085435,389.3470355932277,27856200
2026-07-28,392.61090087890625,399.56780545733704,390.5647345556998,392.4212554523594,32367500
2026-07-29,389.8061828613281,400.4960502148319,388.00954678983055,392.6607942930367,47209000
2026-07-30,450.2524108886719,457.8281459885008,431.6274684759506,437.07720086969465,110160700
2026-07-31,463.8468017578125,465.962813447145,448.4857046349594,449.1544591210436,60846000
2026-08-03,486.73370361328125,490.7261876465455,474.10747895013026,475.2353605631651,66762100
2026-08-04,491.884033203125,498.50158065157444,478.2696778930625,479.99640781848416,50455500
2026-08-05,486.5440673828125,497.3038108374591,484.7674131728324,495.42733843271316,33388900
2026-08-06,498.9207458496094,500.61756372489685,487.60205742358346,487.6319998350186,36441500
2026-08-07,499.0505065917969,504.23075699317457,497.79289485093346,498.2719734340298,28846200
2026-08-10,505.109130859375,512.7647021753171,501.32624359045303,502.4940586092805,31206100
2026-08-11,502.86334228515625,504.38047525067043,498.61133704649393,503.3823542433026,23049800
2026-08-12,491.5047302246094,500.557695253814,490.59643643442394,499.0505227551261,29001500
2026-08-13,495.9463806152344,500.3979918654044,492.0836571155829,492.34314786956145,23039000
2026-08-14,494.4691467285156,499.07050046550256,492.991947114923,495.42733437790497,16217600
2026-08-17,479.44744873046875,491.73431632358415,477.51109147171053,489.21906226283284,29635800
2026-08-18,480.72503662109375,483.36006030134655,476.2534434403709,480.6352093836093,24087600
2026-08-19,483.3999938964844,488.3806080919379,478.4592826108848,479.16797047398614,19961900
2026-08-20,481.1499938964844,484.1600036621094,479.5,483.29998779296875,20020800
2026-08-21,483.239990234375,486.3599853515625,478.5299987792969,479.8800048828125,22510800
2026-08-24,487.30999755859375,490.6099853515625,481.8599853515625,483.2099914550781,17230800
2026-08-25,491.7099914550781,492.44000244140625,484.29998779296875,485.44000244140625,19519000
2026-08-26,496.3699951171875,497.3999938964844,487.30999755859375,487.8500061035156,20758900
2026-08-27,505.05999755859375,506.4800109863281,490.0799865722656,494.8800048828125,28688800
2026-08-28,513.530029296875,517.780029296875,504.8699951171875,505.3299865722656,29207300
2026-08-31,507.2900085449219,512.1900024414062,506.3900146484375,510.3800048828125,27208900
2026-09-01,501.0199890136719,505.9700012207031,496.7799987792969,497.5199890136719,21046900
2026-09-02,496.82000732421875,500.2699890136719,493.80999755859375,499.8500061035156,15336100
2026-09-03,510.1199951171875,515.6500244140625,500.79998779296875,501.6600036621094,24125900
2026-09-04,499.70001220703125,511.0,499.3599853515625,510.0,18101800
2026-09-08,493.95001220703125,495.19000244140625,490.1499938964844,493.010009765625,18882300
2026-09-09,491.6499938964844,494.3900146484375,489.79998779296875,493.07000732421875,12889600
2026-09-10,492.44000244140625,494.5199890136719,486.0,488.32000732421875,16038800
2026-09-11,495.6300048828125,498.9700012207031,492.5799865722656,495.6499938964844,14510500
2026-09-14,505.4100036621094,509.95001220703125,495.3399963378906,497.05999755859375,23091900
2026-09-15,497.1199951171875,505.8999938964844,495.5400085449219,500.05999755859375,17794600
2026-09-16,490.29998779296875,495.9700012207031,487.2300109863281,493.0299987792969,16670300
2026-09-17,497.75,501.4700012207031,493.1700134277344,497.79998779296875,17841600
2026-09-18,493.7799987792969,498.6499938964844,491.1000061035156,497.9700012207031,39544100
